time,pH,pCO2 Air,pCO2 Seawater,Seawater Temperature,Salinity,East Winds,North Winds,Air Temperature,Surface Temperature,Surface Salinity
2017-05-25 00:00,8.040,412.474,410.337,8.264,33.787,0.379,-7.113,11.570,-5.000,0.000
2017-05-25 01:00,8.041,412.283,408.811,8.246,33.792,0.821,-6.823,11.587,-5.000,0.000
2017-05-25 02:00,8.058,412.560,390.908,8.238,33.794,1.303,-6.779,11.419,-5.000,0.000
2017-05-25 03:00,8.070,412.459,376.109,8.260,33.790,0.975,-6.316,11.294,-5.000,0.000
2017-05-25 04:00,8.054,412.364,378.122,8.286,33.784,1.183,-5.785,11.247,-5.000,0.000
2017-05-25 05:00,8.068,410.957,373.084,8.311,33.779,0.234,-5.324,10.885,-5.000,0.000
2017-05-25 06:00,8.062,410.652,385.676,8.324,33.776,1.278,-6.002,10.911,-5.000,0.000
2017-05-25 07:00,8.051,410.569,404.749,8.282,33.784,0.702,-5.623,11.011,-5.000,0.000
2017-05-25 08:00,8.051,410.013,389.928,8.280,33.784,0.599,-5.562,10.951,-5.000,0.000
2017-05-25 09:00,8.068,409.992,386.634,8.304,33.780,-0.328,-4.570,10.952,-5.000,0.000
2017-05-25 10:00,8.073,410.057,376.259,8.239,33.793,-0.529,-3.898,10.934,-5.000,0.000
2017-05-25 11:00,8.052,410.103,401.613,8.184,33.803,-0.838,-4.589,10.802,-5.000,0.000
2017-05-25 12:00,8.048,410.237,385.824,8.102,33.819,-1.451,-5.556,10.643,-5.000,0.000
2017-05-25 13:00,8.074,411.699,399.267,8.113,33.816,-0.645,-5.553,10.770,-5.000,0.000
2017-05-25 14:00,8.041,412.538,403.930,8.149,33.809,-0.849,-4.807,10.894,-5.000,0.000
2017-05-25 15:00,8.063,414.617,385.473,8.206,33.798,-0.859,-4.558,10.851,-5.000,0.000
2017-05-25 16:00,8.068,416.373,372.777,8.154,33.808,-0.334,-4.903,10.762,-5.000,0.000
2017-05-25 17:00,8.093,411.693,350.003,7.771,33.875,0.148,-5.589,11.035,-5.000,0.000
2017-05-25 18:00,8.098,409.390,349.686,7.861,33.859,1.189,-6.186,11.150,-5.000,0.000
2017-05-25 19:00,8.104,408.951,347.089,8.012,33.835,1.747,-6.549,11.227,-5.000,0.000
2017-05-25 20:00,8.108,408.148,345.243,8.068,33.827,1.662,-6.429,11.554,-5.000,0.000
2017-05-25 21:00,8.112,407.416,346.568,8.068,33.829,1.769,-6.854,11.757,-5.000,0.000
2017-05-25 22:00,8.077,406.720,345.746,7.963,33.847,2.015,-7.791,11.892,-5.000,0.000
2017-05-25 23:00,8.094,406.841,355.091,8.053,33.827,1.483,-8.276,11.988,-5.000,0.000
2017-05-26 00:00,8.093,406.745,352.834,8.113,33.818,1.099,-8.190,12.149,-5.000,0.000
2017-05-26 01:00,8.104,406.810,340.475,8.224,33.798,0.966,-7.757,12.230,-5.000,0.000
2017-05-26 02:00,8.115,407.082,336.290,8.208,33.801,0.270,-7.580,12.059,-5.000,0.000
2017-05-26 03:00,8.114,406.888,333.988,8.120,33.816,0.370,-7.240,11.730,-5.000,0.000
2017-05-26 04:00,8.122,406.921,327.881,8.043,33.830,0.572,-6.764,11.564,-5.000,0.000
2017-05-26 05:00,8.109,407.417,338.349,8.106,33.818,0.933,-6.362,11.566,-5.000,0.000
2017-05-26 06:00,8.101,407.117,357.767,8.161,33.809,0.370,-6.284,11.562,-5.000,0.000
2017-05-26 07:00,8.082,407.189,360.057,8.185,33.805,0.357,-4.747,11.500,-5.000,0.000
2017-05-26 08:00,8.079,407.222,366.660,8.227,33.797,0.462,-5.222,11.454,-5.000,0.000
2017-05-26 09:00,8.073,407.557,372.920,8.269,33.790,-0.288,-6.028,11.340,-5.000,0.000
2017-05-26 10:00,8.076,407.376,373.658,8.309,33.783,-1.071,-4.595,11.132,-5.000,0.000
2017-05-26 11:00,8.066,410.905,380.746,8.333,33.778,-0.960,-4.648,10.920,-5.000,0.000
2017-05-26 12:00,8.064,412.870,383.654,8.364,33.771,-1.031,-5.500,10.807,-5.000,0.000
2017-05-26 13:00,8.064,417.827,382.309,8.370,33.770,-1.134,-4.977,10.984,-5.000,0.000
2017-05-26 14:00,8.074,420.632,373.059,8.342,33.776,0.095,-4.319,10.960,-5.000,0.000
2017-05-26 15:00,8.081,425.017,369.478,8.361,33.771,0.230,-5.190,11.086,-5.000,0.000
2017-05-26 16:00,8.085,421.609,371.952,8.350,33.774,0.043,-4.495,11.249,-5.000,0.000
2017-05-26 17:00,8.079,411.212,363.869,8.366,33.771,0.808,-4.052,11.579,-5.000,0.000
2017-05-26 18:00,8.099,410.189,347.841,8.366,33.770,1.376,-5.591,11.586,-5.000,0.000
2017-05-26 19:00,8.122,408.628,336.973,8.348,33.776,2.148,-6.555,10.960,-5.000,0.000
2017-05-26 20:00,8.105,407.940,346.517,8.370,33.771,1.055,-6.788,11.389,-5.000,0.000
2017-05-26 21:00,8.111,408.147,345.514,8.391,33.765,0.618,-7.225,11.671,-5.000,0.000
2017-05-26 22:00,8.110,408.146,343.035,8.428,33.755,0.393,-7.065,11.885,-5.000,0.000
2017-05-26 23:00,8.114,406.616,339.745,8.452,33.750,0.898,-7.906,12.664,-5.000,0.000
2017-05-27 00:00,8.116,406.558,332.285,8.447,33.753,0.664,-8.021,12.851,-5.000,0.000
2017-05-27 01:00,8.121,406.199,331.725,8.424,33.760,0.876,-7.689,12.945,-5.000,0.000
2017-05-27 02:00,8.130,406.660,320.441,8.400,33.766,1.611,-7.778,12.951,-5.000,0.000
2017-05-27 03:00,8.156,406.503,284.607,8.386,33.769,1.554,-7.566,12.614,-5.000,0.000
2017-05-27 04:00,8.150,406.333,291.705,8.385,33.769,0.756,-7.070,12.276,-5.000,0.000
2017-05-27 05:00,8.119,406.537,287.084,8.384,33.768,0.661,-6.864,12.080,-5.000,0.000
2017-05-27 06:00,8.124,406.766,300.293,8.371,33.771,0.232,-5.356,11.902,-5.000,0.000
2017-05-27 07:00,8.125,406.986,322.092,8.317,33.781,0.467,-1.261,11.675,-5.000,0.000
2017-05-27 08:00,8.112,407.032,310.165,8.304,33.784,1.359,0.074,11.905,-5.000,0.000
2017-05-27 09:00,8.124,407.039,306.459,8.326,33.779,0.413,-0.342,11.933,-5.000,0.000
2017-05-27 10:00,8.113,407.832,316.058,8.369,33.770,-0.497,-0.094,11.584,-5.000,0.000
2017-05-27 11:00,8.124,408.244,322.770,8.373,33.767,-0.207,1.082,11.159,-5.000,0.000
2017-05-27 12:00,8.104,409.183,325.491,8.395,33.762,-0.206,1.251,10.916,-5.000,0.000
2017-05-27 13:00,8.120,410.573,314.976,8.395,33.763,-0.205,0.898,10.814,-5.000,0.000
2017-05-27 14:00,8.083,410.601,344.051,8.403,33.762,-0.543,0.986,10.761,-5.000,0.000
2017-05-27 15:00,8.105,409.675,329.223,8.409,33.760,-0.570,0.885,10.877,-5.000,0.000
2017-05-27 16:00,8.108,409.115,311.935,8.441,33.752,-0.035,0.665,11.070,-5.000,0.000
2017-05-27 17:00,8.148,408.584,295.790,8.481,33.741,0.317,0.594,11.287,-5.000,0.000
2017-05-27 18:00,8.139,407.979,297.722,8.504,33.734,0.108,1.003,11.353,-5.000,0.000
2017-05-27 19:00,8.147,407.816,304.493,8.544,33.730,0.009,0.264,11.754,-5.000,0.000
2017-05-27 20:00,8.165,407.528,330.867,8.447,33.754,1.437,-1.301,11.862,-5.000,0.000
2017-05-27 21:00,8.165,408.047,317.070,8.309,33.782,0.600,-1.573,11.949,-5.000,0.000
2017-05-27 22:00,8.145,408.637,314.861,8.311,33.781,0.780,-1.796,11.985,-5.000,0.000
2017-05-27 23:00,8.174,409.144,319.230,8.317,33.779,0.607,-1.685,11.851,-5.000,0.000
2017-05-28 00:00,8.208,409.606,302.458,8.168,33.808,0.390,-1.588,11.910,-5.000,0.000
2017-05-28 01:00,8.172,409.041,309.397,8.179,33.807,1.270,-0.916,11.839,-5.000,0.000
2017-05-28 02:00,8.150,409.343,318.093,8.204,33.794,0.873,0.323,11.679,-5.000,0.000
2017-05-28 03:00,8.145,409.435,314.441,8.232,33.799,0.855,0.613,11.708,-5.000,0.000
2017-05-28 04:00,8.168,409.285,305.170,8.264,33.793,1.499,-0.452,11.669,-5.000,0.000
2017-05-28 05:00,8.142,408.726,293.340,8.279,33.789,0.883,0.456,11.718,-5.000,0.000
2017-05-28 06:00,8.146,408.421,290.128,8.309,33.783,0.722,0.951,11.653,-5.000,0.000
2017-05-28 07:00,8.143,407.828,287.048,8.353,33.773,-0.143,1.944,11.549,-5.000,0.000
2017-05-28 08:00,8.156,407.656,289.945,8.414,33.758,0.896,2.431,11.402,-5.000,0.000
2017-05-28 09:00,8.118,408.033,292.373,8.540,33.735,-0.314,1.700,11.307,-5.000,0.000
2017-05-28 10:00,8.197,407.789,284.896,8.647,33.716,-0.538,2.067,11.311,-5.000,0.000
2017-05-28 11:00,8.165,407.921,297.207,8.704,33.706,-0.465,1.652,11.252,-5.000,0.000
2017-05-28 12:00,8.214,408.021,300.628,8.715,33.704,-1.185,1.206,11.192,-5.000,0.000
2017-05-28 13:00,8.208,408.194,288.409,8.673,33.712,-0.967,1.638,11.196,-5.000,0.000
2017-05-28 14:00,8.155,407.931,263.171,8.632,33.717,-1.180,2.132,11.182,-5.000,0.000
2017-05-28 15:00,8.179,407.893,260.819,8.600,33.723,-0.931,2.533,11.074,-5.000,0.000
2017-05-28 16:00,8.088,408.241,261.679,8.589,33.726,-0.287,2.500,11.055,-5.000,0.000
2017-05-28 17:00,8.108,408.791,257.464,8.581,33.729,-0.182,2.635,11.127,-5.000,0.000
2017-05-28 18:00,8.115,408.588,262.113,8.561,33.733,-0.604,2.353,11.244,-5.000,0.000
2017-05-28 19:00,8.187,408.436,261.142,8.571,33.731,-0.809,2.254,11.353,-5.000,0.000
2017-05-28 20:00,8.205,408.260,262.933,8.590,33.726,0.373,1.430,11.834,-5.000,0.000
2017-05-28 21:00,8.239,408.786,258.658,8.610,33.721,1.611,0.913,11.791,-5.000,0.000
2017-05-28 22:00,8.223,408.825,261.465,8.618,33.720,1.620,0.250,11.830,-5.000,0.000
2017-05-28 23:00,8.164,408.621,270.505,8.620,33.720,1.047,-0.573,11.925,-5.000,0.000
2017-05-29 00:00,8.202,408.494,279.815,8.654,33.714,0.163,-1.027,12.038,-5.000,0.000
2017-05-29 01:00,8.160,408.533,289.796,8.672,33.711,0.966,-0.975,12.150,-5.000,0.000
2017-05-29 02:00,8.146,408.653,288.669,8.645,33.717,0.725,-0.961,12.264,-5.000,0.000
2017-05-29 03:00,8.111,408.855,279.366,8.612,33.724,0.725,-0.940,12.294,-5.000,0.000
2017-05-29 04:00,8.126,409.228,278.301,8.605,33.725,0.704,-2.462,12.586,-5.000,0.000
2017-05-29 05:00,8.111,409.010,274.140,8.707,33.705,0.722,-2.941,12.764,-5.000,0.000
2017-05-29 06:00,8.115,409.133,278.448,8.840,33.678,0.656,-2.343,12.667,-5.000,0.000
2017-05-29 07:00,8.110,409.057,274.349,8.942,33.658,1.089,-2.768,12.487,-5.000,0.000
2017-05-29 08:00,8.128,408.600,273.344,8.933,33.662,0.616,-3.552,12.383,-5.000,0.000
2017-05-29 09:00,8.120,408.605,270.826,8.899,33.666,0.642,-3.849,12.361,-5.000,0.000
2017-05-29 10:00,8.130,408.724,267.407,8.926,33.660,1.173,-5.061,12.305,-5.000,0.000
2017-05-29 11:00,8.135,408.999,268.357,8.961,33.653,0.847,-5.331,12.121,-5.000,0.000
2017-05-29 12:00,8.129,409.000,264.580,8.712,33.705,1.051,-5.304,11.922,-5.000,0.000
2017-05-29 13:00,8.164,408.889,269.883,8.496,33.749,0.926,-5.605,11.867,-5.000,0.000
2017-05-29 14:00,8.174,408.856,279.858,8.489,33.750,0.318,-5.712,11.876,-5.000,0.000
2017-05-29 15:00,8.132,408.561,279.554,8.485,33.749,0.192,-5.075,11.758,-5.000,0.000
2017-05-29 16:00,8.158,408.313,276.279,8.459,33.756,-0.476,-5.165,11.661,-5.000,0.000
2017-05-29 17:00,8.120,408.803,269.142,8.432,33.760,-0.595,-4.261,11.707,-5.000,0.000
2017-05-29 18:00,8.086,408.736,276.680,8.412,33.761,-0.622,-4.542,11.674,-5.000,0.000
2017-05-29 19:00,8.129,408.550,282.006,8.438,33.756,-0.429,-3.814,11.505,-5.000,0.000
2017-05-29 20:00,8.129,408.670,284.560,8.510,33.743,-0.700,-3.085,11.592,-5.000,0.000
2017-05-29 21:00,8.122,408.315,286.552,8.473,33.752,0.619,-3.482,11.713,-5.000,0.000
2017-05-29 22:00,8.123,407.706,290.996,8.266,33.793,1.042,-4.052,11.827,-5.000,0.000
2017-05-29 23:00,8.136,407.386,294.985,8.256,33.796,1.924,-4.273,11.947,-5.000,0.000
2017-05-30 00:00,8.143,407.513,288.849,8.279,33.791,2.436,-4.694,11.734,-5.000,0.000
2017-05-30 01:00,8.138,407.565,284.532,8.324,33.782,1.072,-4.299,11.813,-5.000,0.000
2017-05-30 02:00,8.146,407.654,282.502,8.331,33.781,0.313,-4.187,11.827,-5.000,0.000
2017-05-30 03:00,8.134,407.825,278.546,8.335,33.780,0.526,-2.724,11.997,-5.000,0.000
2017-05-30 04:00,8.143,407.835,274.397,8.354,33.776,-0.672,-2.977,11.672,-5.000,0.000
2017-05-30 05:00,8.135,408.478,276.488,8.375,33.771,0.365,-2.154,11.893,-5.000,0.000
2017-05-30 06:00,8.127,407.886,286.409,8.395,33.767,1.641,-2.717,12.115,-5.000,0.000
2017-05-30 07:00,8.147,407.608,283.976,8.458,33.753,0.795,-2.774,12.026,-5.000,0.000
2017-05-30 08:00,8.172,407.634,272.380,8.565,33.732,1.119,-2.226,12.016,-5.000,0.000
2017-05-30 09:00,8.187,407.494,281.487,8.661,33.713,1.355,-2.350,12.049,-5.000,0.000
2017-05-30 10:00,8.190,407.546,296.403,8.767,33.692,1.626,-2.711,12.080,-5.000,0.000
2017-05-30 11:00,8.158,407.664,303.768,8.719,33.701,2.086,-3.015,12.060,-5.000,0.000
2017-05-30 12:00,8.165,407.747,291.753,8.724,33.700,2.194,-2.219,12.022,-5.000,0.000
2017-05-30 13:00,8.198,407.523,289.903,8.730,33.699,1.648,-1.914,12.157,-5.000,0.000
2017-05-30 14:00,8.125,407.458,278.651,8.718,33.701,2.910,-1.123,11.917,-5.000,0.000
2017-05-30 15:00,8.142,407.654,285.827,8.696,33.706,2.527,-1.647,11.671,-5.000,0.000
2017-05-30 16:00,8.118,407.708,295.345,8.656,33.714,0.426,-1.952,11.353,-5.000,0.000
2017-05-30 17:00,8.145,407.877,284.384,8.664,33.712,0.663,-0.959,11.328,-5.000,0.000
2017-05-30 18:00,8.159,407.667,288.928,8.677,33.709,-0.768,0.980,11.718,-5.000,0.000
2017-05-30 19:00,8.117,407.756,283.650,8.671,33.710,-0.007,3.219,11.365,-5.000,0.000
2017-05-30 20:00,8.108,407.947,280.341,8.677,33.709,-0.627,2.262,11.511,-5.000,0.000
2017-05-30 21:00,8.152,407.851,283.226,8.663,33.711,1.540,2.301,11.825,-5.000,0.000
2017-05-30 22:00,8.068,407.313,277.370,8.631,33.718,1.170,0.925,12.317,-5.000,0.000
2017-05-30 23:00,8.105,406.885,264.788,8.583,33.728,-1.099,0.691,12.891,-5.000,0.000
2017-05-31 00:00,8.132,406.438,256.572,8.610,33.722,-1.003,-0.109,13.459,-5.000,0.000
2017-05-31 01:00,8.088,407.104,253.423,8.674,33.710,1.070,-0.597,13.070,-5.000,0.000
2017-05-31 02:00,8.120,407.791,256.629,8.703,33.704,2.462,-0.861,12.740,-5.000,0.000
2017-05-31 03:00,8.137,408.019,266.698,8.679,33.710,1.965,-1.638,12.414,-5.000,0.000
2017-05-31 04:00,8.202,407.358,276.007,8.648,33.716,1.115,-1.313,12.245,-5.000,0.000
2017-05-31 05:00,8.145,407.529,255.825,8.621,33.721,-0.032,-0.892,12.117,-5.000,0.000
2017-05-31 06:00,8.119,406.791,264.623,8.584,33.728,-1.227,-0.840,11.999,-5.000,0.000
2017-05-31 07:00,8.097,406.231,260.395,8.569,33.732,-1.825,0.512,11.648,-5.000,0.000
2017-05-31 08:00,8.068,406.185,253.135,8.626,33.718,-1.587,1.566,11.463,-5.000,0.000
2017-05-31 09:00,8.049,407.550,257.927,8.729,33.694,-0.323,2.308,11.439,-5.000,0.000
2017-05-31 10:00,8.029,410.923,259.504,8.793,33.682,-0.668,2.492,11.365,-5.000,0.000
2017-05-31 11:00,7.997,414.987,261.619,8.677,33.704,-0.806,2.588,11.155,-5.000,0.000
2017-05-31 12:00,8.082,408.261,256.953,8.665,33.705,-0.960,3.798,11.173,-5.000,0.000
2017-05-31 13:00,8.136,415.908,253.318,8.671,33.704,-1.280,5.085,11.100,-5.000,0.000
2017-05-31 14:00,8.144,409.413,245.268,8.717,33.696,-0.175,5.454,11.053,-5.000,0.000
2017-05-31 15:00,8.120,407.124,244.448,8.731,33.695,-0.446,4.903,11.535,-5.000,0.000
2017-05-31 16:00,8.117,411.343,243.037,8.745,33.689,-0.752,4.566,11.568,-5.000,0.000
2017-05-31 17:00,8.094,412.060,254.296,8.735,33.690,-0.399,5.318,11.815,-5.000,0.000
2017-05-31 18:00,8.069,411.756,263.032,8.717,33.695,0.723,5.631,12.105,-5.000,0.000
2017-05-31 19:00,8.070,408.476,276.657,8.662,33.711,1.056,6.170,12.500,-5.000,0.000
2017-05-31 20:00,8.037,409.224,283.723,8.552,33.733,0.523,5.890,12.614,-5.000,0.000
2017-05-31 21:00,8.094,407.409,269.893,8.639,33.716,1.056,5.487,12.345,-5.000,0.000
2017-05-31 22:00,8.084,407.167,248.681,8.729,33.699,0.579,5.808,12.360,-5.000,0.000
2017-05-31 23:00,8.097,407.103,253.308,8.717,33.702,0.360,6.243,12.573,-5.000,0.000
2017-06-01 00:00,8.191,407.232,255.256,8.766,33.693,-0.289,6.596,12.384,-5.000,0.000
2017-06-01 01:00,8.174,407.155,257.583,8.901,33.668,-0.341,6.781,12.250,-5.000,0.000
2017-06-01 02:00,8.111,407.133,252.960,8.913,33.665,-0.221,6.501,12.359,-5.000,0.000
2017-06-01 03:00,8.094,407.446,260.891,9.034,33.637,0.161,6.819,12.408,-5.000,0.000
2017-06-01 04:00,8.192,407.276,266.305,9.198,33.609,0.435,6.681,12.406,-5.000,0.000
2017-06-01 05:00,8.219,406.846,258.110,9.504,33.571,0.561,6.667,12.459,-5.000,0.000
2017-06-01 06:00,8.183,408.004,257.542,9.407,33.592,-0.069,6.444,12.453,-5.000,0.000
2017-06-01 07:00,8.226,407.326,253.461,9.359,33.594,0.471,6.110,12.449,-5.000,0.000
2017-06-01 08:00,8.223,407.126,255.374,9.457,33.578,-0.135,5.436,12.557,-5.000,0.000
2017-06-01 09:00,8.248,407.263,257.555,9.537,33.566,-0.181,5.367,12.591,-5.000,0.000
2017-06-01 10:00,8.182,406.604,256.796,9.681,33.541,0.109,3.870,12.737,-5.000,0.000
2017-06-01 11:00,8.182,406.606,263.158,10.737,33.335,0.076,4.103,12.674,-5.000,0.000
2017-06-01 12:00,8.189,406.867,261.095,10.301,33.384,1.252,4.685,12.708,-5.000,0.000
2017-06-01 13:00,8.156,406.915,261.445,10.201,33.385,3.011,1.346,12.501,-5.000,0.000
2017-06-01 14:00,8.096,407.246,259.636,11.117,33.116,4.984,1.013,11.991,-5.000,0.000
2017-06-01 15:00,8.259,407.545,254.462,11.579,33.007,3.606,1.038,12.116,-5.000,0.000
2017-06-01 16:00,8.233,407.665,253.095,11.643,32.984,2.077,2.087,12.478,-5.000,0.000
2017-06-01 17:00,8.201,408.031,250.927,10.501,33.309,1.581,3.586,12.905,-5.000,0.000
2017-06-01 18:00,8.213,407.755,254.933,9.611,33.544,1.028,3.056,13.148,-5.000,0.000
2017-06-01 19:00,8.219,407.912,256.361,9.567,33.550,0.204,4.547,13.020,-5.000,0.000
2017-06-01 20:00,8.185,408.507,250.381,9.593,33.545,-0.554,4.638,12.705,-5.000,0.000
2017-06-01 21:00,8.164,408.327,244.118,9.789,33.507,0.224,4.488,12.534,-5.000,0.000
2017-06-01 22:00,8.247,407.802,244.433,10.803,33.211,0.466,3.327,13.049,-5.000,0.000
2017-06-01 23:00,8.215,407.939,244.777,11.180,33.092,0.066,3.863,13.252,-5.000,0.000
2017-06-02 00:00,8.185,408.272,245.568,11.009,33.150,0.719,4.239,13.258,-5.000,0.000
2017-06-02 01:00,8.244,408.377,245.588,10.011,33.442,0.164,3.903,13.220,-5.000,0.000
2017-06-02 02:00,8.179,408.522,247.354,10.523,33.295,-0.283,4.375,13.148,-5.000,0.000
2017-06-02 03:00,8.133,408.565,247.179,11.162,33.087,-0.490,4.174,13.181,-5.000,0.000
2017-06-02 04:00,8.135,408.387,245.622,11.577,32.932,0.303,4.217,13.253,-5.000,0.000
2017-06-02 05:00,8.146,408.442,238.089,11.161,33.074,0.461,4.266,13.268,-5.000,0.000
2017-06-02 06:00,8.197,408.372,240.924,10.847,33.166,0.386,4.778,13.302,-5.000,0.000
2017-06-02 07:00,8.180,408.104,241.392,11.117,33.083,-0.480,5.139,13.201,-5.000,0.000
2017-06-02 08:00,8.194,408.191,242.821,10.994,33.125,0.300,4.947,13.298,-5.000,0.000
2017-06-02 09:00,8.147,408.073,245.436,10.869,33.151,-0.055,5.840,13.192,-5.000,0.000
2017-06-02 10:00,8.134,408.169,246.609,10.884,33.137,-0.140,5.428,13.219,-5.000,0.000
2017-06-02 11:00,8.240,409.712,247.524,10.888,33.140,-0.997,5.547,13.127,-5.000,0.000
2017-06-02 12:00,8.229,409.255,249.106,11.001,33.095,-1.126,5.866,12.993,-5.000,0.000
2017-06-02 13:00,8.231,410.415,248.478,10.611,33.222,-1.699,5.280,13.030,-5.000,0.000
2017-06-02 14:00,8.234,410.815,250.574,10.688,33.192,-1.372,4.598,13.090,-5.000,0.000
2017-06-02 15:00,8.235,418.047,249.582,10.546,33.244,-2.083,3.201,13.153,-5.000,0.000
2017-06-02 16:00,8.212,413.194,249.399,10.908,33.118,-1.153,3.211,13.464,-5.000,0.000
2017-06-02 17:00,8.167,413.386,245.612,10.836,33.134,0.899,4.097,13.562,-5.000,0.000
2017-06-02 18:00,8.170,414.527,248.478,10.683,33.190,1.689,4.013,13.314,-5.000,0.000
2017-06-02 19:00,8.159,411.765,248.749,10.715,33.171,3.212,1.738,13.139,-5.000,0.000
2017-06-02 20:00,8.185,410.900,250.017,10.732,33.160,3.346,0.091,13.337,-5.000,0.000
2017-06-02 21:00,8.144,409.271,249.558,10.812,33.128,3.887,-3.620,13.417,-5.000,0.000
2017-06-02 22:00,8.159,408.770,245.833,10.873,33.106,3.293,-4.800,13.495,-5.000,0.000
2017-06-02 23:00,8.240,408.900,249.044,10.954,33.080,2.203,-5.289,13.774,-5.000,0.000
2017-06-03 00:00,8.227,408.825,265.535,10.990,33.054,1.082,-5.510,13.928,-5.000,0.000
2017-06-03 01:00,8.184,408.629,269.538,10.462,33.252,-0.192,-5.266,13.999,-5.000,0.000
2017-06-03 02:00,8.200,408.596,248.820,9.950,33.423,-0.163,-4.115,13.909,-5.000,0.000
2017-06-03 03:00,8.246,408.754,238.257,10.110,33.359,0.682,-3.631,13.536,-5.000,0.000
2017-06-03 04:00,8.227,408.401,233.798,10.200,33.318,1.205,-2.390,13.483,-5.000,0.000
2017-06-03 05:00,8.208,408.558,223.674,10.548,33.197,0.794,-1.697,13.472,-5.000,0.000
2017-06-03 06:00,8.209,408.586,226.602,10.934,33.053,3.638,-1.263,13.597,-5.000,0.000
2017-06-03 07:00,8.229,408.501,229.138,10.421,33.235,4.186,-1.911,13.547,-5.000,0.000
2017-06-03 08:00,8.211,409.012,230.234,10.004,33.394,4.088,-2.356,13.413,-5.000,0.000
2017-06-03 09:00,8.190,409.160,234.225,10.174,33.331,3.876,-3.375,13.340,-5.000,0.000
2017-06-03 10:00,8.172,408.978,233.906,10.369,33.255,3.591,-3.646,13.270,-5.000,0.000
2017-06-03 11:00,8.039,409.202,235.682,10.462,33.227,3.547,-3.944,13.271,-5.000,0.000
2017-06-03 12:00,8.000,409.030,235.743,10.365,33.273,2.908,-4.075,13.287,-5.000,0.000
2017-06-03 13:00,8.219,409.414,236.091,9.900,33.422,2.819,-4.282,13.430,-5.000,0.000
2017-06-03 14:00,8.252,409.546,237.299,9.606,33.516,1.583,-4.725,13.634,-5.000,0.000
2017-06-03 15:00,8.266,409.576,238.523,9.351,33.572,1.349,-4.013,13.774,-5.000,0.000
2017-06-03 16:00,8.244,409.357,237.490,9.196,33.602,0.429,-4.102,13.870,-5.000,0.000
2017-06-03 17:00,8.222,410.137,236.091,9.172,33.606,-0.320,-5.579,13.816,-5.000,0.000
2017-06-03 18:00,8.199,410.083,243.439,9.230,33.594,0.304,-6.027,13.918,-5.000,0.000
2017-06-03 19:00,8.224,410.251,242.986,9.780,33.445,1.006,-5.876,13.993,-5.000,0.000
2017-06-03 20:00,8.173,410.130,243.111,10.442,33.213,2.390,-6.343,13.865,-5.000,0.000
2017-06-03 21:00,8.161,410.224,245.589,10.141,33.315,1.952,-6.115,13.885,-5.000,0.000
2017-06-03 22:00,8.240,410.242,248.798,9.305,33.552,2.251,-6.174,13.888,-5.000,0.000
2017-06-03 23:00,8.195,410.241,250.241,9.110,33.603,2.262,-6.364,13.868,-5.000,0.000
2017-06-04 00:00,8.176,410.306,252.178,9.144,33.593,2.335,-6.501,13.808,-5.000,0.000
2017-06-04 01:00,8.178,410.076,254.218,9.020,33.625,1.793,-6.734,13.757,-5.000,0.000
2017-06-04 02:00,8.180,410.708,254.974,8.833,33.669,1.470,-7.181,13.706,-5.000,0.000
2017-06-04 03:00,8.172,410.779,263.873,8.805,33.675,1.938,-7.029,13.510,-5.000,0.000
2017-06-04 04:00,8.164,410.909,267.940,8.838,33.668,1.910,-7.097,13.329,-5.000,0.000
2017-06-04 05:00,8.158,410.796,266.640,8.909,33.652,1.215,-7.242,13.172,-5.000,0.000
2017-06-04 06:00,8.165,410.681,271.524,8.998,33.634,1.223,-7.026,13.022,-5.000,0.000
2017-06-04 07:00,8.157,410.528,273.404,9.160,33.596,1.056,-6.737,12.937,-5.000,0.000
2017-06-04 08:00,8.141,410.466,277.643,9.283,33.564,0.604,-6.352,12.853,-5.000,0.000
2017-06-04 09:00,8.103,410.339,276.520,8.973,33.635,0.291,-6.270,12.822,-5.000,0.000
2017-06-04 10:00,8.188,410.147,273.471,8.913,33.645,0.430,-6.186,12.817,-5.000,0.000
2017-06-04 11:00,8.165,409.717,273.930,8.859,33.657,0.550,-5.645,12.818,-5.000,0.000
2017-06-04 12:00,8.152,409.804,273.843,8.873,33.655,2.505,-6.166,12.721,-5.000,0.000
2017-06-04 13:00,8.169,409.936,272.873,8.818,33.668,2.739,-6.234,12.612,-5.000,0.000
2017-06-04 14:00,8.161,409.670,272.458,8.810,33.670,1.058,-5.972,12.731,-5.000,0.000
2017-06-04 15:00,8.196,409.936,267.197,8.802,33.673,0.387,-5.950,12.834,-5.000,0.000
2017-06-04 16:00,8.170,409.870,265.667,8.783,33.677,0.981,-5.845,12.819,-5.000,0.000
2017-06-04 17:00,8.196,412.123,263.319,8.771,33.679,0.744,-6.022,12.817,-5.000,0.000
2017-06-04 18:00,8.193,412.406,272.217,8.745,33.685,0.490,-5.380,12.902,-5.000,0.000
2017-06-04 19:00,8.118,412.577,271.851,8.732,33.687,0.831,-5.636,12.913,-5.000,0.000
2017-06-04 20:00,8.120,412.811,274.974,8.775,33.679,1.258,-5.733,12.962,-5.000,0.000
2017-06-04 21:00,8.189,412.885,275.394,8.865,33.660,1.750,-6.148,13.022,-5.000,0.000
2017-06-04 22:00,8.189,412.753,277.654,8.860,33.661,2.101,-6.296,13.146,-5.000,0.000
2017-06-04 23:00,8.116,412.661,272.775,8.760,33.681,1.720,-6.511,13.227,-5.000,0.000
2017-06-05 00:00,8.137,412.494,269.457,8.641,33.707,1.839,-6.859,13.321,-5.000,0.000
2017-06-05 01:00,8.156,412.917,263.865,8.633,33.709,1.674,-7.054,13.430,-5.000,0.000
2017-06-05 02:00,8.209,412.665,260.273,8.637,33.708,1.449,-7.390,13.427,-5.000,0.000
2017-06-05 03:00,8.223,412.742,256.637,8.627,33.711,0.999,-7.748,13.200,-5.000,0.000
2017-06-05 04:00,8.181,413.029,263.926,8.641,33.707,1.094,-7.720,13.020,-5.000,0.000
2017-06-05 05:00,8.184,412.353,281.334,8.658,33.704,0.204,-7.581,12.973,-5.000,0.000
2017-06-05 06:00,8.168,412.215,291.519,8.650,33.705,0.046,-7.465,12.903,-5.000,0.000
2017-06-05 07:00,8.127,411.787,293.483,8.729,33.689,-1.007,-7.517,12.788,-5.000,0.000
2017-06-05 08:00,8.099,412.252,300.235,8.812,33.670,-1.906,-7.223,12.573,-5.000,0.000
2017-06-05 09:00,8.099,412.191,296.687,8.925,33.647,-2.002,-6.479,12.189,-5.000,0.000
2017-06-05 10:00,8.121,413.683,299.237,9.063,33.600,-1.883,-6.317,12.010,-5.000,0.000
2017-06-05 11:00,8.099,416.318,304.953,8.822,33.663,-2.140,-4.560,11.546,-5.000,0.000
2017-06-05 12:00,8.145,418.128,312.057,8.750,33.684,-0.941,-4.220,11.362,-5.000,0.000
2017-06-05 13:00,8.151,420.244,311.439,8.586,33.720,-1.562,-4.504,11.355,-5.000,0.000
2017-06-05 14:00,7.993,418.410,310.035,8.570,33.722,-1.543,-3.153,11.418,-5.000,0.000
2017-06-05 15:00,8.053,419.256,307.131,8.638,33.707,-0.860,-2.955,11.371,-5.000,0.000
2017-06-05 16:00,8.081,420.147,307.465,8.725,33.690,-0.509,-4.031,11.343,-5.000,0.000
2017-06-05 17:00,8.102,423.325,308.155,8.770,33.681,0.054,-4.077,11.602,-5.000,0.000
2017-06-05 18:00,8.154,414.069,310.306,8.769,33.683,0.428,-5.802,12.387,-5.000,0.000
2017-06-05 19:00,8.112,411.365,290.863,8.395,33.762,0.923,-7.135,13.003,-5.000,0.000
2017-06-05 20:00,8.153,413.173,280.769,8.507,33.738,1.110,-8.304,13.169,-5.000,0.000
2017-06-05 21:00,8.201,412.296,282.563,8.779,33.678,1.180,-8.423,13.281,-5.000,0.000
2017-06-05 22:00,8.162,410.352,284.043,8.813,33.672,1.417,-8.339,13.483,-5.000,0.000
2017-06-05 23:00,8.179,410.688,287.439,8.751,33.684,1.923,-8.631,13.633,-5.000,0.000
2017-06-06 00:00,8.156,410.484,291.230,8.652,33.707,2.329,-8.922,13.721,-5.000,0.000
2017-06-06 01:00,8.156,409.923,300.626,8.563,33.722,2.223,-9.151,13.697,-5.000,0.000
2017-06-06 02:00,8.141,409.597,302.235,8.578,33.720,0.744,-8.648,13.487,-5.000,0.000
2017-06-06 03:00,8.120,409.353,309.005,8.580,33.722,0.491,-8.135,13.259,-5.000,0.000
2017-06-06 04:00,8.141,408.378,318.901,8.562,33.726,0.180,-7.305,13.103,-5.000,0.000
2017-06-06 05:00,8.119,408.417,323.910,8.579,33.725,1.116,-6.500,13.017,-5.000,0.000
2017-06-06 06:00,8.118,407.577,338.712,8.592,33.723,1.605,-6.381,12.984,-5.000,0.000
2017-06-06 07:00,8.107,407.481,348.708,8.631,33.714,1.048,-5.910,12.910,-5.000,0.000
2017-06-06 08:00,8.102,407.356,356.554,8.678,33.703,1.247,-5.324,12.818,-5.000,0.000
2017-06-06 09:00,8.094,407.099,359.004,8.716,33.693,1.134,-5.254,12.739,-5.000,0.000
2017-06-06 10:00,8.097,406.761,367.826,8.741,33.688,0.481,-5.143,12.665,-5.000,0.000
2017-06-06 11:00,8.117,406.935,369.109,8.786,33.678,0.375,-4.226,12.524,-5.000,0.000
2017-06-06 12:00,8.117,406.876,361.111,8.814,33.673,0.557,-3.891,12.489,-5.000,0.000
2017-06-06 13:00,8.102,406.552,355.250,8.823,33.670,0.338,-3.326,12.538,-5.000,0.000
2017-06-06 14:00,8.104,406.796,355.872,8.820,33.670,0.179,-3.546,12.661,-5.000,0.000
2017-06-06 15:00,8.090,406.568,353.298,8.845,33.665,-0.227,-2.881,12.881,-5.000,0.000
2017-06-06 16:00,8.107,406.391,344.654,8.878,33.656,-0.173,0.612,12.794,-5.000,0.000
2017-06-06 17:00,8.094,407.329,334.469,8.726,33.683,2.101,-0.661,13.158,-5.000,0.000
2017-06-06 18:00,8.131,407.162,340.192,8.732,33.681,0.628,-1.417,13.582,-5.000,0.000
2017-06-06 19:00,8.103,407.970,343.444,8.790,33.666,-0.910,-0.191,13.937,-5.000,0.000
2017-06-06 20:00,8.132,407.313,351.822,8.837,33.649,1.179,1.138,13.744,-5.000,0.000
2017-06-06 21:00,8.143,407.457,338.349,8.900,33.631,2.586,-0.223,14.098,-5.000,0.000
2017-06-06 22:00,8.125,407.684,342.173,8.944,33.606,1.441,-0.617,14.444,-5.000,0.000
2017-06-06 23:00,8.107,407.736,357.887,8.968,33.591,0.939,-0.540,14.763,-5.000,0.000
2017-06-07 00:00,7.988,407.775,361.230,9.069,33.562,1.252,0.134,14.921,-5.000,0.000
2017-06-07 01:00,7.991,408.286,345.303,9.099,33.541,1.652,-0.094,14.353,-5.000,0.000
2017-06-07 02:00,7.962,408.806,340.592,9.091,33.521,1.192,-0.842,14.141,-5.000,0.000
2017-06-07 03:00,7.947,408.296,335.212,9.080,33.529,-0.420,-0.320,13.746,-5.000,0.000
2017-06-07 04:00,8.124,408.530,324.054,9.068,33.541,-0.255,1.102,13.221,-5.000,0.000
2017-06-07 05:00,8.157,407.926,314.209,9.077,33.548,-0.311,1.672,13.116,-5.000,0.000
2017-06-07 06:00,8.157,407.363,320.545,9.095,33.540,-0.494,1.827,12.883,-5.000,0.000
2017-06-07 07:00,8.154,407.046,331.883,9.090,33.544,-0.016,1.517,12.893,-5.000,0.000
2017-06-07 08:00,8.071,407.027,319.462,9.031,33.569,0.533,1.417,12.799,-5.000,0.000
2017-06-07 09:00,8.154,406.420,312.622,8.953,33.599,0.293,1.199,12.768,-5.000,0.000
2017-06-07 10:00,8.146,406.400,309.106,8.805,33.651,-0.971,0.970,12.537,-5.000,0.000
2017-06-07 11:00,8.093,432.232,305.426,8.898,33.610,-2.001,2.551,11.871,-5.000,0.000
2017-06-07 12:00,8.129,412.451,303.226,8.826,33.636,-1.408,3.254,11.575,-5.000,0.000
2017-06-07 13:00,8.131,408.044,308.562,8.896,33.610,-1.321,3.661,11.553,-5.000,0.000
2017-06-07 14:00,8.155,406.871,310.456,9.123,33.526,-0.855,3.393,11.555,-5.000,0.000
2017-06-07 15:00,8.104,416.903,299.967,8.893,33.602,-2.803,2.359,11.539,-5.000,0.000
2017-06-07 16:00,8.170,412.803,297.416,8.761,33.645,-3.351,2.299,11.481,-5.000,0.000
2017-06-07 17:00,8.152,409.093,294.314,8.749,33.648,-0.963,5.145,12.222,-5.000,0.000
2017-06-07 18:00,8.150,412.319,299.716,8.755,33.646,-1.324,5.179,12.420,-5.000,0.000
2017-06-07 19:00,8.122,412.620,299.260,8.763,33.643,-0.193,5.506,12.416,-5.000,0.000
2017-06-07 20:00,8.146,411.127,297.669,8.768,33.639,1.937,6.109,12.615,-5.000,0.000
2017-06-07 21:00,8.114,405.807,299.668,8.776,33.637,2.381,6.166,12.861,-5.000,0.000
2017-06-07 22:00,8.063,405.575,302.535,8.809,33.626,1.731,6.273,13.133,-5.000,0.000
2017-06-07 23:00,8.095,405.822,300.666,8.922,33.593,1.244,6.059,13.463,-5.000,0.000
2017-06-08 00:00,8.107,406.039,297.478,8.990,33.569,-0.007,5.640,13.379,-5.000,0.000
2017-06-08 01:00,8.170,405.771,294.723,8.998,33.558,-0.933,5.742,13.148,-5.000,0.000
2017-06-08 02:00,8.081,404.682,296.684,8.995,33.562,-1.546,6.062,13.227,-5.000,0.000
2017-06-08 03:00,8.044,404.982,298.393,8.946,33.577,-2.199,5.765,13.213,-5.000,0.000
2017-06-08 04:00,8.054,405.348,308.935,8.946,33.577,-1.674,6.867,12.985,-5.000,0.000
2017-06-08 05:00,8.068,405.228,292.699,8.938,33.580,-1.662,7.510,12.642,-5.000,0.000
2017-06-08 06:00,8.169,404.527,289.905,8.984,33.567,-1.215,7.676,12.585,-5.000,0.000
2017-06-08 07:00,8.175,403.538,288.351,9.113,33.535,0.990,8.596,12.563,-5.000,0.000
2017-06-08 08:00,8.160,403.140,291.489,9.045,33.555,0.684,8.673,12.626,-5.000,0.000
2017-06-08 09:00,8.160,402.744,295.871,9.004,33.569,1.078,9.303,12.576,-5.000,0.000
2017-06-08 10:00,8.166,402.889,299.370,9.690,33.407,1.508,11.312,12.535,-5.000,0.000
2017-06-08 11:00,8.162,403.562,301.305,10.773,33.136,1.901,11.434,12.390,-5.000,0.000
2017-06-08 12:00,8.187,403.971,299.330,11.244,33.002,1.802,9.077,12.290,-5.000,0.000
2017-06-08 13:00,8.173,403.173,291.850,11.265,32.976,4.815,-1.249,12.479,-5.000,0.000
2017-06-08 14:00,8.175,403.811,293.073,11.501,32.795,5.033,-1.786,12.433,-5.000,0.000
2017-06-08 15:00,8.173,403.934,293.587,11.453,32.757,5.374,-1.541,12.240,-5.000,0.000
2017-06-08 16:00,8.152,404.722,304.745,10.901,32.980,4.889,-0.850,11.767,-5.000,0.000
2017-06-08 17:00,8.166,405.268,299.053,9.870,33.318,2.891,1.552,12.378,-5.000,0.000
2017-06-08 18:00,8.163,406.303,302.080,9.967,33.279,6.615,1.306,12.032,-5.000,0.000
2017-06-08 19:00,8.169,406.615,301.492,10.212,33.209,4.415,2.099,12.508,-5.000,0.000
2017-06-08 20:00,8.171,407.130,298.019,10.655,33.013,3.243,3.105,12.379,-5.000,0.000
2017-06-08 21:00,8.170,406.903,295.881,10.239,33.122,0.116,3.914,12.703,-5.000,0.000
2017-06-08 22:00,8.166,407.475,291.590,9.464,33.430,2.252,2.625,12.964,-5.000,0.000
2017-06-08 23:00,8.110,407.492,287.432,9.660,33.332,3.454,0.980,12.545,-5.000,0.000
2017-06-09 00:00,8.094,407.112,282.546,9.593,33.341,3.153,3.674,13.444,-5.000,0.000
2017-06-09 01:00,8.095,407.539,277.792,9.598,33.354,2.652,4.609,13.149,-5.000,0.000
2017-06-09 02:00,8.058,407.093,279.057,9.795,33.272,0.753,5.262,12.867,-5.000,0.000
2017-06-09 03:00,8.098,407.290,284.314,10.352,33.010,1.232,4.867,12.799,-5.000,0.000
2017-06-09 04:00,8.085,406.958,292.642,10.542,32.902,0.571,4.902,12.859,-5.000,0.000
2017-06-09 05:00,8.111,408.058,286.796,10.723,32.774,-0.792,4.957,12.630,-5.000,0.000
2017-06-09 06:00,8.135,407.816,294.499,10.945,32.730,-1.166,5.262,12.641,-5.000,0.000
2017-06-09 07:00,8.101,407.597,295.568,11.088,32.758,-1.161,5.713,12.382,-5.000,0.000
2017-06-09 08:00,8.163,407.875,298.892,11.159,32.723,-1.555,6.115,12.421,-5.000,0.000
2017-06-09 09:00,8.165,407.536,300.714,11.446,32.519,-2.147,7.045,12.611,-5.000,0.000
2017-06-09 10:00,8.171,409.684,300.674,11.153,32.618,-1.616,7.081,12.572,-5.000,0.000
2017-06-09 11:00,8.158,409.871,301.376,10.862,32.798,-2.840,7.103,12.405,-5.000,0.000
2017-06-09 12:00,8.157,410.914,301.870,11.263,32.611,-2.074,7.204,12.419,-5.000,0.000
2017-06-09 13:00,8.167,407.749,297.244,11.399,32.551,-1.735,8.000,12.165,-5.000,0.000
2017-06-09 14:00,8.171,409.988,294.082,11.206,32.633,-1.753,8.195,12.145,-5.000,0.000
2017-06-09 15:00,8.170,409.539,296.444,10.558,32.925,-1.751,8.336,11.976,-5.000,0.000
2017-06-09 16:00,8.167,409.541,301.150,10.787,32.821,-1.316,8.088,11.807,-5.000,0.000
2017-06-09 17:00,8.160,406.916,297.818,11.103,32.678,2.705,6.539,12.224,-5.000,0.000
2017-06-09 18:00,8.162,407.050,300.833,10.430,32.978,3.137,5.836,12.441,-5.000,0.000
2017-06-09 19:00,8.169,407.030,296.392,10.901,32.733,2.825,5.110,11.769,-5.000,0.000
2017-06-09 20:00,8.167,407.572,293.979,11.546,32.362,2.418,4.878,12.181,-5.000,0.000
2017-06-09 21:00,8.156,407.622,295.264,11.668,32.262,2.041,4.929,12.090,-5.000,0.000
2017-06-09 22:00,8.166,407.566,298.545,12.321,31.702,1.433,4.774,12.652,-5.000,0.000
2017-06-09 23:00,8.165,407.941,300.807,12.573,32.022,2.847,5.471,12.761,-5.000,0.000
2017-06-10 00:00,8.165,407.899,301.015,12.647,31.935,3.080,5.200,12.297,-5.000,0.000
2017-06-10 01:00,8.166,407.806,300.518,12.639,31.913,1.047,5.912,12.702,-5.000,0.000
2017-06-10 02:00,8.218,408.437,298.772,12.576,31.894,1.315,4.074,11.457,-5.000,0.000
2017-06-10 03:00,8.173,408.089,297.505,12.622,31.731,2.091,3.283,12.330,-5.000,0.000
2017-06-10 04:00,8.165,407.921,298.995,12.356,32.138,1.039,5.366,12.243,-5.000,0.000
2017-06-10 05:00,8.165,406.768,293.339,12.266,32.261,-1.814,7.165,12.053,-5.000,0.000
2017-06-10 06:00,8.174,406.653,292.028,12.209,32.292,-2.916,7.170,11.715,-5.000,0.000
2017-06-10 07:00,8.179,409.410,289.735,12.210,32.291,-3.504,6.279,11.403,-5.000,0.000
2017-06-10 08:00,8.186,406.116,282.323,12.236,32.273,-3.547,6.840,11.396,-5.000,0.000
2017-06-10 09:00,8.192,406.630,280.794,12.295,32.238,1.030,2.966,11.019,-5.000,0.000
2017-06-10 10:00,8.193,406.092,280.412,12.313,32.215,4.529,3.221,11.626,-5.000,0.000
2017-06-10 11:00,8.178,405.923,281.137,12.176,32.268,0.986,2.913,11.459,-5.000,0.000
2017-06-10 12:00,8.164,410.025,282.890,12.180,32.256,-3.255,3.240,10.824,-5.000,0.000
2017-06-10 13:00,8.087,407.033,284.307,12.273,32.197,-2.652,4.184,11.034,-5.000,0.000
2017-06-10 14:00,8.118,405.858,286.045,12.437,32.058,-0.600,6.144,11.138,-5.000,0.000
2017-06-10 15:00,8.180,406.268,290.251,12.502,31.930,-0.370,4.811,10.982,-5.000,0.000
2017-06-10 16:00,8.173,405.969,295.049,12.460,31.949,-0.504,5.141,11.782,-5.000,0.000
2017-06-10 17:00,8.168,406.621,294.377,12.394,32.032,0.205,4.979,12.174,-5.000,0.000
2017-06-10 18:00,8.157,406.696,304.656,12.477,31.808,-0.883,6.030,12.101,-5.000,0.000
2017-06-10 19:00,8.153,407.245,308.628,12.427,32.026,3.674,2.920,12.121,-5.000,0.000
2017-06-10 20:00,8.151,407.289,309.377,12.498,31.979,3.019,1.603,11.976,-5.000,0.000
2017-06-10 21:00,8.156,407.353,307.735,12.500,31.985,2.021,1.467,12.511,-5.000,0.000
2017-06-10 22:00,8.172,407.716,307.214,12.477,32.006,1.539,1.815,12.946,-5.000,0.000
2017-06-10 23:00,8.206,407.794,308.622,12.480,32.009,1.715,-0.189,13.219,-5.000,0.000
2017-06-11 00:00,8.219,408.259,298.545,12.479,32.014,2.496,1.112,12.828,-5.000,0.000
2017-06-11 01:00,8.233,408.457,294.677,12.508,31.984,1.921,0.520,13.189,-5.000,0.000
2017-06-11 02:00,8.236,408.249,292.151,12.530,31.949,0.789,-0.649,13.629,-5.000,0.000
2017-06-11 03:00,8.236,408.836,289.913,12.609,31.744,0.434,-0.604,13.413,-5.000,0.000
2017-06-11 04:00,8.237,408.837,284.481,12.629,31.725,-0.215,-0.868,12.687,-5.000,0.000
2017-06-11 05:00,8.228,409.161,278.919,12.304,32.092,-0.529,-1.802,12.732,-5.000,0.000
2017-06-11 06:00,8.234,409.086,283.623,12.180,32.134,-0.920,-1.592,12.744,-5.000,0.000
2017-06-11 07:00,8.217,408.846,281.636,12.399,31.956,-0.384,-1.605,12.824,-5.000,0.000
2017-06-11 08:00,8.215,408.630,278.393,12.552,31.768,-0.322,-2.361,12.976,-5.000,0.000
2017-06-11 09:00,8.218,408.543,277.936,12.617,31.657,-0.196,-1.347,13.045,-5.000,0.000
2017-06-11 10:00,8.208,410.118,279.222,12.660,31.603,-0.061,-2.095,12.550,-5.000,0.000
2017-06-11 11:00,8.202,410.067,283.926,12.703,31.543,0.277,-1.208,12.470,-5.000,0.000
2017-06-11 12:00,8.209,410.241,284.758,12.724,31.503,-0.579,-2.128,12.962,-5.000,0.000
2017-06-11 13:00,8.203,410.190,284.112,12.726,31.475,-0.071,-2.179,13.533,-5.000,0.000
2017-06-11 14:00,8.215,410.574,283.406,12.722,31.446,-0.556,-0.942,13.785,-5.000,0.000
2017-06-11 15:00,8.213,410.928,283.577,12.530,31.542,-0.250,-1.746,13.371,-5.000,0.000
2017-06-11 16:00,8.216,411.711,280.171,11.169,32.481,-0.713,-2.565,13.529,-5.000,0.000
2017-06-11 17:00,8.227,413.473,271.139,11.690,32.083,-0.683,-2.792,13.602,-5.000,0.000
2017-06-11 18:00,8.225,409.491,263.933,12.144,31.777,0.086,-3.806,13.745,-5.000,0.000
2017-06-11 19:00,8.231,408.284,252.426,12.711,31.306,1.182,-6.365,13.964,-5.000,0.000
2017-06-11 20:00,8.238,407.967,253.211,12.524,31.423,2.023,-7.117,13.956,-5.000,0.000
2017-06-11 21:00,8.232,408.061,258.486,11.990,31.840,2.346,-7.020,14.010,-5.000,0.000
2017-06-11 22:00,8.229,408.218,259.525,11.571,32.352,2.837,-7.066,14.012,-5.000,0.000
2017-06-11 23:00,8.221,408.117,261.725,11.375,32.512,2.335,-6.763,14.159,-5.000,0.000
2017-06-12 00:00,8.244,407.895,268.411,11.376,32.522,2.479,-7.116,14.143,-5.000,0.000
2017-06-12 01:00,8.220,407.690,267.149,11.618,32.392,2.714,-7.037,14.092,-5.000,0.000
2017-06-12 02:00,8.222,407.632,265.572,11.976,32.124,2.812,-6.725,13.967,-5.000,0.000
2017-06-12 03:00,8.219,407.478,264.860,11.710,32.323,2.547,-6.695,13.620,-5.000,0.000
2017-06-12 04:00,8.226,407.063,264.646,10.625,32.901,1.755,-5.852,13.539,-5.000,0.000
2017-06-12 05:00,8.206,408.288,263.981,10.517,32.961,1.496,-5.356,13.497,-5.000,0.000
2017-06-12 06:00,8.217,408.033,267.968,10.786,32.839,1.498,-4.620,13.519,-5.000,0.000
2017-06-12 07:00,8.221,407.898,267.348,10.905,32.785,1.333,-4.687,13.446,-5.000,0.000
2017-06-12 08:00,8.210,408.016,267.947,10.746,32.871,1.527,-5.477,13.271,-5.000,0.000
2017-06-12 09:00,8.214,407.603,268.008,10.626,32.916,2.399,-5.254,13.513,-5.000,0.000
2017-06-12 10:00,8.216,407.786,268.855,10.617,32.920,2.159,-4.642,13.506,-5.000,0.000
2017-06-12 11:00,8.220,407.586,269.061,10.644,32.908,2.652,-3.639,13.517,-5.000,0.000
2017-06-12 12:00,8.214,407.789,270.643,10.704,32.876,2.437,-3.448,13.565,-5.000,0.000
2017-06-12 13:00,8.208,408.101,271.851,10.831,32.814,2.130,-3.619,13.628,-5.000,0.000
2017-06-12 14:00,8.208,408.271,272.490,10.975,32.746,3.566,-3.787,13.370,-5.000,0.000
2017-06-12 15:00,8.206,408.326,276.157,11.083,32.676,2.772,-5.422,12.897,-5.000,0.000
2017-06-12 16:00,8.196,408.587,278.696,10.802,32.821,1.375,-4.867,12.588,-5.000,0.000
2017-06-12 17:00,8.194,409.226,274.465,10.611,32.916,1.746,-4.968,12.592,-5.000,0.000
2017-06-12 18:00,8.195,409.257,276.467,10.658,32.893,5.563,-4.065,13.038,-5.000,0.000
2017-06-12 19:00,8.202,409.452,274.996,10.775,32.827,4.451,-3.454,13.493,-5.000,0.000
2017-06-12 20:00,8.205,409.464,274.664,10.653,32.887,4.656,-3.195,13.579,-5.000,0.000
2017-06-12 21:00,8.164,409.562,274.077,10.484,32.967,4.073,-3.441,13.529,-5.000,0.000
2017-06-12 22:00,8.200,409.769,273.529,10.520,32.951,4.970,-3.626,13.460,-5.000,0.000
2017-06-12 23:00,8.203,409.928,272.084,10.577,32.923,4.136,-3.613,13.279,-5.000,0.000
2017-06-13 00:00,8.201,409.736,270.719,10.614,32.903,4.621,-2.820,13.402,-5.000,0.000
2017-06-13 01:00,8.213,409.518,270.006,10.620,32.895,4.729,-2.716,13.374,-5.000,0.000
2017-06-13 02:00,8.207,409.641,269.011,10.626,32.877,3.795,-3.057,13.151,-5.000,0.000
2017-06-13 03:00,8.196,409.830,268.452,10.699,32.841,3.346,-3.168,12.852,-5.000,0.000
2017-06-13 04:00,8.207,409.786,268.502,10.840,32.774,3.973,-2.492,12.866,-5.000,0.000
2017-06-13 05:00,8.202,410.003,264.925,10.581,32.887,4.155,-1.947,12.889,-5.000,0.000
2017-06-13 06:00,8.217,409.790,268.771,10.652,32.842,3.890,-1.022,13.093,-5.000,0.000
2017-06-13 07:00,8.204,409.364,269.198,10.471,32.916,4.115,-0.876,13.111,-5.000,0.000
2017-06-13 08:00,8.208,409.210,269.533,10.118,33.077,4.584,-0.451,13.036,-5.000,0.000
2017-06-13 09:00,8.199,409.039,269.818,9.996,33.128,3.648,-0.603,13.136,-5.000,0.000
2017-06-13 10:00,8.210,409.216,268.791,10.222,33.002,4.316,-2.272,12.700,-5.000,0.000
2017-06-13 11:00,8.196,409.233,269.465,10.381,32.904,3.493,-1.069,12.854,-5.000,0.000
2017-06-13 12:00,8.201,409.191,270.977,10.389,32.888,3.034,-0.462,12.979,-5.000,0.000
2017-06-13 13:00,8.164,409.291,268.368,10.295,32.944,2.696,0.498,13.090,-5.000,0.000
2017-06-13 14:00,8.224,409.205,267.637,10.289,32.945,3.313,0.699,12.999,-5.000,0.000
2017-06-13 15:00,8.181,409.421,273.131,10.272,32.958,5.265,0.056,11.437,-5.000,0.000
2017-06-13 16:00,8.194,409.292,272.602,10.200,32.990,2.861,-0.644,11.830,-5.000,0.000
2017-06-13 17:00,8.206,409.514,267.681,10.251,32.958,3.568,0.805,12.973,-5.000,0.000
2017-06-13 18:00,8.205,409.665,273.486,10.342,32.910,2.695,-0.438,13.068,-5.000,0.000
2017-06-13 19:00,8.200,409.574,276.710,10.373,32.891,1.557,-0.647,13.189,-5.000,0.000
2017-06-13 20:00,8.205,409.811,279.991,10.332,32.913,1.868,0.146,13.286,-5.000,0.000
2017-06-13 21:00,8.215,409.987,282.544,10.237,32.967,1.575,1.176,13.409,-5.000,0.000
2017-06-13 22:00,8.216,410.080,285.937,10.365,32.896,1.541,1.168,13.537,-5.000,0.000
2017-06-13 23:00,8.219,410.133,287.171,10.202,32.971,1.560,1.428,13.446,-5.000,0.000
2017-06-14 00:00,8.215,409.972,288.322,9.905,33.115,1.357,-1.575,13.441,-5.000,0.000
2017-06-14 01:00,8.221,410.201,287.548,9.531,33.287,1.066,-0.579,13.926,-5.000,0.000
2017-06-14 02:00,8.217,410.223,286.763,9.330,33.367,0.797,-0.254,14.206,-5.000,0.000
2017-06-14 03:00,8.214,410.753,285.560,9.422,33.332,1.215,-0.137,13.523,-5.000,0.000
2017-06-14 04:00,8.210,410.436,285.354,9.776,33.174,1.236,-0.004,12.919,-5.000,0.000
2017-06-14 05:00,8.188,409.711,278.302,10.002,33.070,1.291,-0.110,12.871,-5.000,0.000
2017-06-14 06:00,8.195,409.741,282.768,10.289,32.862,1.598,-0.673,12.844,-5.000,0.000
2017-06-14 07:00,8.200,409.654,282.006,10.539,32.740,1.136,-0.678,12.813,-5.000,0.000
2017-06-14 08:00,8.194,409.295,280.776,10.634,32.704,0.277,-0.111,12.660,-5.000,0.000
2017-06-14 09:00,8.193,409.398,281.773,10.414,32.798,0.393,0.737,12.605,-5.000,0.000
2017-06-14 10:00,8.201,413.674,279.492,10.105,32.988,0.128,1.529,12.582,-5.000,0.000
2017-06-14 11:00,8.184,415.402,280.172,9.635,33.214,-1.666,2.873,12.208,-5.000,0.000
2017-06-14 12:00,8.198,417.800,282.923,9.441,33.278,-1.954,2.778,11.883,-5.000,0.000
2017-06-14 13:00,8.189,414.241,282.842,9.508,33.260,-1.276,2.960,12.042,-5.000,0.000
2017-06-14 14:00,8.161,419.858,281.407,9.879,33.109,-1.986,3.228,12.093,-5.000,0.000
2017-06-14 15:00,8.166,415.696,278.927,9.986,33.044,-2.095,3.243,11.935,-5.000,0.000
2017-06-14 16:00,8.188,415.447,277.754,9.539,33.261,-1.512,3.645,12.154,-5.000,0.000
2017-06-14 17:00,8.173,413.832,273.691,9.516,33.264,-0.905,4.069,12.366,-5.000,0.000
2017-06-14 18:00,8.187,411.284,278.022,9.527,33.256,-0.187,4.434,12.790,-5.000,0.000
2017-06-14 19:00,8.204,411.409,278.481,9.578,33.225,0.250,4.517,13.100,-5.000,0.000
2017-06-14 20:00,8.200,410.013,278.471,10.234,32.893,1.483,4.743,13.322,-5.000,0.000
2017-06-14 21:00,8.192,413.208,278.876,9.660,33.194,1.616,4.705,13.398,-5.000,0.000
2017-06-14 22:00,8.181,411.723,279.806,9.534,33.244,1.434,4.878,13.610,-5.000,0.000
2017-06-14 23:00,8.203,409.881,280.141,9.473,33.280,1.351,4.163,13.739,-5.000,0.000
2017-06-15 00:00,8.197,408.544,280.556,9.569,33.241,1.471,3.712,13.863,-5.000,0.000
2017-06-15 01:00,8.196,408.978,280.232,9.759,33.149,1.443,3.204,14.015,-5.000,0.000
2017-06-15 02:00,8.191,408.277,282.217,10.113,32.972,0.835,3.317,13.810,-5.000,0.000
2017-06-15 03:00,8.197,408.053,279.776,10.277,32.881,0.356,3.720,13.593,-5.000,0.000
2017-06-15 04:00,8.199,407.706,273.238,10.260,32.876,0.798,4.532,13.619,-5.000,0.000
2017-06-15 05:00,8.204,407.479,265.870,9.890,33.087,0.892,5.755,13.655,-5.000,0.000
2017-06-15 06:00,8.189,407.268,268.556,9.752,33.148,0.073,6.804,13.579,-5.000,0.000
2017-06-15 07:00,8.206,406.783,268.761,9.867,33.095,-0.595,7.994,13.486,-5.000,0.000
2017-06-15 08:00,8.204,408.846,269.206,9.991,33.023,-2.024,8.306,13.248,-5.000,0.000
2017-06-15 09:00,8.210,410.752,270.005,9.972,33.034,-1.675,8.438,12.978,-5.000,0.000
2017-06-15 10:00,8.070,409.641,271.258,9.734,33.152,-2.108,8.818,13.028,-5.000,0.000
2017-06-15 11:00,8.203,409.745,272.316,9.742,33.144,-1.323,8.908,13.309,-5.000,0.000
2017-06-15 12:00,8.147,409.574,273.885,9.783,33.129,-1.413,8.703,13.412,-5.000,0.000
2017-06-15 13:00,8.197,410.280,275.229,9.653,33.195,-1.470,9.115,13.232,-5.000,0.000
2017-06-15 14:00,8.187,406.504,278.464,9.977,33.005,-1.211,10.922,13.231,-5.000,0.000
2017-06-15 15:00,8.181,409.621,284.342,10.925,32.518,-0.939,10.819,13.366,-5.000,0.000
2017-06-15 16:00,8.182,405.054,283.738,12.769,31.537,-1.042,12.015,13.261,-5.000,0.000
2017-06-15 17:00,8.160,407.242,284.778,13.261,31.356,-1.059,11.961,13.273,-5.000,0.000
2017-06-15 18:00,8.169,405.707,298.372,13.498,31.210,-0.453,11.831,13.303,-5.000,0.000
2017-06-15 19:00,8.161,405.014,301.959,13.224,31.339,0.574,12.049,13.450,-5.000,0.000
2017-06-15 20:00,8.146,404.791,304.372,13.606,31.119,1.640,11.877,13.587,-5.000,0.000
2017-06-15 21:00,8.161,404.714,304.773,13.686,31.009,2.280,11.836,13.884,-5.000,0.000
2017-06-15 22:00,8.157,405.002,312.212,13.565,31.011,2.547,11.581,13.918,-5.000,0.000
2017-06-15 23:00,8.143,405.032,318.475,13.528,31.040,2.559,11.661,13.981,-5.000,0.000
2017-06-16 00:00,8.132,405.333,324.789,13.340,31.155,2.339,10.784,13.968,-5.000,0.000
2017-06-16 01:00,8.025,405.711,331.010,13.211,31.221,2.466,9.649,13.870,-5.000,0.000
2017-06-16 02:00,8.134,404.974,323.242,13.198,31.224,1.961,8.916,13.860,-5.000,0.000
2017-06-16 03:00,8.147,404.689,324.717,13.085,31.287,2.280,7.791,13.852,-5.000,0.000
2017-06-16 04:00,8.139,405.167,317.089,13.146,31.250,2.137,6.951,13.832,-5.000,0.000
2017-06-16 05:00,8.130,406.396,310.191,13.191,31.220,3.073,5.213,13.935,-5.000,0.000
2017-06-16 06:00,8.141,406.389,315.332,13.208,31.210,3.344,4.776,13.842,-5.000,0.000
2017-06-16 07:00,8.146,406.389,318.004,13.281,31.156,3.224,3.805,13.739,-5.000,0.000
2017-06-16 08:00,8.136,406.020,318.464,13.353,31.107,2.635,4.253,13.685,-5.000,0.000
2017-06-16 09:00,8.147,405.957,319.619,13.443,31.060,3.560,4.081,13.593,-5.000,0.000
2017-06-16 10:00,8.158,405.679,320.753,13.481,31.039,2.777,2.194,13.396,-5.000,0.000
2017-06-16 11:00,8.134,406.114,322.308,13.517,31.010,3.055,1.825,13.196,-5.000,0.000
2017-06-16 12:00,8.136,406.145,322.078,13.549,30.978,3.721,2.249,13.101,-5.000,0.000
2017-06-16 13:00,8.135,406.100,322.233,13.594,30.895,2.436,2.678,13.111,-5.000,0.000
2017-06-16 14:00,8.137,405.981,318.295,13.600,30.860,1.717,3.035,13.341,-5.000,0.000
2017-06-16 15:00,8.152,406.398,316.014,13.598,30.818,1.476,4.246,13.347,-5.000,0.000
2017-06-16 16:00,8.153,406.042,314.967,13.552,30.826,1.807,3.855,13.477,-5.000,0.000
2017-06-16 17:00,8.145,406.526,307.978,13.546,30.827,1.637,3.884,13.504,-5.000,0.000
2017-06-16 18:00,8.162,406.607,305.481,13.526,30.838,1.419,3.353,13.525,-5.000,0.000
2017-06-16 19:00,8.165,406.584,302.459,13.337,30.918,2.028,1.941,13.588,-5.000,0.000
2017-06-16 20:00,8.168,406.554,298.566,13.113,31.067,1.556,1.927,13.694,-5.000,0.000
2017-06-16 21:00,8.163,407.384,295.591,13.064,31.107,2.032,-0.168,13.404,-5.000,0.000
2017-06-16 22:00,8.191,406.912,293.396,13.054,31.116,0.315,1.077,13.460,-5.000,0.000
2017-06-16 23:00,8.172,407.071,290.690,13.090,31.141,0.050,0.406,13.472,-5.000,0.000
2017-06-17 00:00,8.176,407.393,286.679,13.191,31.127,-0.061,-0.104,13.279,-5.000,0.000
2017-06-17 01:00,8.171,407.664,284.344,13.230,31.088,-0.816,0.163,13.003,-5.000,0.000
2017-06-17 02:00,8.164,407.525,283.604,13.246,31.070,-0.943,0.830,12.993,-5.000,0.000
2017-06-17 03:00,8.116,407.613,284.819,13.253,31.055,-0.299,0.854,13.011,-5.000,0.000
2017-06-17 04:00,8.142,407.619,284.141,13.266,31.040,0.460,-0.065,13.018,-5.000,0.000
2017-06-17 05:00,8.165,407.846,279.930,13.307,31.005,0.224,-0.193,13.077,-5.000,0.000
2017-06-17 06:00,8.170,407.865,288.669,13.351,30.976,0.113,-0.332,13.097,-5.000,0.000
2017-06-17 07:00,8.167,408.017,291.552,13.007,31.392,-0.172,-0.799,13.135,-5.000,0.000
2017-06-17 08:00,8.176,407.660,290.804,12.982,31.464,0.076,-1.036,13.152,-5.000,0.000
2017-06-17 09:00,8.174,407.931,291.663,12.975,31.503,0.558,-2.492,13.026,-5.000,0.000
2017-06-17 10:00,8.167,407.996,291.500,12.975,31.503,0.297,-3.462,12.866,-5.000,0.000
2017-06-17 11:00,8.180,408.038,288.024,12.987,31.466,0.005,-2.533,12.873,-5.000,0.000
2017-06-17 12:00,8.173,407.636,288.509,13.020,31.407,0.083,-1.901,13.063,-5.000,0.000
2017-06-17 13:00,8.165,407.583,288.882,13.072,31.320,0.229,-0.329,13.130,-5.000,0.000
2017-06-17 14:00,8.141,407.773,287.718,13.110,31.248,0.536,-0.474,13.247,-5.000,0.000
2017-06-17 15:00,8.176,407.429,288.204,13.129,31.197,1.326,0.050,13.313,-5.000,0.000
2017-06-17 16:00,8.180,407.504,289.438,13.046,31.321,1.939,-0.220,13.501,-5.000,0.000
2017-06-17 17:00,8.172,407.905,287.169,13.018,31.344,0.670,-0.144,14.180,-5.000,0.000
2017-06-17 18:00,8.316,407.785,292.903,13.021,31.340,1.357,-0.626,14.197,-5.000,0.000
2017-06-17 19:00,8.194,407.607,297.138,13.032,31.331,1.554,-0.521,14.317,-5.000,0.000
2017-06-17 20:00,8.194,408.042,300.398,12.986,31.375,1.231,-0.261,14.485,-5.000,0.000
2017-06-17 21:00,8.120,408.862,303.566,12.965,31.405,2.696,0.769,14.436,-5.000,0.000
2017-06-17 22:00,8.186,409.104,303.566,12.950,31.420,2.562,0.907,14.340,-5.000,0.000
2017-06-17 23:00,8.187,409.397,303.465,12.970,31.395,1.840,1.020,14.280,-5.000,0.000
2017-06-18 00:00,8.185,409.582,302.855,12.519,31.657,1.694,2.143,14.218,-5.000,0.000
2017-06-18 01:00,8.187,409.049,299.124,12.307,31.767,1.011,2.808,14.254,-5.000,0.000
2017-06-18 02:00,8.196,409.329,287.307,12.618,31.574,1.468,3.021,14.224,-5.000,0.000
2017-06-18 03:00,8.200,408.935,284.007,13.175,31.108,1.149,2.480,14.259,-5.000,0.000
2017-06-18 04:00,8.163,408.629,290.263,13.339,30.988,0.275,3.512,14.323,-5.000,0.000
2017-06-18 05:00,8.120,408.617,286.968,13.403,30.960,0.904,3.997,14.374,-5.000,0.000
2017-06-18 06:00,8.189,408.023,295.178,13.433,30.948,0.506,4.051,14.380,-5.000,0.000
2017-06-18 07:00,8.128,408.081,298.123,13.388,30.964,0.193,4.012,14.412,-5.000,0.000
2017-06-18 08:00,8.193,407.933,301.130,13.346,30.975,0.045,4.173,14.351,-5.000,0.000
2017-06-18 09:00,8.202,407.982,293.327,12.723,31.392,0.307,3.710,14.283,-5.000,0.000
2017-06-18 10:00,8.138,407.347,291.432,12.580,31.455,-0.042,3.485,14.178,-5.000,0.000
2017-06-18 11:00,8.192,407.562,294.665,12.585,31.402,-0.522,4.245,14.024,-5.000,0.000
2017-06-18 12:00,8.196,409.267,298.257,12.342,31.484,-0.171,3.465,13.928,-5.000,0.000
2017-06-18 13:00,8.194,408.963,300.059,11.505,32.060,-0.144,3.383,14.044,-5.000,0.000
2017-06-18 14:00,8.125,409.032,294.648,11.696,31.926,0.231,3.367,13.988,-5.000,0.000
2017-06-18 15:00,8.180,409.053,294.652,11.924,31.771,0.196,2.029,14.077,-5.000,0.000
2017-06-18 16:00,8.198,408.243,293.114,12.047,31.698,-0.361,1.389,14.331,-5.000,0.000
2017-06-18 17:00,8.202,407.777,289.932,12.147,31.612,-0.718,0.941,14.859,-5.000,0.000
2017-06-18 18:00,8.201,407.311,299.325,12.276,31.529,-0.091,0.139,15.582,-5.000,0.000
2017-06-18 19:00,8.192,407.092,307.667,12.399,31.425,1.636,-0.851,15.066,-5.000,0.000
2017-06-18 20:00,8.153,408.152,310.654,12.429,31.408,2.207,-2.168,14.603,-5.000,0.000
2017-06-18 21:00,8.169,408.363,312.060,12.437,31.393,2.468,-3.778,14.545,-5.000,0.000
2017-06-18 22:00,8.184,407.638,308.332,12.421,31.403,2.056,-5.271,14.882,-5.000,0.000
2017-06-18 23:00,8.191,408.033,301.869,11.639,32.006,1.480,-6.370,14.712,-5.000,0.000
2017-06-19 00:00,8.178,406.890,295.983,11.650,32.007,1.858,-6.265,14.524,-5.000,0.000
2017-06-19 01:00,8.205,406.301,294.052,12.032,31.758,1.767,-6.575,14.306,-5.000,0.000
2017-06-19 02:00,8.187,406.067,293.492,12.032,31.766,1.548,-7.203,14.111,-5.000,0.000
2017-06-19 03:00,8.195,405.813,294.110,12.030,31.778,2.299,-7.228,13.943,-5.000,0.000
2017-06-19 04:00,8.185,405.995,291.796,12.068,31.759,2.405,-7.362,13.808,-5.000,0.000
2017-06-19 05:00,8.187,406.413,286.714,12.108,31.718,2.144,-8.097,13.804,-5.000,0.000
2017-06-19 06:00,8.156,405.996,296.171,12.133,31.720,1.462,-8.106,13.702,-5.000,0.000
2017-06-19 07:00,8.169,405.817,307.697,12.124,31.691,0.790,-7.984,13.645,-5.000,0.000
2017-06-19 08:00,8.157,405.573,306.548,12.088,31.732,0.445,-7.759,13.752,-5.000,0.000
2017-06-19 09:00,8.161,405.011,303.240,11.784,31.929,-0.231,-7.250,13.640,-5.000,0.000
2017-06-19 10:00,8.134,405.065,301.867,11.304,32.198,-0.265,-6.356,13.594,-5.000,0.000
2017-06-19 11:00,8.160,404.831,301.473,10.499,32.668,0.321,-5.510,13.659,-5.000,0.000
2017-06-19 12:00,8.166,405.159,300.878,10.885,32.421,-0.348,-5.446,13.648,-5.000,0.000
2017-06-19 13:00,8.164,404.530,301.281,11.221,32.238,1.046,-5.535,13.839,-5.000,0.000
2017-06-19 14:00,8.142,405.425,299.908,10.854,32.456,1.273,-5.260,13.939,-5.000,0.000
2017-06-19 15:00,8.117,406.325,299.888,10.865,32.469,1.030,-3.963,13.994,-5.000,0.000
2017-06-19 16:00,8.160,404.608,299.444,10.843,32.490,2.102,-4.609,14.062,-5.000,0.000
2017-06-19 17:00,8.208,405.364,301.413,10.745,32.550,2.090,-5.019,13.887,-5.000,0.000
2017-06-19 18:00,8.254,405.534,305.754,10.829,32.492,0.964,-4.516,13.996,-5.000,0.000
2017-06-19 19:00,8.161,405.963,303.139,11.016,32.397,1.415,-4.152,14.315,-5.000,0.000
2017-06-19 20:00,8.167,407.752,301.495,11.070,32.372,1.778,-4.455,14.468,-5.000,0.000
2017-06-19 21:00,8.173,407.340,301.616,9.934,32.982,2.018,-3.473,14.597,-5.000,0.000
2017-06-19 22:00,8.169,407.606,301.365,9.530,33.199,2.000,-3.866,14.606,-5.000,0.000
2017-06-19 23:00,8.171,407.708,300.464,10.053,32.904,1.977,-3.553,14.715,-5.000,0.000
2017-06-20 00:00,8.270,406.709,297.938,10.348,32.763,2.238,-4.435,14.542,-5.000,0.000
2017-06-20 01:00,8.168,406.264,295.856,10.289,32.791,2.406,-4.226,14.232,-5.000,0.000
2017-06-20 02:00,8.170,406.628,292.321,10.130,32.883,1.247,-3.412,14.096,-5.000,0.000
2017-06-20 03:00,8.156,406.316,286.915,9.828,33.039,0.942,-2.526,13.959,-5.000,0.000
2017-06-20 04:00,8.172,405.927,284.333,10.004,32.950,1.863,-2.515,13.765,-5.000,0.000
2017-06-20 05:00,8.180,406.251,277.026,9.825,33.038,1.241,-1.850,13.410,-5.000,0.000
2017-06-20 06:00,8.188,406.457,280.435,9.715,33.099,0.045,-1.069,13.135,-5.000,0.000
2017-06-20 07:00,8.188,406.785,283.252,9.847,33.036,1.296,-0.818,13.098,-5.000,0.000
2017-06-20 08:00,8.176,406.716,281.468,9.671,33.124,1.915,-1.036,13.212,-5.000,0.000
2017-06-20 09:00,8.183,406.548,281.529,9.941,32.963,1.685,-1.338,13.370,-5.000,0.000
2017-06-20 10:00,8.173,406.855,281.529,10.256,32.819,2.163,-2.019,13.336,-5.000,0.000
2017-06-20 11:00,8.116,407.114,283.293,9.456,33.243,1.484,-2.007,13.493,-5.000,0.000
2017-06-20 12:00,8.142,406.781,284.033,9.200,33.348,0.058,-0.562,13.621,-5.000,0.000
2017-06-20 13:00,8.165,406.709,283.068,9.169,33.368,-0.041,-0.133,13.688,-5.000,0.000
2017-06-20 14:00,8.159,406.972,283.483,9.178,33.362,0.575,-0.737,13.793,-5.000,0.000
2017-06-20 15:00,8.164,406.903,283.358,9.324,33.292,2.024,-1.341,13.873,-5.000,0.000
2017-06-20 16:00,8.166,406.606,281.648,9.446,33.242,2.347,-2.357,13.932,-5.000,0.000
2017-06-20 17:00,8.192,406.889,277.087,9.359,33.281,1.397,-2.708,14.275,-5.000,0.000
2017-06-20 18:00,8.183,406.540,292.412,9.335,33.290,1.236,-3.154,14.619,-5.000,0.000
2017-06-20 19:00,8.143,406.628,286.440,9.468,33.228,1.723,-3.541,14.901,-5.000,0.000
2017-06-20 20:00,8.139,406.653,287.745,9.161,33.387,1.713,-6.342,15.151,-5.000,0.000
2017-06-20 21:00,8.137,406.412,295.180,9.044,33.435,2.294,-8.189,15.191,-5.000,0.000
2017-06-20 22:00,8.151,405.906,296.776,8.979,33.459,2.305,-9.381,14.948,-5.000,0.000
2017-06-20 23:00,8.167,406.167,288.053,8.957,33.470,1.833,-9.995,14.645,-5.000,0.000
2017-06-21 00:00,8.168,406.187,293.400,8.998,33.454,2.216,-10.335,14.738,-5.000,0.000
2017-06-21 01:00,8.159,406.172,301.598,9.076,33.418,1.851,-10.383,14.637,-5.000,0.000
2017-06-21 02:00,8.153,406.558,305.658,9.034,33.435,2.433,-10.810,14.485,-5.000,0.000
2017-06-21 03:00,8.151,407.267,304.517,8.972,33.463,2.218,-11.063,14.053,-5.000,0.000
2017-06-21 04:00,8.168,407.725,298.391,8.933,33.477,-0.148,-10.564,13.924,-5.000,0.000
2017-06-21 05:00,8.173,408.231,289.517,8.890,33.498,0.209,-10.656,13.914,-5.000,0.000
2017-06-21 06:00,8.161,408.051,305.311,8.860,33.513,1.422,-11.736,13.901,-5.000,0.000
2017-06-21 07:00,8.147,408.335,311.460,8.846,33.520,0.527,-11.261,13.813,-5.000,0.000
2017-06-21 08:00,8.131,407.845,322.265,8.825,33.533,1.601,-11.998,13.776,-5.000,0.000
2017-06-21 09:00,8.118,408.124,333.739,8.756,33.572,0.919,-11.071,13.679,-5.000,0.000
2017-06-21 10:00,8.111,407.740,338.102,8.726,33.587,-0.394,-10.537,13.608,-5.000,0.000
2017-06-21 11:00,8.107,407.534,340.168,8.698,33.600,-0.056,-10.954,13.604,-5.000,0.000
2017-06-21 12:00,8.097,408.684,352.643,8.688,33.606,-0.888,-9.611,13.442,-5.000,0.000
2017-06-21 13:00,8.083,410.596,366.700,8.671,33.614,-2.396,-7.365,13.050,-5.000,0.000
2017-06-21 14:00,8.072,409.279,374.509,8.639,33.634,-1.721,-7.559,13.242,-5.000,0.000
2017-06-21 15:00,8.075,409.118,369.037,8.585,33.662,-1.003,-7.864,13.403,-5.000,0.000
2017-06-21 16:00,8.083,408.428,366.922,8.501,33.698,0.040,-8.697,13.444,-5.000,0.000
2017-06-21 17:00,8.075,409.016,360.940,8.488,33.704,0.711,-10.214,13.657,-5.000,0.000
2017-06-21 18:00,8.092,408.925,358.276,8.492,33.702,0.723,-10.402,13.656,-5.000,0.000
2017-06-21 19:00,8.100,409.020,346.337,8.417,33.728,-0.047,-10.311,13.761,-5.000,0.000
2017-06-21 20:00,8.099,408.888,351.172,8.391,33.735,1.342,-10.688,13.763,-5.000,0.000
2017-06-21 21:00,8.090,408.568,351.638,8.480,33.707,1.021,-11.245,13.752,-5.000,0.000
2017-06-21 22:00,8.095,408.719,349.404,8.594,33.663,1.169,-11.271,13.854,-5.000,0.000
2017-06-21 23:00,8.095,408.253,354.760,8.603,33.657,1.946,-11.330,13.813,-5.000,0.000
2017-06-22 00:00,8.081,408.215,358.546,8.559,33.675,1.821,-11.439,13.692,-5.000,0.000
2017-06-22 01:00,8.058,408.186,368.212,8.296,33.766,0.788,-11.483,13.486,-5.000,0.000
2017-06-22 02:00,8.071,407.980,378.090,8.227,33.785,2.168,-12.027,13.286,-5.000,0.000
2017-06-22 03:00,8.058,408.058,389.334,8.133,33.812,1.543,-11.460,12.931,-5.000,0.000
2017-06-22 04:00,8.049,408.073,393.570,8.083,33.823,-0.075,-10.656,12.708,-5.000,0.000
2017-06-22 05:00,8.039,409.156,396.132,8.080,33.823,-0.407,-10.230,12.580,-5.000,0.000
2017-06-22 06:00,8.033,409.148,411.715,8.087,33.822,-0.421,-10.819,12.529,-5.000,0.000
2017-06-22 07:00,8.027,409.392,416.913,8.066,33.829,-0.654,-10.389,12.296,-5.000,0.000
2017-06-22 08:00,8.012,409.545,428.489,7.942,33.855,-0.989,-9.771,12.093,-5.000,0.000
2017-06-22 09:00,7.994,409.319,428.782,7.942,33.851,-0.522,-9.938,12.014,-5.000,0.000
2017-06-22 10:00,8.012,409.637,438.146,7.953,33.844,-0.628,-10.136,11.866,-5.000,0.000
2017-06-22 11:00,7.988,410.365,450.881,7.894,33.849,-0.429,-8.995,11.535,-5.000,0.000
2017-06-22 12:00,7.983,411.473,458.070,7.821,33.859,-1.561,-7.591,11.293,-5.000,0.000
2017-06-22 13:00,7.980,408.903,470.549,7.789,33.864,-1.316,-7.373,11.443,-5.000,0.000
2017-06-22 14:00,7.957,408.854,489.790,7.777,33.868,-0.666,-8.068,11.782,-5.000,0.000
2017-06-22 15:00,7.962,417.294,,7.773,33.866,-1.065,-6.790,11.377,-5.000,0.000
2017-06-22 16:00,7.954,418.304,484.132,7.730,33.875,0.091,-6.660,11.299,-5.000,0.000
2017-06-22 17:00,7.957,414.577,487.678,7.719,33.877,0.858,-7.399,11.992,-5.000,0.000
2017-06-22 18:00,7.947,413.385,491.512,7.727,33.877,0.133,-6.913,12.261,-5.000,0.000
2017-06-22 19:00,7.964,409.489,483.016,7.729,33.878,1.234,-8.271,12.619,-5.000,0.000
2017-06-22 20:00,7.981,408.213,467.575,7.738,33.877,1.301,-8.249,12.722,-5.000,0.000
2017-06-22 21:00,7.982,407.366,472.749,7.744,33.877,1.601,-9.321,13.001,-5.000,0.000
2017-06-22 22:00,7.973,407.118,469.279,7.753,33.876,0.466,-9.120,13.189,-5.000,0.000
2017-06-22 23:00,7.986,406.773,464.160,7.764,33.874,0.572,-9.388,13.338,-5.000,0.000
2017-06-23 00:00,7.978,407.039,461.366,7.762,33.872,0.685,-9.244,13.476,-5.000,0.000
2017-06-23 01:00,7.983,407.979,471.464,7.735,33.876,1.111,-10.161,13.421,-5.000,0.000
2017-06-23 02:00,7.970,408.402,478.292,7.721,33.879,0.898,-10.083,13.296,-5.000,0.000
2017-06-23 03:00,7.971,409.083,476.981,7.708,33.881,0.601,-10.269,13.170,-5.000,0.000
2017-06-23 04:00,7.971,409.389,487.260,7.703,33.882,0.257,-10.026,13.110,-5.000,0.000
2017-06-23 05:00,7.949,410.059,486.509,7.693,33.884,0.024,-10.028,12.969,-5.000,0.000
2017-06-23 06:00,7.958,409.989,488.017,7.673,33.886,-0.068,-10.127,12.705,-5.000,0.000
2017-06-23 07:00,7.962,409.622,487.914,7.633,33.893,-0.650,-9.449,12.679,-5.000,0.000
2017-06-23 08:00,7.965,408.614,482.386,7.593,33.899,0.249,-10.052,12.546,-5.000,0.000
2017-06-23 09:00,7.973,408.259,478.794,7.575,33.902,-0.124,-10.236,12.385,-5.000,0.000
2017-06-23 10:00,7.980,408.398,467.171,7.587,33.900,-0.499,-9.494,12.128,-5.000,0.000
2017-06-23 11:00,7.973,408.148,477.287,7.585,33.899,-0.409,-8.913,12.031,-5.000,0.000
2017-06-23 12:00,7.981,407.815,472.490,7.506,33.909,-0.596,-8.896,11.979,-5.000,0.000
2017-06-23 13:00,7.961,408.078,,7.465,33.914,-0.896,-7.535,11.851,-5.000,0.000
2017-06-23 14:00,7.934,411.622,,7.448,33.917,-2.158,-5.848,11.473,-5.000,0.000
2017-06-23 15:00,7.916,410.893,,7.438,33.919,-2.214,-5.091,11.239,-5.000,0.000
2017-06-23 16:00,7.920,416.638,,7.473,33.915,-2.181,-3.641,11.247,-5.000,0.000
2017-06-23 17:00,7.871,412.684,,7.416,33.923,-1.283,-2.850,11.429,-5.000,0.000
2017-06-23 18:00,7.857,418.300,,7.390,33.925,-1.004,-3.971,11.992,-5.000,0.000
2017-06-23 19:00,7.845,421.249,,7.380,33.927,-0.716,-3.899,12.061,-5.000,0.000
2017-06-23 20:00,7.838,416.723,,7.385,33.926,-0.373,-5.796,13.302,-5.000,0.000
2017-06-23 21:00,7.860,416.145,,7.394,33.926,-0.195,-7.607,13.491,-5.000,0.000
2017-06-23 22:00,7.890,413.320,,7.398,33.926,-0.735,-8.009,13.468,-5.000,0.000
2017-06-23 23:00,7.912,409.095,,7.392,33.927,-0.656,-7.538,13.511,-5.000,0.000
2017-06-24 00:00,7.918,405.609,,7.376,33.929,-0.423,-7.993,13.373,-5.000,0.000
2017-06-24 01:00,7.923,406.408,,7.369,33.929,-0.325,-8.221,13.112,-5.000,0.000
2017-06-24 02:00,7.892,408.080,,7.365,33.929,-0.393,-7.647,13.066,-5.000,0.000
2017-06-24 03:00,7.861,407.865,,7.363,33.930,-0.029,-8.065,13.396,-5.000,0.000
2017-06-24 04:00,7.812,407.768,,7.361,33.930,0.115,-8.587,13.544,-5.000,0.000
2017-06-24 05:00,7.802,410.136,,7.371,33.929,-0.048,-7.767,13.201,-5.000,0.000
2017-06-24 06:00,7.805,411.459,,7.407,33.925,-0.722,-6.953,12.763,-5.000,0.000
2017-06-24 07:00,7.812,411.983,,7.484,33.918,-0.494,-6.806,12.360,-5.000,0.000
2017-06-24 08:00,7.817,413.724,,7.704,33.908,-1.111,-6.128,12.047,-5.000,0.000
2017-06-24 09:00,7.826,416.487,,7.801,33.905,-1.274,-5.412,11.445,-5.000,0.000
2017-06-24 10:00,7.833,421.789,,7.843,33.902,-0.826,-4.856,11.424,-5.000,0.000
2017-06-24 11:00,7.844,420.896,,7.894,33.893,-0.825,-4.893,11.786,-5.000,0.000
2017-06-24 12:00,7.846,425.760,,7.945,33.886,-0.789,-5.049,12.058,-5.000,0.000
2017-06-24 13:00,7.828,428.812,,8.006,33.877,-0.491,-4.099,12.859,-5.000,0.000
2017-06-24 14:00,7.835,435.373,,8.056,33.870,-0.609,-3.353,13.583,-5.000,0.000
2017-06-24 15:00,7.819,443.205,,8.095,33.872,0.003,-3.126,15.452,-5.000,0.000
2017-06-24 16:00,7.821,434.744,,8.161,33.863,0.999,-3.073,14.710,-5.000,0.000
2017-06-24 17:00,7.835,429.174,,8.407,33.818,0.783,-3.484,15.428,-5.000,0.000
2017-06-24 18:00,7.827,425.970,,8.488,33.777,0.927,-4.038,15.402,-5.000,0.000
2017-06-24 19:00,7.799,421.371,,8.595,33.739,0.652,-3.565,15.293,-5.000,0.000
2017-06-24 20:00,7.780,418.406,,8.720,33.694,0.103,-1.913,15.555,-5.000,0.000
2017-06-24 21:00,7.764,418.185,,8.750,33.692,0.727,-2.792,16.031,-5.000,0.000
2017-06-24 22:00,7.731,409.659,,8.689,33.715,0.381,-3.406,15.945,-5.000,0.000
2017-06-24 23:00,7.744,406.810,,8.816,33.673,-0.286,-4.120,15.686,-5.000,0.000
2017-06-25 00:00,7.747,404.845,,8.830,33.661,-0.144,-4.318,15.243,-5.000,0.000