time,Dissolved Oxygen,Seawater Temperature,Northward Winds,Salinity,N Winds,S Winds,2mg/L
2017-05-25 00:00,1.288707076,8.264364904,-6.7598333,33.78665966,,-6.7598333,2
2017-05-25 01:00,1.322993235,8.246202251,-6.364333,33.79183205,,-6.364333,2
2017-05-25 02:00,1.345121417,8.238258382,-6.1941667,33.79375793,,-6.1941667,2
2017-05-25 03:00,1.321968154,8.260390757,-5.834,33.78996487,,-5.834,2
2017-05-25 04:00,1.326248211,8.286341873,-5.266667,33.78446445,,-5.266667,2
2017-05-25 05:00,1.294252819,8.310777904,-5.072833,33.77898217,,-5.072833,2
2017-05-25 06:00,1.216792123,8.323504007,-5.4513345,33.77583186,,-5.4513345,2
2017-05-25 07:00,1.204710806,8.281775173,-5.2383327,33.78424764,,-5.2383327,2
2017-05-25 08:00,1.128794329,8.279875347,-5.2065005,33.78415768,,-5.2065005,2
2017-05-25 09:00,1.062529623,8.304292255,-4.4941664,33.77965731,,-4.4941664,2
2017-05-25 10:00,1.054564002,8.23863057,-3.8998334,33.79341439,,-3.8998334,2
2017-05-25 11:00,1.069845999,8.184196876,-4.6470003,33.80259795,,-4.6470003,2
2017-05-25 12:00,1.093641475,8.101675134,-5.742,33.81898559,,-5.742,2
2017-05-25 13:00,1.120636605,8.112606015,-5.525999,33.81609167,,-5.525999,2
2017-05-25 14:00,1.155668531,8.148952117,-4.861,33.80943231,,-4.861,2
2017-05-25 15:00,1.197560768,8.206285185,-4.6235,33.7981231,,-4.6235,2
2017-05-25 16:00,1.177027598,8.154392181,-4.816666,33.80777279,,-4.816666,2
2017-05-25 17:00,1.128216484,7.771496995,-5.3510003,33.87466979,,-5.3510003,2
2017-05-25 18:00,1.122383646,7.861028587,-5.6523333,33.85945953,,-5.6523333,2
2017-05-25 19:00,1.184220549,8.011960333,-5.855167,33.83502478,,-5.855167,2
2017-05-25 20:00,1.212843422,8.068104634,-5.7621675,33.82656819,,-5.7621675,2
2017-05-25 21:00,1.113802213,8.067891989,-6.143667,33.82868847,,-6.143667,2
2017-05-25 22:00,1.01282164,7.962886069,-6.981834,33.84677828,,-6.981834,2
2017-05-25 23:00,1.077114199,8.052567556,-7.590667,33.82684185,,-7.590667,2
2017-05-26 00:00,1.176646182,8.11347252,-7.6085005,33.81765765,,-7.6085005,2
2017-05-26 01:00,1.120165697,8.22419027,-7.2261667,33.79830948,,-7.2261667,2
2017-05-26 02:00,1.148349549,8.2084299,-7.2393336,33.80143691,,-7.2393336,2
2017-05-26 03:00,1.110906274,8.120410659,-6.885167,33.81630956,,-6.885167,2
2017-05-26 04:00,1.12533422,8.042748807,-6.372167,33.82959799,,-6.372167,2
2017-05-26 05:00,1.11084974,8.106294016,-5.8895006,33.81763697,,-5.8895006,2
2017-05-26 06:00,1.087355625,8.160846217,-5.9635,33.80885244,,-5.9635,2
2017-05-26 07:00,1.075332789,8.185097733,-4.4838333,33.80494298,,-4.4838333,2
2017-05-26 08:00,1.155133675,8.227175384,-4.914833,33.7973354,,-4.914833,2
2017-05-26 09:00,1.143199199,8.269422342,-5.8900003,33.78997912,,-5.8900003,2
2017-05-26 10:00,1.129914803,8.308787834,-4.7150006,33.78254365,,-4.7150006,2
2017-05-26 11:00,1.194156802,8.332897151,-4.7365003,33.77795061,,-4.7365003,2
2017-05-26 12:00,1.225740446,8.364005388,-5.5766673,33.77130906,,-5.5766673,2
2017-05-26 13:00,1.142858102,8.369891691,-5.0993342,33.76982758,,-5.0993342,2
2017-05-26 14:00,1.147918741,8.342376079,-4.141,33.77565203,,-4.141,2
2017-05-26 15:00,1.193158304,8.360539498,-4.945,33.77132235,,-4.945,2
2017-05-26 16:00,1.103446365,8.349960657,-4.324,33.77360795,,-4.324,2
2017-05-26 17:00,1.121602893,8.365904437,-3.6948335,33.77051441,,-3.6948335,2
2017-05-26 18:00,1.123702487,8.366061604,-5.0295,33.76969867,,-5.0295,2
2017-05-26 19:00,1.184765558,8.348455095,-5.755167,33.77622142,,-5.755167,2
2017-05-26 20:00,1.169022527,8.369515766,-6.268,33.77103539,,-6.268,2
2017-05-26 21:00,1.174929614,8.391392418,-6.804833,33.76503557,,-6.804833,2
2017-05-26 22:00,1.238950149,8.42824991,-6.710666,33.75508718,,-6.710666,2
2017-05-26 23:00,1.196550013,8.451942084,-7.3885007,33.74975844,,-7.3885007,2
2017-05-27 00:00,1.156150953,8.447472847,-7.561166,33.75305001,,-7.561166,2
2017-05-27 01:00,1.045921275,8.424286921,-7.184167,33.76000478,,-7.184167,2
2017-05-27 02:00,1.186469109,8.399827871,-7.0765,33.76608793,,-7.0765,2
2017-05-27 03:00,1.247965324,8.386363644,-6.8873334,33.76919129,,-6.8873334,2
2017-05-27 04:00,1.204229738,8.384526022,-6.619667,33.76852019,,-6.619667,2
2017-05-27 05:00,1.179531278,8.383646524,-6.446,33.7679996,,-6.446,2
2017-05-27 06:00,1.143145153,8.371384106,-5.104334,33.77091557,,-5.104334,2
2017-05-27 07:00,1.097985635,8.317297394,-1.0928333,33.78108732,,-1.0928333,2
2017-05-27 08:00,1.090030339,8.304274866,0.43066663,33.78393088,0.43066663,,2
2017-05-27 09:00,1.019112389,8.325763529,-0.22083333,33.77930465,,-0.22083333,2
2017-05-27 10:00,1.063528972,8.369171511,-0.22216667,33.76995656,,-0.22216667,2
2017-05-27 11:00,1.109303904,8.372953206,0.9893334,33.76698741,0.9893334,,2
2017-05-27 12:00,1.180263483,8.394612691,1.1523331,33.76231374,1.1523331,,2
2017-05-27 13:00,1.226549059,8.39468963,0.8120001,33.76289562,0.8120001,,2
2017-05-27 14:00,1.192841645,8.403176362,0.8076666,33.76223961,0.8076666,,2
2017-05-27 15:00,1.12923288,8.408567664,0.7028333,33.75985224,0.7028333,,2
2017-05-27 16:00,1.084247127,8.440868228,0.6321667,33.75210888,0.6321667,,2
2017-05-27 17:00,1.119536474,8.480678292,0.6563333,33.74138076,0.6563333,,2
2017-05-27 18:00,1.171135365,8.504209138,0.99549997,33.73380698,0.99549997,,2
2017-05-27 19:00,1.196745684,8.543688945,0.2566667,33.73008871,0.2566667,,2
2017-05-27 20:00,1.147140102,8.44651999,-0.87533325,33.75445142,,-0.87533325,2
2017-05-27 21:00,0.967099013,8.309336038,-1.3583333,33.78183956,,-1.3583333,2
2017-05-27 22:00,0.873267899,8.311482577,-1.5266665,33.78108316,,-1.5266665,2
2017-05-27 23:00,0.861972806,8.317061649,-1.465,33.77864276,,-1.465,2
2017-05-28 00:00,0.849324193,8.168184734,-1.4288332,33.80820031,,-1.4288332,2
2017-05-28 01:00,0.840058457,8.179493574,-0.5476666,33.80743826,,-0.5476666,2
2017-05-28 02:00,0.812889405,8.204195789,0.5416667,33.79445256,0.5416667,,2
2017-05-28 03:00,0.817816542,8.231916329,0.81733334,33.7988568,0.81733334,,2
2017-05-28 04:00,0.785880597,8.264082652,-0.03983333,33.79259271,,-0.03983333,2
2017-05-28 05:00,0.710719592,8.27865461,0.6726667,33.78915994,0.6726667,,2
2017-05-28 06:00,0.75483176,8.308913355,1.108,33.78309164,1.108,,2
2017-05-28 07:00,0.741252414,8.352835245,1.8368332,33.77320486,1.8368332,,2
2017-05-28 08:00,0.797835972,8.413551611,2.5816667,33.7576519,2.5816667,,2
2017-05-28 09:00,0.88445571,8.540278888,1.5563334,33.7349606,1.5563334,,2
2017-05-28 10:00,1.010610373,8.647024008,1.8516667,33.71582359,1.8516667,,2
2017-05-28 11:00,1.007748854,8.704451539,1.4701667,33.70591415,1.4701667,,2
2017-05-28 12:00,1.149105125,8.715288298,0.84983337,33.70350527,0.84983337,,2
2017-05-28 13:00,1.053318339,8.672585263,1.325,33.71190134,1.325,,2
2017-05-28 14:00,0.978593327,8.632285861,1.7443333,33.71692644,1.7443333,,2
2017-05-28 15:00,0.859418056,8.600330311,2.1974998,33.72332282,2.1974998,,2
2017-05-28 16:00,0.770359011,8.588996706,2.335667,33.72629578,2.335667,,2
2017-05-28 17:00,0.801465863,8.580921421,2.493,33.72897717,2.493,,2
2017-05-28 18:00,0.738997359,8.560607452,2.1096668,33.73266219,2.1096668,,2
2017-05-28 19:00,0.726189118,8.570764155,1.9606668,33.7305851,1.9606668,,2
2017-05-28 20:00,0.662303507,8.590023808,1.4780002,33.72604442,1.4780002,,2
2017-05-28 21:00,0.663428311,8.609976541,1.3065,33.72145546,1.3065,,2
2017-05-28 22:00,0.633209068,8.617504787,0.66883343,33.72009558,0.66883343,,2
2017-05-28 23:00,0.612088291,8.620115417,-0.27616665,33.72004734,,-0.27616665,2
2017-05-29 00:00,0.626065596,8.654274326,-0.9478333,33.71443695,,-0.9478333,2
2017-05-29 01:00,0.648717855,8.672315914,-0.6856667,33.71146324,,-0.6856667,2
2017-05-29 02:00,0.615087949,8.645342898,-0.7351666,33.71650852,,-0.7351666,2
2017-05-29 03:00,0.610190524,8.611606025,-0.7155,33.7235226,,-0.7155,2
2017-05-29 04:00,0.568317389,8.604996672,-2.1881669,33.72495947,,-2.1881669,2
2017-05-29 05:00,0.611751209,8.707396128,-2.6455,33.70494153,,-2.6455,2
2017-05-29 06:00,0.81314333,8.840412751,-2.0863333,33.67814808,,-2.0863333,2
2017-05-29 07:00,0.926807639,8.942037958,-2.3818333,33.65776364,,-2.3818333,2
2017-05-29 08:00,0.81233871,8.933473035,-3.2635,33.66171755,,-3.2635,2
2017-05-29 09:00,0.719912065,8.898668257,-3.542833,33.66601813,,-3.542833,2
2017-05-29 10:00,0.954773669,8.925792725,-4.571167,33.65993633,,-4.571167,2
2017-05-29 11:00,1.011032454,8.960897132,-4.917834,33.65332127,,-4.917834,2
2017-05-29 12:00,0.800477857,8.712346525,-4.8383336,33.70541531,,-4.8383336,2
2017-05-29 13:00,0.568505185,8.495708062,-5.1611667,33.74894619,,-5.1611667,2
2017-05-29 14:00,0.537009598,8.489121167,-5.4249997,33.74958358,,-5.4249997,2
2017-05-29 15:00,0.563581639,8.48464757,-4.8445,33.74917861,,-4.8445,2
2017-05-29 16:00,0.565167208,8.458995096,-5.107,33.75567824,,-5.107,2
2017-05-29 17:00,0.539720129,8.431740728,-4.2668333,33.76024062,,-4.2668333,2
2017-05-29 18:00,0.522519679,8.411567051,-4.545,33.76143349,,-4.545,2
2017-05-29 19:00,0.527562098,8.438285439,-3.7916667,33.75602342,,-3.7916667,2
2017-05-29 20:00,0.619058605,8.509618858,-3.1598334,33.74281412,,-3.1598334,2
2017-05-29 21:00,0.573042629,8.472819633,-3.1951668,33.75208863,,-3.1951668,2
2017-05-29 22:00,0.480010973,8.265820007,-3.633167,33.79340314,,-3.633167,2
2017-05-29 23:00,0.449561583,8.255727661,-3.6131666,33.79581149,,-3.6131666,2
2017-05-30 00:00,0.462901297,8.278641491,-3.8841667,33.7911872,,-3.8841667,2
2017-05-30 01:00,0.464322272,8.323520219,-3.8633335,33.78221638,,-3.8633335,2
2017-05-30 02:00,0.489338081,8.331377849,-3.955333,33.78084625,,-3.955333,2
2017-05-30 03:00,0.495763553,8.335357411,-2.4883335,33.780485,,-2.4883335,2
2017-05-30 04:00,0.474905793,8.353758263,-3.0491667,33.77634364,,-3.0491667,2
2017-05-30 05:00,0.445353103,8.375371031,-1.9810001,33.77129536,,-1.9810001,2
2017-05-30 06:00,0.48401742,8.394926287,-2.1873333,33.76661461,,-2.1873333,2
2017-05-30 07:00,0.643550827,8.458375685,-2.4658332,33.75289379,,-2.4658332,2
2017-05-30 08:00,0.764992465,8.564834542,-1.8518333,33.73248184,,-1.8518333,2
2017-05-30 09:00,0.725479867,8.66094513,-1.9083332,33.71250006,,-1.9083332,2
2017-05-30 10:00,0.831211286,8.767280598,-2.1858332,33.69160937,,-2.1858332,2
2017-05-30 11:00,0.801834964,8.719395249,-2.3566666,33.70120146,,-2.3566666,2
2017-05-30 12:00,0.870479973,8.723997841,-1.5611668,33.70035044,,-1.5611668,2
2017-05-30 13:00,0.792279475,8.729775007,-1.4106667,33.69896491,,-1.4106667,2
2017-05-30 14:00,0.786418038,8.717951778,-0.31483334,33.70133941,,-0.31483334,2
2017-05-30 15:00,0.87534797,8.696158476,-0.9216667,33.70576287,,-0.9216667,2
2017-05-30 16:00,0.914388774,8.656317178,-1.7705001,33.7136291,,-1.7705001,2
2017-05-30 17:00,0.94739791,8.663697464,-0.74966675,33.71206871,,-0.74966675,2
2017-05-30 18:00,0.887930721,8.676784391,0.7426666,33.70889057,0.7426666,,2
2017-05-30 19:00,0.90387248,8.671222575,3.1026666,33.7097814,3.1026666,,2
2017-05-30 20:00,0.882241555,8.677307629,2.0165,33.70873303,2.0165,,2
2017-05-30 21:00,0.876155036,8.662801136,2.6261666,33.71095757,2.6261666,,2
2017-05-30 22:00,0.839102602,8.630875081,1.2013334,33.718324,1.2013334,,2
2017-05-30 23:00,0.834024765,8.58250187,0.376,33.72797325,0.376,,2
2017-05-31 00:00,0.821508831,8.609629911,-0.3705,33.72240044,,-0.3705,2
2017-05-31 01:00,0.877287487,8.674364583,-0.2936667,33.71005829,,-0.2936667,2
2017-05-31 02:00,0.998808015,8.703134419,-0.18066667,33.70447549,,-0.18066667,2
2017-05-31 03:00,1.018314596,8.678546823,-1.0613333,33.71043959,,-1.0613333,2
2017-05-31 04:00,0.986145705,8.647559135,-0.9716667,33.71623408,,-0.9716667,2
2017-05-31 05:00,0.958929623,8.620955502,-0.8688334,33.7212333,,-0.8688334,2
2017-05-31 06:00,0.869652814,8.583765686,-1.1338333,33.72832926,,-1.1338333,2
2017-05-31 07:00,0.769999997,8.569056626,0.011999999,33.73150657,0.011999999,,2
2017-05-31 08:00,0.798786252,8.625900805,1.0915,33.71801536,1.0915,,2
2017-05-31 09:00,0.997337386,8.72862023,2.141,33.69421986,2.141,,2
2017-05-31 10:00,1.087032214,8.793158677,2.227,33.6818551,2.227,,2
2017-05-31 11:00,1.035853549,8.677410364,2.2836668,33.70397387,2.2836668,,2
2017-05-31 12:00,0.84086546,8.664699003,3.4098332,33.7052151,3.4098332,,2
2017-05-31 13:00,0.842473962,8.670987241,4.5659995,33.70380502,4.5659995,,2
2017-05-31 14:00,0.982255251,8.717294951,5.213834,33.69634549,5.213834,,2
2017-05-31 15:00,0.961677413,8.730617372,4.6108336,33.69466627,4.6108336,,2
2017-05-31 16:00,1.042430993,8.745288164,4.204833,33.68900961,4.204833,,2
2017-05-31 17:00,0.754535457,8.734791629,5.024333,33.6899092,5.024333,,2
2017-05-31 18:00,0.744194654,8.717332675,5.621833,33.69536093,5.621833,,2
2017-05-31 19:00,0.807278689,8.662437137,6.23,33.7110217,6.23,,2
2017-05-31 20:00,0.788474357,8.551866744,5.8186665,33.73288784,5.8186665,,2
2017-05-31 21:00,0.762246533,8.639129159,5.570667,33.71587182,5.570667,,2
2017-05-31 22:00,0.87948331,8.728932383,5.754333,33.69857358,5.754333,,2
2017-05-31 23:00,0.704702893,8.716900772,6.1160007,33.70161246,6.1160007,,2
2017-06-01 00:00,0.859655126,8.765523089,6.285333,33.69279226,6.285333,,2
2017-06-01 01:00,1.027838031,8.900855309,6.4501657,33.668397,6.4501657,,2
2017-06-01 02:00,1.100702625,8.912938349,6.211833,33.66543209,6.211833,,2
2017-06-01 03:00,1.195126258,9.034023187,6.6198335,33.63673918,6.6198335,,2
2017-06-01 04:00,1.455161379,9.19754222,6.5583334,33.60922271,6.5583334,,2
2017-06-01 05:00,2.207788322,9.50436788,6.578834,33.57050999,6.578834,,2
2017-06-01 06:00,2.560347924,9.407252355,6.197333,33.5922627,6.197333,,2
2017-06-01 07:00,2.270777544,9.359397619,6.0176673,33.59374412,6.0176673,,2
2017-06-01 08:00,2.373925821,9.457407141,5.207501,33.57792166,5.207501,,2
2017-06-01 09:00,2.713267356,9.53685923,5.128833,33.5662271,5.128833,,2
2017-06-01 10:00,2.53558823,9.680534248,3.7618332,33.54107923,3.7618332,,2
2017-06-01 11:00,4.213819411,10.73672047,3.9772415,33.33543631,3.9772415,,2
2017-06-01 12:00,4.383820848,10.30090749,4.8493333,33.38387731,4.8493333,,2
2017-06-01 13:00,3.154109125,10.2005032,2.0928333,33.38477824,2.0928333,,2
2017-06-01 14:00,4.627664196,11.11748644,2.2928813,33.11618302,2.2928813,,2
2017-06-01 15:00,6.573754262,11.5788872,1.9530002,33.00658499,1.9530002,,2
2017-06-01 16:00,7.423336616,11.64256024,2.5615003,32.98430686,2.5615003,,2
2017-06-01 17:00,6.091840101,10.5007807,3.8759995,33.30938034,3.8759995,,2
2017-06-01 18:00,3.249107534,9.611445973,3.219333,33.54428146,3.219333,,2
2017-06-01 19:00,2.735031253,9.567277166,4.4393334,33.55031557,4.4393334,,2
2017-06-01 20:00,2.732004124,9.593443217,4.3268332,33.54485822,4.3268332,,2
2017-06-01 21:00,2.950233478,9.788977307,4.3880005,33.50670113,4.3880005,,2
2017-06-01 22:00,4.125220785,10.80267735,3.3321662,33.21136673,3.3321662,,2
2017-06-01 23:00,5.872387269,11.18008927,3.7436666,33.09170019,3.7436666,,2
2017-06-02 00:00,5.619315841,11.00941662,4.2783337,33.14970891,4.2783337,,2
2017-06-02 01:00,4.031501325,10.01089358,3.8076668,33.44246653,3.8076668,,2
2017-06-02 02:00,3.838632562,10.52313292,4.1454997,33.29512633,4.1454997,,2
2017-06-02 03:00,5.447262501,11.16233259,3.8961668,33.08737247,3.8961668,,2
2017-06-02 04:00,6.574352236,11.57737347,4.1475005,32.93151553,4.1475005,,2
2017-06-02 05:00,6.351824238,11.16118741,4.2363334,33.0736809,4.2363334,,2
2017-06-02 06:00,5.243848972,10.84718563,4.710334,33.16604164,4.710334,,2
2017-06-02 07:00,5.202511884,11.11742534,4.8298335,33.0826307,4.8298335,,2
2017-06-02 08:00,5.429981689,10.99389286,4.850333,33.12466443,4.850333,,2
2017-06-02 09:00,5.192843134,10.86889088,5.6185,33.1511347,5.6185,,2
2017-06-02 10:00,5.328646695,10.88437662,5.1979995,33.136504,5.1979995,,2
2017-06-02 11:00,5.341966087,10.8882648,5.086667,33.14006764,5.086667,,2
2017-06-02 12:00,5.853516977,11.00117332,5.3606668,33.09547615,5.3606668,,2
2017-06-02 13:00,5.301085197,10.61103074,4.6435,33.22242954,4.6435,,2
2017-06-02 14:00,4.805111512,10.68819816,4.072167,33.19210012,4.072167,,2
2017-06-02 15:00,4.701956942,10.54608456,2.5373337,33.24373578,2.5373337,,2
2017-06-02 16:00,5.253180036,10.90768029,2.792167,33.11816249,2.792167,,2
2017-06-02 17:00,5.659291479,10.83565201,4.188833,33.13392319,4.188833,,2
2017-06-02 18:00,5.040134896,10.6828157,4.3164997,33.18952175,4.3164997,,2
2017-06-02 19:00,5.502821395,10.71481435,2.5241668,33.17125506,2.5241668,,2
2017-06-02 20:00,5.427982918,10.73178492,0.9711667,33.16001445,0.9711667,,2
2017-06-02 21:00,5.536960894,10.81188543,-2.4648333,33.12807739,,-2.4648333,2
2017-06-02 22:00,5.877758437,10.87298972,-3.7603333,33.10642845,,-3.7603333,2
2017-06-02 23:00,5.698892107,10.95365477,-4.5196667,33.07971122,,-4.5196667,2
2017-06-03 00:00,5.553282415,10.99045649,-5.0285006,33.05399223,,-5.0285006,2
2017-06-03 01:00,4.512620592,10.46189766,-5.1299996,33.25223605,,-5.1299996,2
2017-06-03 02:00,2.923048053,9.94972744,-4.0115,33.42319304,,-4.0115,2
2017-06-03 03:00,2.304554014,10.11011797,-3.3221667,33.35905598,,-3.3221667,2
2017-06-03 04:00,2.785387228,10.19981951,-1.9866668,33.31828669,,-1.9866668,2
2017-06-03 05:00,3.232746355,10.54778428,-1.4269999,33.19730471,,-1.4269999,2
2017-06-03 06:00,3.806162363,10.93358473,-0.25733334,33.05308663,,-0.25733334,2
2017-06-03 07:00,3.755614508,10.42088742,-0.738,33.23511058,,-0.738,2
2017-06-03 08:00,2.651378329,10.00436461,-1.193,33.39446497,,-1.193,2
2017-06-03 09:00,2.323593702,10.17400108,-2.2313335,33.33105331,,-2.2313335,2
2017-06-03 10:00,2.51535884,10.36914418,-2.5683336,33.25530285,,-2.5683336,2
2017-06-03 11:00,2.582836481,10.46209904,-2.8671663,33.22742995,,-2.8671663,2
2017-06-03 12:00,3.100191483,10.365272,-3.1623337,33.27294991,,-3.1623337,2
2017-06-03 13:00,2.068745107,9.899583436,-3.3856666,33.42212217,,-3.3856666,2
2017-06-03 14:00,1.637582355,9.606325898,-4.139167,33.51551917,,-4.139167,2
2017-06-03 15:00,1.291379009,9.351312957,-3.5143335,33.57246163,,-3.5143335,2
2017-06-03 16:00,1.042649193,9.19618931,-3.8426669,33.60195827,,-3.8426669,2
2017-06-03 17:00,1.120351909,9.171707621,-5.4654994,33.60592391,,-5.4654994,2
2017-06-03 18:00,1.179520471,9.230428166,-5.7324996,33.59442042,,-5.7324996,2
2017-06-03 19:00,2.043967087,9.779517366,-5.402,33.44477876,,-5.402,2
2017-06-03 20:00,3.306729068,10.44155587,-5.4863334,33.21346732,,-5.4863334,2
2017-06-03 21:00,3.586223706,10.14058929,-5.382667,33.3150043,,-5.382667,2
2017-06-03 22:00,1.948731809,9.30527164,-5.3605,33.55151421,,-5.3605,2
2017-06-03 23:00,0.987220147,9.109615052,-5.541167,33.60299866,,-5.541167,2
2017-06-04 00:00,0.917804673,9.144389792,-5.653667,33.59345761,,-5.653667,2
2017-06-04 01:00,0.981203695,9.020133147,-6.0220003,33.62516219,,-6.0220003,2
2017-06-04 02:00,0.813020837,8.832899152,-6.5379996,33.66898044,,-6.5379996,2
2017-06-04 03:00,0.71851415,8.804610892,-6.2679996,33.67455729,,-6.2679996,2
2017-06-04 04:00,0.691089677,8.837693234,-6.3405,33.66755041,,-6.3405,2
2017-06-04 05:00,0.66173019,8.908946984,-6.6644993,33.65191644,,-6.6644993,2
2017-06-04 06:00,0.641801958,8.998387295,-6.4538336,33.63372483,,-6.4538336,2
2017-06-04 07:00,0.628794135,9.160183213,-6.2195,33.59576239,,-6.2195,2
2017-06-04 08:00,1.03234716,9.283130694,-5.966667,33.56388139,,-5.966667,2
2017-06-04 09:00,0.761125183,8.972800724,-5.971,33.6353707,,-5.971,2
2017-06-04 10:00,0.683811128,8.912736431,-5.852667,33.64544675,,-5.852667,2
2017-06-04 11:00,0.707625131,8.859181632,-5.2995,33.65671336,,-5.2995,2
2017-06-04 12:00,0.796256879,8.872875617,-5.2853327,33.6546874,,-5.2853327,2
2017-06-04 13:00,0.713067834,8.818091046,-5.289334,33.6680317,,-5.289334,2
2017-06-04 14:00,0.778736288,8.810486696,-5.4804993,33.67014367,,-5.4804993,2
2017-06-04 15:00,0.888007864,8.802352872,-5.636167,33.67278099,,-5.636167,2
2017-06-04 16:00,0.902632922,8.783265954,-5.3788333,33.67733654,,-5.3788333,2
2017-06-04 17:00,1.01076299,8.770961689,-5.612,33.67879167,,-5.612,2
2017-06-04 18:00,1.136498683,8.744829184,-5.0599995,33.68458022,,-5.0599995,2
2017-06-04 19:00,0.994191286,8.732426659,-5.2161665,33.68724745,,-5.2161665,2
2017-06-04 20:00,0.87430703,8.775080612,-5.1970005,33.67889764,,-5.1970005,2
2017-06-04 21:00,0.865437903,8.865423009,-5.4675,33.66002828,,-5.4675,2
2017-06-04 22:00,0.942713716,8.859731464,-5.518167,33.66113828,,-5.518167,2
2017-06-04 23:00,0.914305946,8.759736566,-5.8255,33.68121923,,-5.8255,2
2017-06-05 00:00,0.811363136,8.640865955,-6.129999,33.70714091,,-6.129999,2
2017-06-05 01:00,0.695467634,8.632964134,-6.3618336,33.7088738,,-6.3618336,2
2017-06-05 02:00,0.675500204,8.636936452,-6.7450004,33.70803976,,-6.7450004,2
2017-06-05 03:00,0.636605686,8.627424839,-7.2093334,33.71054319,,-7.2093334,2
2017-06-05 04:00,0.708222186,8.641115084,-7.156667,33.70723947,,-7.156667,2
2017-06-05 05:00,0.691383437,8.657679278,-7.258167,33.70355018,,-7.258167,2
2017-06-05 06:00,0.80359275,8.650393678,-7.1881666,33.70519459,,-7.1881666,2
2017-06-05 07:00,0.836188426,8.728986112,-7.516166,33.68901753,,-7.516166,2
2017-06-05 08:00,0.920779533,8.812492169,-7.4703326,33.67048934,,-7.4703326,2
2017-06-05 09:00,1.033496377,8.925373929,-6.7774997,33.64735524,,-6.7774997,2
2017-06-05 10:00,1.248510412,9.063329964,-6.5896664,33.60041763,,-6.5896664,2
2017-06-05 11:00,1.017371404,8.822195054,-4.963,33.66257844,,-4.963,2
2017-06-05 12:00,0.774130931,8.749641833,-4.318833,33.68390972,,-4.318833,2
2017-06-05 13:00,0.699210521,8.585521947,-4.757167,33.71979073,,-4.757167,2
2017-06-05 14:00,0.564722503,8.570455955,-3.4490001,33.72150571,,-3.4490001,2
2017-06-05 15:00,0.647036859,8.637590434,-3.077333,33.70666737,,-3.077333,2
2017-06-05 16:00,0.755842613,8.724716533,-4.022,33.6897082,,-4.022,2
2017-06-05 17:00,0.870572512,8.770135277,-3.9181666,33.68056484,,-3.9181666,2
2017-06-05 18:00,0.952698816,8.769087618,-5.4834995,33.68348512,,-5.4834995,2
2017-06-05 19:00,0.385365032,8.39520902,-6.638167,33.76187654,,-6.638167,2
2017-06-05 20:00,0.393947062,8.506951558,-7.716333,33.73832199,,-7.716333,2
2017-06-05 21:00,0.743742155,8.779092177,-7.812834,33.67785934,,-7.812834,2
2017-06-05 22:00,0.956901934,8.813280992,-7.6685004,33.67159394,,-7.6685004,2
2017-06-05 23:00,0.857745701,8.751443342,-7.8169994,33.6836647,,-7.8169994,2
2017-06-06 00:00,0.810010099,8.65164719,-7.9908338,33.70692461,,-7.9908338,2
2017-06-06 01:00,0.629825301,8.563497167,-8.239167,33.72225418,,-8.239167,2
2017-06-06 02:00,0.620900638,8.577982884,-8.1445,33.71990256,,-8.1445,2
2017-06-06 03:00,0.43995054,8.579957018,-7.7166667,33.72152738,,-7.7166667,2
2017-06-06 04:00,0.459302671,8.562170759,-6.998667,33.72602264,,-6.998667,2
2017-06-06 05:00,0.348181817,8.5793566,-5.9743333,33.72470328,,-5.9743333,2
2017-06-06 06:00,0.343236528,8.591653403,-5.731001,33.72254158,,-5.731001,2
2017-06-06 07:00,0.305497568,8.630542849,-5.4235,33.71413322,,-5.4235,2
2017-06-06 08:00,0.476403299,8.677614601,-4.806,33.7032455,,-4.806,2
2017-06-06 09:00,0.406847569,8.715936836,-4.768167,33.69347037,,-4.768167,2
2017-06-06 10:00,0.450399752,8.741047957,-4.833833,33.68833953,,-4.833833,2
2017-06-06 11:00,0.531360472,8.785748179,-3.9770002,33.67838372,,-3.9770002,2
2017-06-06 12:00,0.503255126,8.813738111,-3.605333,33.67272314,,-3.605333,2
2017-06-06 13:00,0.515305027,8.823176823,-3.1188333,33.67023537,,-3.1188333,2
2017-06-06 14:00,0.524744333,8.819845124,-3.3726666,33.66961749,,-3.3726666,2
2017-06-06 15:00,0.494784621,8.844716966,-2.8388333,33.66489361,,-2.8388333,2
2017-06-06 16:00,0.578699958,8.878443383,0.5445,33.65594867,0.5445,,2
2017-06-06 17:00,0.416480743,8.726356806,-0.08299999,33.68252909,,-0.08299999,2
2017-06-06 18:00,0.382945882,8.731808454,-1.2010001,33.68055565,,-1.2010001,2
2017-06-06 19:00,0.492160517,8.789603046,-0.4246667,33.66558183,,-0.4246667,2
2017-06-06 20:00,0.640433414,8.836671659,1.4086667,33.64937741,1.4086667,,2
2017-06-06 21:00,0.669008221,8.899517553,0.46733335,33.63149351,0.46733335,,2
2017-06-06 22:00,0.777152846,8.944096808,-0.21450001,33.60643114,,-0.21450001,2
2017-06-06 23:00,0.778437373,8.967953066,-0.27266672,33.59092202,,-0.27266672,2
2017-06-07 00:00,0.897421509,9.069053193,0.46,33.56199723,0.46,,2
2017-06-07 01:00,1.004436885,9.098682496,0.3456667,33.54066447,0.3456667,,2
2017-06-07 02:00,1.102764129,9.091232589,-0.49733335,33.52090535,,-0.49733335,2
2017-06-07 03:00,1.084395392,9.080094736,-0.41983333,33.52935283,,-0.41983333,2
2017-06-07 04:00,0.963731918,9.067900866,0.99600005,33.54131135,0.99600005,,2
2017-06-07 05:00,0.903533119,9.076740592,1.5306667,33.54757548,1.5306667,,2
2017-06-07 06:00,0.980938579,9.095165871,1.6316667,33.54042879,1.6316667,,2
2017-06-07 07:00,0.975282324,9.089836162,1.4584999,33.5437333,1.4584999,,2
2017-06-07 08:00,0.91954525,9.030741998,1.5076665,33.56885207,1.5076665,,2
2017-06-07 09:00,0.701375928,8.953242131,1.2336667,33.59908069,1.2336667,,2
2017-06-07 10:00,0.528161366,8.805471684,0.6788333,33.65067854,0.6788333,,2
2017-06-07 11:00,0.615593724,8.898475545,1.9319999,33.61043999,1.9319999,,2
2017-06-07 12:00,0.521474884,8.825704563,2.767,33.63586805,2.767,,2
2017-06-07 13:00,0.620859846,8.89574391,3.1821666,33.60967255,3.1821666,,2
2017-06-07 14:00,0.883250369,9.122811655,3.0466666,33.52595285,3.0466666,,2
2017-06-07 15:00,0.756188072,8.89307284,1.5351666,33.60196912,1.5351666,,2
2017-06-07 16:00,0.46455783,8.761192053,1.3323334,33.64476211,1.3323334,,2
2017-06-07 17:00,0.377772768,8.748893193,4.708334,33.6479732,4.708334,,2
2017-06-07 18:00,0.469457238,8.754595023,4.6460004,33.64586031,4.6460004,,2
2017-06-07 19:00,0.44307103,8.763365271,5.2593336,33.64349241,5.2593336,,2
2017-06-07 20:00,0.436304401,8.768053294,6.4035,33.63913735,6.4035,,2
2017-06-07 21:00,0.421730932,8.776430035,6.5761666,33.63685747,6.5761666,,2
2017-06-07 22:00,0.439885601,8.809242127,6.5073333,33.62622165,6.5073333,,2
2017-06-07 23:00,0.595054573,8.922002654,6.172666,33.59337661,6.172666,,2
2017-06-08 00:00,0.73568006,8.990102903,5.437667,33.56901745,5.437667,,2
2017-06-08 01:00,0.841847315,8.998216564,5.2916665,33.55758378,5.2916665,,2
2017-06-08 02:00,0.92172054,8.994585891,5.4391665,33.56198124,5.4391665,,2
2017-06-08 03:00,0.751851318,8.945981969,4.9795,33.57654816,4.9795,,2
2017-06-08 04:00,0.610021438,8.94623709,6.181166,33.57691068,6.181166,,2
2017-06-08 05:00,0.577696003,8.938057754,6.804833,33.57974214,6.804833,,2
2017-06-08 06:00,0.72884174,8.98356863,7.0831666,33.56688295,7.0831666,,2
2017-06-08 07:00,0.884379644,9.113299594,8.552333,33.53536279,8.552333,,2
2017-06-08 08:00,0.856649394,9.045427477,8.545834,33.5552392,8.545834,,2
2017-06-08 09:00,0.835355484,9.004005546,9.257833,33.56930777,9.257833,,2
2017-06-08 10:00,1.379373736,9.689761018,11.3081665,33.40699024,11.3081665,,2
2017-06-08 11:00,2.803585221,10.77346052,11.529833,33.1357139,11.529833,,2
2017-06-08 12:00,4.373159832,11.24386345,9.230833,33.00220992,9.230833,,2
2017-06-08 13:00,4.507141279,11.26498329,0.06649999,32.97566116,0.06649999,,2
2017-06-08 14:00,4.783695136,11.5005534,-0.39366665,32.79499783,,-0.39366665,2
2017-06-08 15:00,4.656885304,11.45263073,-0.067833334,32.7573051,,-0.067833334,2
2017-06-08 16:00,4.084541503,10.90101223,0.47066662,32.97992141,0.47066662,,2
2017-06-08 17:00,2.551345321,9.870325241,2.2605002,33.31832582,2.2605002,,2
2017-06-08 18:00,1.994576869,9.967070294,3.005667,33.27897909,3.005667,,2
2017-06-08 19:00,2.196279759,10.21187728,3.1903336,33.20929439,3.1903336,,2
2017-06-08 20:00,2.605247923,10.65535368,3.8513331,33.01346577,3.8513331,,2
2017-06-08 21:00,2.53006099,10.23912821,3.805833,33.12211075,3.805833,,2
2017-06-08 22:00,1.825310183,9.463655483,3.1261668,33.42993968,3.1261668,,2
2017-06-08 23:00,1.405246697,9.659648868,1.8573334,33.33236286,1.8573334,,2
2017-06-09 00:00,1.288932334,9.593289708,4.3761663,33.34101282,4.3761663,,2
2017-06-09 01:00,1.453472664,9.598298684,5.145834,33.354408,5.145834,,2
2017-06-09 02:00,1.590887197,9.795075408,5.274333,33.27200311,5.274333,,2
2017-06-09 03:00,2.292719459,10.35177452,5.02,33.01003102,5.02,,2
2017-06-09 04:00,2.792527193,10.54168224,4.878333,32.90179021,4.878333,,2
2017-06-09 05:00,3.085513021,10.72265026,4.5720005,32.77436937,4.5720005,,2
2017-06-09 06:00,3.384913123,10.94513563,4.7673335,32.73001862,4.7673335,,2
2017-06-09 07:00,3.446759591,11.08837755,5.203833,32.75773989,5.203833,,2
2017-06-09 08:00,3.357696772,11.15880478,5.4875,32.72340205,5.4875,,2
2017-06-09 09:00,3.672891818,11.44641592,6.2281666,32.51938698,6.2281666,,2
2017-06-09 10:00,3.529954753,11.15336282,6.4026666,32.6181151,6.4026666,,2
2017-06-09 11:00,2.659518862,10.86205566,6.1008334,32.79846203,6.1008334,,2
2017-06-09 12:00,2.817246019,11.2627239,6.400833,32.61132966,6.400833,,2
2017-06-09 13:00,3.112241266,11.39859594,7.258104,32.55071685,7.258104,,2
2017-06-09 14:00,3.440515726,11.20612374,7.4413333,32.63310131,7.4413333,,2
2017-06-09 15:00,2.758702795,10.55829167,7.5781665,32.92544039,7.5781665,,2
2017-06-09 16:00,2.686705869,10.78704507,7.4538336,32.82075915,7.4538336,,2
2017-06-09 17:00,2.795862049,11.10308836,7.021333,32.67754398,7.021333,,2
2017-06-09 18:00,2.663819315,10.43013347,6.456667,32.97803296,6.456667,,2
2017-06-09 19:00,1.894015827,10.90100345,5.6745,32.73273877,5.6745,,2
2017-06-09 20:00,1.914206388,11.54596862,5.342834,32.36249006,5.342834,,2
2017-06-09 21:00,2.390928218,11.66819266,5.293,32.26158565,5.293,,2
2017-06-09 22:00,2.449390179,12.32103142,4.9830003,31.70160646,4.9830003,,2
2017-06-09 23:00,2.533775654,12.57255131,6.028833,32.02184825,6.028833,,2
2017-06-10 00:00,2.754651817,12.64747123,5.8281665,31.93509284,5.8281665,,2
2017-06-10 01:00,2.81775717,12.63868419,5.9788327,31.91273595,5.9788327,,2
2017-06-10 02:00,2.636547988,12.57599727,4.2764997,31.89435774,4.2764997,,2
2017-06-10 03:00,2.840134483,12.62213961,3.7183332,31.73090352,3.7183332,,2
2017-06-10 04:00,2.919914995,12.35581516,5.4500012,32.13764502,5.4500012,,2
2017-06-10 05:00,3.040546379,12.26619382,6.431667,32.2611844,6.431667,,2
2017-06-10 06:00,3.184242241,12.20896163,6.1459994,32.29206447,6.1459994,,2
2017-06-10 07:00,3.172930395,12.21039622,5.130999,32.2907188,5.130999,,2
2017-06-10 08:00,3.169984852,12.23553715,5.661166,32.27338765,5.661166,,2
2017-06-10 09:00,3.088819615,12.29507919,3.133167,32.23813317,3.133167,,2
2017-06-10 10:00,3.05995801,12.31349254,4.3023334,32.215152,4.3023334,,2
2017-06-10 11:00,2.888860352,12.17644838,3.0701668,32.26766813,3.0701668,,2
2017-06-10 12:00,2.902106291,12.17990581,2.2654998,32.25595292,2.2654998,,2
2017-06-10 13:00,2.84096281,12.27272455,3.3358335,32.19707759,3.3358335,,2
2017-06-10 14:00,2.867084315,12.43666299,5.7678328,32.05813056,5.7678328,,2
2017-06-10 15:00,2.919375137,12.50178797,4.543,31.92973282,4.543,,2
2017-06-10 16:00,3.069773853,12.46031758,4.8253336,31.948537,4.8253336,,2
2017-06-10 17:00,3.115794926,12.39366503,4.8560004,32.03212757,4.8560004,,2
2017-06-10 18:00,3.028124401,12.47687582,5.582834,31.80812104,5.582834,,2
2017-06-10 19:00,2.884451808,12.42706474,3.7863336,32.02587457,3.7863336,,2
2017-06-10 20:00,2.97505086,12.49815234,2.3436668,31.97908488,2.3436668,,2
2017-06-10 21:00,2.793130438,12.50033393,1.9486668,31.98503076,1.9486668,,2
2017-06-10 22:00,2.675215854,12.47664154,2.1571667,32.0063127,2.1571667,,2
2017-06-10 23:00,2.759272027,12.4800017,0.2701667,32.00898724,0.2701667,,2
2017-06-11 00:00,2.817852994,12.47923333,1.7313333,32.01370617,1.7313333,,2
2017-06-11 01:00,2.764455724,12.50799271,1.0081667,31.98432627,1.0081667,,2
2017-06-11 02:00,2.956250961,12.53000697,-0.41799995,31.94903874,,-0.41799995,2
2017-06-11 03:00,2.758873722,12.60856122,-0.4678333,31.74434042,,-0.4678333,2
2017-06-11 04:00,2.878635076,12.62918877,-0.8938334,31.72540703,,-0.8938334,2
2017-06-11 05:00,2.983618052,12.30449739,-1.8776668,32.09205448,,-1.8776668,2
2017-06-11 06:00,2.701179794,12.17954941,-1.7783333,32.13399265,,-1.7783333,2
2017-06-11 07:00,2.457384519,12.39912046,-1.6498333,31.95636255,,-1.6498333,2
2017-06-11 08:00,2.765017845,12.55244778,-2.3621664,31.76806474,,-2.3621664,2
2017-06-11 09:00,2.898737607,12.61698893,-1.3513333,31.65701244,,-1.3513333,2
2017-06-11 10:00,3.14502129,12.65980389,-2.0368333,31.60338976,,-2.0368333,2
2017-06-11 11:00,3.476437156,12.70280804,-1.0921667,31.5429864,,-1.0921667,2
2017-06-11 12:00,3.544058011,12.72407849,-2.2050002,31.50254359,,-2.2050002,2
2017-06-11 13:00,3.538381,12.72595239,-2.12,31.4748614,,-2.12,2
2017-06-11 14:00,3.506890955,12.72186231,-1.055,31.44557989,,-1.055,2
2017-06-11 15:00,3.440884689,12.53032723,-1.7499999,31.54159752,,-1.7499999,2
2017-06-11 16:00,3.024003658,11.16939835,-2.6623333,32.48085396,,-2.6623333,2
2017-06-11 17:00,2.543421805,11.69046057,-2.8734999,32.08292997,,-2.8734999,2
2017-06-11 18:00,3.143389495,12.14359221,-3.6485002,31.77715477,,-3.6485002,2
2017-06-11 19:00,3.55644725,12.7110393,-5.8275,31.30565793,,-5.8275,2
2017-06-11 20:00,3.628352105,12.52390618,-6.330333,31.42309212,,-6.330333,2
2017-06-11 21:00,2.966051072,11.99048199,-6.151334,31.84006384,,-6.151334,2
2017-06-11 22:00,2.648913614,11.57059558,-6.0661674,32.3518584,,-6.0661674,2
2017-06-11 23:00,2.622379405,11.37501943,-5.906833,32.5124538,,-5.906833,2
2017-06-12 00:00,2.665823001,11.37600812,-6.2088323,32.52236654,,-6.2088323,2
2017-06-12 01:00,2.872876511,11.61815183,-6.070334,32.39247579,,-6.070334,2
2017-06-12 02:00,2.958700819,11.97570497,-5.743999,32.12378813,,-5.743999,2
2017-06-12 03:00,2.988793472,11.70998222,-5.7853327,32.32345672,,-5.7853327,2
2017-06-12 04:00,2.668334079,10.62543059,-5.1815004,32.90116532,,-5.1815004,2
2017-06-12 05:00,2.217255081,10.51742173,-4.770833,32.96077237,,-4.770833,2
2017-06-12 06:00,2.214175676,10.78584827,-4.061,32.83923463,,-4.061,2
2017-06-12 07:00,1.999520411,10.90535556,-4.1688333,32.78504034,,-4.1688333,2
2017-06-12 08:00,1.497752195,10.74552152,-4.8798327,32.87078788,,-4.8798327,2
2017-06-12 09:00,1.289416975,10.62599447,-4.434667,32.91632954,,-4.434667,2
2017-06-12 10:00,1.197906582,10.61669411,-3.9071662,32.92013645,,-3.9071662,2
2017-06-12 11:00,1.021661983,10.6444753,-2.81,32.90779457,,-2.81,2
2017-06-12 12:00,1.090398754,10.70431405,-2.6823335,32.87638958,,-2.6823335,2
2017-06-12 13:00,1.086558215,10.83102378,-2.9281662,32.8137893,,-2.9281662,2
2017-06-12 14:00,1.198686276,10.97526554,-2.7111666,32.74587036,,-2.7111666,2
2017-06-12 15:00,1.574328606,11.08339205,-4.4976664,32.67637602,,-4.4976664,2
2017-06-12 16:00,1.388159792,10.80237532,-4.3313336,32.82067078,,-4.3313336,2
2017-06-12 17:00,0.778612211,10.61090558,-4.330491,32.91609314,,-4.330491,2
2017-06-12 18:00,0.640251004,10.65802057,-2.4516668,32.89319901,,-2.4516668,2
2017-06-12 19:00,0.561705499,10.77517566,-2.1564407,32.82724219,,-2.1564407,2
2017-06-12 20:00,0.657828205,10.65277726,-1.8524592,32.88744367,,-1.8524592,2
2017-06-12 21:00,0.629955187,10.48441372,-2.2437289,32.96741043,,-2.2437289,2
2017-06-12 22:00,0.537853441,10.52049559,-2.1855738,32.95053484,,-2.1855738,2
2017-06-12 23:00,0.571288625,10.57736536,-2.3928812,32.92317633,,-2.3928812,2
2017-06-13 00:00,0.490885206,10.61381608,-1.4998333,32.90272777,,-1.4998333,2
2017-06-13 01:00,0.355852125,10.6198943,-1.3711666,32.89514197,,-1.3711666,2
2017-06-13 02:00,0.334514837,10.62644825,-1.9469999,32.87724021,,-1.9469999,2
2017-06-13 03:00,0.381902864,10.69915186,-2.172131,32.84131761,,-2.172131,2
2017-06-13 04:00,0.391509159,10.84035005,-1.3549151,32.774377,,-1.3549151,2
2017-06-13 05:00,0.38387255,10.58062027,-0.78116673,32.88689457,,-0.78116673,2
2017-06-13 06:00,0.398070897,10.65171685,0.041166663,32.84234131,0.041166663,,2
2017-06-13 07:00,0.44863557,10.47142827,0.24183334,32.91639419,0.24183334,,2
2017-06-13 08:00,0.287039564,10.11790717,0.7755737,33.07740523,0.7755737,,2
2017-06-13 09:00,0.165545449,9.996008075,0.3810169,33.12806726,0.3810169,,2
2017-06-13 10:00,0.26054151,10.22246907,-1.0515,33.00201532,,-1.0515,2
2017-06-13 11:00,0.359266865,10.38114914,-0.10933333,32.90406297,,-0.10933333,2
2017-06-13 12:00,0.38229746,10.38924033,0.35500002,32.88790702,0.35500002,,2
2017-06-13 13:00,0.499160245,10.29494134,1.1923332,32.94439259,1.1923332,,2
2017-06-13 14:00,0.369574291,10.28916936,1.5491803,32.94480712,1.5491803,,2
2017-06-13 15:00,0.276748961,10.27224401,1.4438335,32.95835986,1.4438335,,2
2017-06-13 16:00,0.304731755,10.20047201,0.13440678,32.99003303,0.13440678,,2
2017-06-13 17:00,0.403042125,10.25129285,1.7186885,32.95825867,1.7186885,,2
2017-06-13 18:00,0.434365806,10.34191601,0.28932205,32.90990732,0.28932205,,2
2017-06-13 19:00,0.535413888,10.37291015,-0.21333332,32.89066167,,-0.21333332,2
2017-06-13 20:00,0.570201798,10.33215643,0.6343333,32.91324657,0.6343333,,2
2017-06-13 21:00,0.465172287,10.23663202,1.5504998,32.96705557,1.5504998,,2
2017-06-13 22:00,0.513905193,10.3651763,1.5331666,32.89561103,1.5331666,,2
2017-06-13 23:00,0.550832784,10.20178122,1.7890164,32.97114695,1.7890164,,2
2017-06-14 00:00,0.597758232,9.904834311,-1.1610171,33.1148112,,-1.1610171,2
2017-06-14 01:00,0.31217349,9.531221087,-0.27683336,33.28729504,,-0.27683336,2
2017-06-14 02:00,0.186052826,9.330305285,-0.034166668,33.36675346,,-0.034166668,2
2017-06-14 03:00,0.203990878,9.422187101,0.18816668,33.33171217,0.18816668,,2
2017-06-14 04:00,0.307759893,9.775680169,0.3223333,33.17411358,0.3223333,,2
2017-06-14 05:00,0.464194993,10.0021511,0.23466668,33.070166,0.23466668,,2
2017-06-14 06:00,0.581968501,10.28935987,-0.22672132,32.86205272,,-0.22672132,2
2017-06-14 07:00,0.701846212,10.5388659,-0.35440677,32.74036296,,-0.35440677,2
2017-06-14 08:00,0.696785187,10.63374714,-0.034333337,32.70350539,,-0.034333337,2
2017-06-14 09:00,0.632452778,10.4138281,0.8145,32.79791549,0.8145,,2
2017-06-14 10:00,0.536648574,10.10486832,1.5083334,32.98824928,1.5083334,,2
2017-06-14 11:00,0.353543921,9.634742077,2.3309839,33.21407117,2.3309839,,2
2017-06-14 12:00,0.236332003,9.44057963,2.1637287,33.27811704,2.1637287,,2
2017-06-14 13:00,0.250255176,9.507942805,2.5183337,33.25950707,2.5183337,,2
2017-06-14 14:00,0.38104931,9.879069825,2.5895002,33.10927611,2.5895002,,2
2017-06-14 15:00,0.531995299,9.986276418,2.5752459,33.04352245,2.5752459,,2
2017-06-14 16:00,0.329856196,9.538974619,3.1167796,33.26073544,3.1167796,,2
2017-06-14 17:00,0.281788103,9.516022988,3.686,33.26409735,3.686,,2
2017-06-14 18:00,0.197395724,9.526841039,4.2268853,33.25597688,4.2268853,,2
2017-06-14 19:00,0.206018337,9.578205824,4.422373,33.22475874,4.422373,,2
2017-06-14 20:00,0.475217505,10.23442578,4.966167,32.89335018,4.966167,,2
2017-06-14 21:00,0.355905741,9.660374371,4.9645896,33.19435414,4.9645896,,2
2017-06-14 22:00,0.123679905,9.534355824,5.083729,33.24367194,5.083729,,2
2017-06-14 23:00,0.075685671,9.4734939,4.371667,33.28043749,4.371667,,2
2017-06-15 00:00,0.101574598,9.568870138,3.9688525,33.24132277,3.9688525,,2
2017-06-15 01:00,0.160659375,9.759276025,3.4716952,33.14940744,3.4716952,,2
2017-06-15 02:00,0.342974461,10.11254429,3.4201643,32.97206786,3.4201643,,2
2017-06-15 03:00,0.455677066,10.27694341,3.6815255,32.88072723,3.6815255,,2
2017-06-15 04:00,0.625885438,10.25990468,4.581833,32.87563763,4.581833,,2
2017-06-15 05:00,0.338199309,9.890316306,5.786229,33.08717918,5.786229,,2
2017-06-15 06:00,0.190954875,9.752036339,6.5815253,33.14776931,6.5815253,,2
2017-06-15 07:00,0.240202063,9.867180858,7.5534997,33.09452764,7.5534997,,2
2017-06-15 08:00,0.283830906,9.990566606,7.476667,33.02281407,7.476667,,2
2017-06-15 09:00,0.372486976,9.972105414,7.6959996,33.03377114,7.6959996,,2
2017-06-15 10:00,0.33377215,9.73422379,7.9486895,33.15230099,7.9486895,,2
2017-06-15 11:00,0.284459428,9.741740412,8.242882,33.14368206,8.242882,,2
2017-06-15 12:00,0.391719832,9.783130095,8.021311,33.12915522,8.021311,,2
2017-06-15 13:00,0.235228903,9.6528555,8.403898,33.1946684,8.403898,,2
2017-06-15 14:00,0.254405675,9.976619753,10.214834,33.00453464,10.214834,,2
2017-06-15 15:00,0.612500563,10.92482684,10.187166,32.51832602,10.187166,,2
2017-06-15 16:00,1.176266089,12.76929313,11.313936,31.53688376,11.313936,,2
2017-06-15 17:00,1.129960856,13.26088444,11.257118,31.35639826,11.257118,,2
2017-06-15 18:00,1.133274395,13.49766853,11.292167,31.21015623,11.292167,,2
2017-06-15 19:00,1.365703292,13.22372566,11.772786,31.33867654,11.772786,,2
2017-06-15 20:00,1.476245021,13.60642339,11.888643,31.11876042,11.888643,,2
2017-06-15 21:00,1.678263504,13.68557979,12.018,31.00883598,12.018,,2
2017-06-15 22:00,1.69117786,13.56547857,11.842951,31.01122346,11.842951,,2
2017-06-15 23:00,1.369214746,13.52782112,11.922373,31.04038696,11.922373,,2
2017-06-16 00:00,1.329336348,13.34037445,11.019166,31.15518371,11.019166,,2
2017-06-16 01:00,1.448613647,13.21127554,9.9574995,31.22111839,9.9574995,,2
2017-06-16 02:00,1.613831808,13.19770039,9.116884,31.2241659,9.116884,,2
2017-06-16 03:00,1.666004705,13.08476999,8.116167,31.28709166,8.116167,,2
2017-06-16 04:00,1.64034702,13.14602029,7.2686443,31.24952959,7.2686443,,2
2017-06-16 05:00,1.732608355,13.19141965,5.8388515,31.22012831,5.8388515,,2
2017-06-16 06:00,2.187607487,13.20801857,5.4895,31.21010647,5.4895,,2
2017-06-16 07:00,2.774345219,13.28102172,4.5211864,31.1563754,4.5211864,,2
2017-06-16 08:00,2.454551809,13.35328587,4.797666,31.10704609,4.797666,,2
2017-06-16 09:00,2.218500413,13.44288355,4.8761663,31.0601366,4.8761663,,2
2017-06-16 10:00,2.275356211,13.48070376,2.8491669,31.03909634,2.8491669,,2
2017-06-16 11:00,2.274158215,13.51679209,2.567049,31.00966408,2.567049,,2
2017-06-16 12:00,2.242779069,13.54885316,3.1513338,30.97822231,3.1513338,,2
2017-06-16 13:00,2.292755245,13.5936411,3.2262714,30.89494816,3.2262714,,2
2017-06-16 14:00,2.569482078,13.59963013,3.3808334,30.85961435,3.3808334,,2
2017-06-16 15:00,2.600766945,13.59820458,4.48541,30.8182692,4.48541,,2
2017-06-16 16:00,2.754607567,13.55182797,4.1950846,30.82604984,4.1950846,,2
2017-06-16 17:00,2.993464846,13.54581747,4.178667,30.82665818,4.178667,,2
2017-06-16 18:00,3.383134221,13.52601617,3.609016,30.83770276,3.609016,,2
2017-06-16 19:00,3.552573942,13.33711117,2.4076664,30.91756893,2.4076664,,2
2017-06-16 20:00,3.626818084,13.11334406,2.269,31.06681549,2.269,,2
2017-06-16 21:00,3.666261975,13.06371634,0.37440678,31.10726612,0.37440678,,2
2017-06-16 22:00,3.696064793,13.05390502,1.1215,31.11615338,1.1215,,2
2017-06-16 23:00,3.706996414,13.09006674,0.4051667,31.14137234,0.4051667,,2
2017-06-17 00:00,3.641844531,13.19059785,-0.11639344,31.12705962,,-0.11639344,2
2017-06-17 01:00,3.681862882,13.23024638,-0.05813559,31.08790656,,-0.05813559,2
2017-06-17 02:00,3.31647999,13.24613172,0.5518033,31.07007259,0.5518033,,2
2017-06-17 03:00,3.390872386,13.25252884,0.7450847,31.0546624,0.7450847,,2
2017-06-17 04:00,3.349281998,13.26554645,0.0585,31.03979302,0.0585,,2
2017-06-17 05:00,3.038557729,13.30685855,-0.12688525,31.00502071,,-0.12688525,2
2017-06-17 06:00,2.300070153,13.35073991,-0.29050848,30.97605087,,-0.29050848,2
2017-06-17 07:00,2.210168738,13.00683504,-0.81583333,31.39190735,,-0.81583333,2
2017-06-17 08:00,2.376331983,12.98216914,-0.97916675,31.46388892,,-0.97916675,2
2017-06-17 09:00,2.07650934,12.97486551,-2.2568336,31.50279843,,-2.2568336,2
2017-06-17 10:00,1.889465817,12.97479297,-3.2611666,31.50295094,,-3.2611666,2
2017-06-17 11:00,2.068616478,12.98669415,-2.4416664,31.46627828,,-2.4416664,2
2017-06-17 12:00,2.103516825,13.02010024,-1.8118033,31.40687517,,-1.8118033,2
2017-06-17 13:00,1.821503996,13.07173719,-0.25661016,31.31987617,,-0.25661016,2
2017-06-17 14:00,1.761267546,13.11020907,-0.31590158,31.24765889,,-0.31590158,2
2017-06-17 15:00,1.446830166,13.12875124,0.3977966,31.19715275,0.3977966,,2
2017-06-17 16:00,1.747871214,13.0455957,0.29918033,31.32130886,0.29918033,,2
2017-06-17 17:00,1.881423475,13.01758488,0.038135592,31.34416659,0.038135592,,2
2017-06-17 18:00,1.548971522,13.02062279,-0.2457377,31.33983162,,-0.2457377,2
2017-06-17 19:00,1.434791998,13.03152283,-0.092542365,31.33133051,,-0.092542365,2
2017-06-17 20:00,1.194472174,12.98559517,0.07350001,31.37535536,0.07350001,,2
2017-06-17 21:00,1.232059272,12.96465331,1.4531147,31.40541519,1.4531147,,2
2017-06-17 22:00,1.060275225,12.95017079,1.5508475,31.41957645,1.5508475,,2
2017-06-17 23:00,1.065111194,12.96959896,1.4690163,31.39479979,1.4690163,,2
2017-06-18 00:00,1.125196119,12.51865389,2.5140681,31.65698603,2.5140681,,2
2017-06-18 01:00,1.263975216,12.30657923,2.9753337,31.76712201,2.9753337,,2
2017-06-18 02:00,1.134695961,12.61779967,3.3016393,31.57414518,3.3016393,,2
2017-06-18 03:00,1.274874711,13.17472935,2.6952543,31.10792624,2.6952543,,2
2017-06-18 04:00,1.364462582,13.33922715,3.46,30.98844784,3.46,,2
2017-06-18 05:00,1.656442065,13.40306986,4.0939345,30.95976826,4.0939345,,2
2017-06-18 06:00,1.282915513,13.43323757,4.041017,30.94805311,4.041017,,2
2017-06-18 07:00,1.210474979,13.38806279,3.9206662,30.96351119,3.9206662,,2
2017-06-18 08:00,1.700285301,13.3455167,4.0366664,30.9747788,4.0366664,,2
2017-06-18 09:00,1.647641701,12.72254359,3.6596723,31.39167263,3.6596723,,2
2017-06-18 10:00,1.44095956,12.58009361,3.3503392,31.45471056,3.3503392,,2
2017-06-18 11:00,1.016663535,12.58507485,3.9569998,31.40235688,3.9569998,,2
2017-06-18 12:00,0.699798994,12.34234172,3.2971666,31.48371517,3.2971666,,2
2017-06-18 13:00,0.595790199,11.50457804,3.2251663,32.05963411,3.2251663,,2
2017-06-18 14:00,0.588222538,11.69600624,3.3084998,31.9259043,3.3084998,,2
2017-06-18 15:00,0.280247702,11.92384126,2.0091803,31.77109049,2.0091803,,2
2017-06-18 16:00,0.278901072,12.04703927,1.2441667,31.69797765,1.2441667,,2
2017-06-18 17:00,0.241529222,12.14656449,0.7181666,31.61205925,0.7181666,,2
2017-06-18 18:00,0.265241368,12.27609746,0.11,31.52866075,0.11,,2
2017-06-18 19:00,0.409906237,12.3985748,-0.38950816,31.42511168,,-0.38950816,2
2017-06-18 20:00,0.374619543,12.42883065,-1.5086441,31.4077741,,-1.5086441,2
2017-06-18 21:00,0.397599453,12.43739829,-2.9927871,31.39296966,,-2.9927871,2
2017-06-18 22:00,0.52536607,12.42055116,-4.541333,31.40270181,,-4.541333,2
2017-06-18 23:00,0.471145151,11.6385921,-5.7533894,32.00579767,,-5.7533894,2
2017-06-19 00:00,0.344701113,11.64971579,-5.5520005,32.00681903,,-5.5520005,2
2017-06-19 01:00,0.306125674,12.03203376,-5.875667,31.75828182,,-5.875667,2
2017-06-19 02:00,0.319632465,12.03222828,-6.539345,31.76614637,,-6.539345,2
2017-06-19 03:00,0.251630795,12.03011766,-6.3645763,31.77817207,,-6.3645763,2
2017-06-19 04:00,0.535167219,12.06805797,-6.4662294,31.75857896,,-6.4662294,2
2017-06-19 05:00,0.510017377,12.10830162,-7.243898,31.71761345,,-7.243898,2
2017-06-19 06:00,0.340007274,12.13278989,-7.432833,31.72022874,,-7.432833,2
2017-06-19 07:00,0.768373784,12.12421746,-7.491967,31.69090872,,-7.491967,2
2017-06-19 08:00,0.946437125,12.08805211,-7.366441,31.73206111,,-7.366441,2
2017-06-19 09:00,0.850922822,11.78401689,-7.0533338,31.92902188,,-7.0533338,2
2017-06-19 10:00,0.628542424,11.30448103,-6.2004995,32.19822402,,-6.2004995,2
2017-06-19 11:00,0.31302775,10.49928323,-5.2303333,32.66831159,,-5.2303333,2
2017-06-19 12:00,0.283858414,10.8851257,-5.344666,32.42058415,,-5.344666,2
2017-06-19 13:00,0.177934897,11.22063856,-5.062786,32.23772218,,-5.062786,2
2017-06-19 14:00,0.19495924,10.85357513,-4.737288,32.4564558,,-4.737288,2
2017-06-19 15:00,0.193314841,10.8647664,-3.5505,32.46912198,,-3.5505,2
2017-06-19 16:00,0.224651574,10.84301948,-3.890667,32.48968751,,-3.890667,2
2017-06-19 17:00,0.16167917,10.7454187,-4.2896724,32.55027952,,-4.2896724,2
2017-06-19 18:00,0.165650343,10.82917447,-4.1015,32.49196676,,-4.1015,2
2017-06-19 19:00,0.164576105,11.01648989,-3.631695,32.39726731,,-3.631695,2
2017-06-19 20:00,0.23306971,11.06986341,-3.8277047,32.37167531,,-3.8277047,2
2017-06-19 21:00,0.300320025,9.934294287,-2.8166664,32.98192443,,-2.8166664,2
2017-06-19 22:00,0.258790162,9.530332872,-3.201356,33.19895469,,-3.201356,2
2017-06-19 23:00,0.347800206,10.05326823,-2.9055,32.90383165,,-2.9055,2
2017-06-20 00:00,0.379335901,10.34772582,-3.6868331,32.76271445,,-3.6868331,2
2017-06-20 01:00,0.351481402,10.28852062,-3.4408197,32.79080716,,-3.4408197,2
2017-06-20 02:00,0.227299973,10.13038101,-2.9623728,32.88273203,,-2.9623728,2
2017-06-20 03:00,0.326914667,9.828164222,-2.1883333,33.03904324,,-2.1883333,2
2017-06-20 04:00,0.462159851,10.00432964,-1.9340982,32.95022549,,-1.9340982,2
2017-06-20 05:00,0.674308435,9.824984911,-1.4568334,33.03751529,,-1.4568334,2
2017-06-20 06:00,0.560361602,9.714785489,-1.0188334,33.0990072,,-1.0188334,2
2017-06-20 07:00,0.37039891,9.847363434,-0.44661018,33.0361255,,-0.44661018,2
2017-06-20 08:00,0.274226339,9.671205212,-0.4941667,33.12420418,,-0.4941667,2
2017-06-20 09:00,0.169233516,9.940938618,-0.84622955,32.96260418,,-0.84622955,2
2017-06-20 10:00,0.406098577,10.25574073,-1.3767796,32.81915436,,-1.3767796,2
2017-06-20 11:00,0.26862406,9.456323685,-1.5442622,33.24299418,,-1.5442622,2
2017-06-20 12:00,0.179853067,9.20042453,-0.5264407,33.34835607,,-0.5264407,2
2017-06-20 13:00,0.268247162,9.168958546,-0.1395082,33.3677096,,-0.1395082,2
2017-06-20 14:00,0.358931681,9.177676335,-0.5588136,33.36199022,,-0.5588136,2
2017-06-20 15:00,0.44623909,9.324187965,-0.75901645,33.29215284,,-0.75901645,2
2017-06-20 16:00,0.384807286,9.445955025,-1.6541667,33.24170979,,-1.6541667,2
2017-06-20 17:00,0.204050584,9.359144309,-2.2435596,33.28131174,,-2.2435596,2
2017-06-20 18:00,0.160159421,9.334919368,-2.7158332,33.28957625,,-2.7158332,2
2017-06-20 19:00,0.208767051,9.468219051,-2.9608335,33.22774329,,-2.9608335,2
2017-06-20 20:00,0.259070931,9.16059732,-5.665246,33.38667796,,-5.665246,2
2017-06-20 21:00,0.259531935,9.043658178,-7.2930503,33.43504745,,-7.2930503,2
2017-06-20 22:00,0.287867213,8.97912926,-8.440333,33.45948937,,-8.440333,2
2017-06-20 23:00,0.308828634,8.95686624,-9.157049,33.46973448,,-9.157049,2
2017-06-21 00:00,0.293103431,8.99788253,-9.383898,33.4537059,,-9.383898,2
2017-06-21 01:00,0.284878586,9.075822427,-9.526,33.41791595,,-9.526,2
2017-06-21 02:00,0.294747519,9.034188836,-9.783935,33.43505787,,-9.783935,2
2017-06-21 03:00,0.313673133,8.97194541,-10.085762,33.46316285,,-10.085762,2
2017-06-21 04:00,0.212252338,8.932962823,-10.2283325,33.47728802,,-10.2283325,2
2017-06-21 05:00,0.184450669,8.889638651,-10.222623,33.49770369,,-10.222623,2
2017-06-21 06:00,0.21681197,8.859947364,-10.944577,33.51270048,,-10.944577,2
2017-06-21 07:00,0.258969421,8.846370529,-10.722666,33.52021026,,-10.722666,2
2017-06-21 08:00,0.208028792,8.824905311,-11.15,33.53308352,,-11.15,2
2017-06-21 09:00,0.195636414,8.755537833,-10.435833,33.57194823,,-10.435833,2
2017-06-21 10:00,0.139151495,8.725649023,-10.26754,33.58670292,,-10.26754,2
2017-06-21 11:00,0.114747462,8.697837363,-10.580508,33.60030703,,-10.580508,2
2017-06-21 12:00,0.086233298,8.688276098,-9.504833,33.60617614,,-9.504833,2
2017-06-21 13:00,0.036804229,8.671222617,-7.736229,33.61410783,,-7.736229,2
2017-06-21 14:00,0.046181465,8.639254781,-7.745254,33.63371963,,-7.745254,2
2017-06-21 15:00,0.033543588,8.584804232,-7.8498354,33.66233151,,-7.8498354,2
2017-06-21 16:00,0.034559019,8.500658375,-8.378333,33.698422,,-8.378333,2
2017-06-21 17:00,0.025822839,8.48784495,-9.664407,33.70440833,,-9.664407,2
2017-06-21 18:00,0.024691611,8.492306802,-9.842623,33.70214675,,-9.842623,2
2017-06-21 19:00,0.026174677,8.416542172,-9.958137,33.72785693,,-9.958137,2
2017-06-21 20:00,0.02532976,8.390579803,-9.954754,33.73482886,,-9.954754,2
2017-06-21 21:00,0.024309858,8.480163014,-10.576667,33.70733902,,-10.576667,2
2017-06-21 22:00,0.024612175,8.593580933,-10.562542,33.66314347,,-10.562542,2
2017-06-21 23:00,0.024413984,8.603145034,-10.414834,33.65742185,,-10.414834,2
2017-06-22 00:00,0.025489656,8.558877722,-10.552625,33.67458394,,-10.552625,2
2017-06-22 01:00,0.028828211,8.296164422,-10.867966,33.76577477,,-10.867966,2
2017-06-22 02:00,0.035284223,8.22717724,-11.0286875,33.78545502,,-11.0286875,2
2017-06-22 03:00,0.02728204,8.132668439,-10.646501,33.81195227,,-10.646501,2
2017-06-22 04:00,0.026532923,8.082716429,-10.297795,33.82292188,,-10.297795,2
2017-06-22 05:00,0.025993428,8.080411606,-9.97459,33.82297953,,-9.97459,2
2017-06-22 06:00,0.027900855,8.086558476,-10.546102,33.8222506,,-10.546102,2
2017-06-22 07:00,0.049509927,8.066088654,-10.193606,33.82920407,,-10.193606,2
2017-06-22 08:00,0.073683786,7.942133722,-9.685834,33.85498322,,-9.685834,2
2017-06-22 09:00,0.069686152,7.941989779,-9.723331,33.85091061,,-9.723331,2
2017-06-22 10:00,0.064432899,7.953427401,-9.942167,33.84403615,,-9.942167,2
2017-06-22 11:00,0.077166527,7.893849242,-8.789167,33.84865094,,-8.789167,2
2017-06-22 12:00,0.067885816,7.820865204,-7.734238,33.85905013,,-7.734238,2
2017-06-22 13:00,0.049962512,7.789372398,-7.4585247,33.86402346,,-7.4585247,2
2017-06-22 14:00,0.032434272,7.77652654,-7.957966,33.86752366,,-7.957966,2
2017-06-22 15:00,0.040954206,7.772737734,-6.830167,33.86579219,,-6.830167,2
2017-06-22 16:00,0.035830518,7.730051477,-6.3994994,33.87455857,,-6.3994994,2
2017-06-22 17:00,0.035791102,7.719428414,-6.9103274,33.87732423,,-6.9103274,2
2017-06-22 18:00,0.033540578,7.726600682,-6.6328335,33.87734565,,-6.6328335,2
2017-06-22 19:00,0.045913576,7.728786502,-7.652203,33.8780233,,-7.652203,2
2017-06-22 20:00,0.057107618,7.738162718,-7.6129994,33.8773469,,-7.6129994,2
2017-06-22 21:00,0.070744681,7.744291725,-8.568195,33.87740582,,-8.568195,2
2017-06-22 22:00,0.069372818,7.753086947,-8.673833,33.87640076,,-8.673833,2
2017-06-22 23:00,0.077026958,7.763517964,-8.904068,33.87426946,,-8.904068,2
2017-06-23 00:00,0.077611921,7.762285652,-8.7351675,33.87197563,,-8.7351675,2
2017-06-23 01:00,0.064771032,7.73512968,-9.50787,33.87649469,,-9.50787,2
2017-06-23 02:00,0.074550181,7.721290762,-9.488833,33.87873718,,-9.488833,2
2017-06-23 03:00,0.072009135,7.707780801,-9.74661,33.88077974,,-9.74661,2
2017-06-23 04:00,0.060810232,7.702719752,-9.602458,33.88167578,,-9.602458,2
2017-06-23 05:00,0.048039296,7.692508367,-9.6661005,33.88355427,,-9.6661005,2
2017-06-23 06:00,0.048504498,7.672910121,-9.786165,33.88647313,,-9.786165,2
2017-06-23 07:00,0.054519848,7.632533197,-9.285738,33.89278239,,-9.285738,2
2017-06-23 08:00,0.037694615,7.593293494,-9.630332,33.8986588,,-9.630332,2
2017-06-23 09:00,0.057765027,7.574916719,-9.906102,33.90188592,,-9.906102,2
2017-06-23 10:00,0.057220283,7.586625972,-9.288854,33.90025315,,-9.288854,2
2017-06-23 11:00,0.03424859,7.584533039,-8.705085,33.89933091,,-8.705085,2
2017-06-23 12:00,0.079928757,7.505865978,-8.738166,33.90882868,,-8.738166,2
2017-06-23 13:00,0.117346675,7.464706997,-7.504262,33.9141144,,-7.504262,2
2017-06-23 14:00,0.185501433,7.447671503,-6.2103386,33.91738258,,-6.2103386,2
2017-06-23 15:00,0.175880012,7.438344692,-5.494667,33.91900925,,-5.494667,2
2017-06-23 16:00,0.16412642,7.472695138,-4.0873766,33.91474053,,-4.0873766,2
2017-06-23 17:00,0.151100677,7.416444177,-3.0875,33.92289567,,-3.0875,2
2017-06-23 18:00,0.137155631,7.389812462,-4.094915,33.92546178,,-4.094915,2
2017-06-23 19:00,0.125183271,7.380153435,-3.9498358,33.92670451,,-3.9498358,2
2017-06-23 20:00,0.09697076,7.384723372,-5.6893334,33.92626074,,-5.6893334,2
2017-06-23 21:00,0.144026284,7.394443966,-7.3889995,33.92558602,,-7.3889995,2
2017-06-23 22:00,0.221278797,7.397994693,-7.9194913,33.92588492,,-7.9194913,2
2017-06-23 23:00,0.152063092,7.392112787,-7.443935,33.92696458,,-7.443935,2
2017-06-24 00:00,0.094304177,7.375584278,-7.8211865,33.9286119,,-7.8211865,2
2017-06-24 01:00,0.114325236,7.369386403,-8.015573,33.92934625,,-8.015573,2
2017-06-24 02:00,0.088209135,7.364651162,-7.4793215,33.92906558,,-7.4793215,2
2017-06-24 03:00,0.095495107,7.36302216,-7.7867227,33.92965591,,-7.7867227,2
2017-06-24 04:00,0.147184833,7.361012661,-8.251833,33.92981119,,-8.251833,2
2017-06-24 05:00,0.110923523,7.371001182,-7.503729,33.92874379,,-7.503729,2
2017-06-24 06:00,0.101784354,7.406974103,-6.897213,33.92474723,,-6.897213,2
2017-06-24 07:00,0.109586746,7.48358563,-6.6949153,33.91775009,,-6.6949153,2
2017-06-24 08:00,0.187153185,7.704236514,-6.2037706,33.90789829,,-6.2037706,2
2017-06-24 09:00,0.244198026,7.801002462,-5.55627,33.90516805,,-5.55627,2
2017-06-24 10:00,0.212935091,7.842995314,-4.9018335,33.90202952,,-4.9018335,2
2017-06-24 11:00,0.261868618,7.894426066,-4.936886,33.89280304,,-4.936886,2
2017-06-24 12:00,0.239249282,7.944861099,-5.0785007,33.88643411,,-5.0785007,2
2017-06-24 13:00,0.305529243,8.006124046,-4.0828815,33.87729885,,-4.0828815,2
2017-06-24 14:00,0.389766883,8.056365928,-3.3952463,33.87011703,,-3.3952463,2
2017-06-24 15:00,0.275864418,8.094700131,-3.014576,33.87167435,,-3.014576,2
2017-06-24 16:00,0.291004165,8.161376614,-2.700333,33.86314224,,-2.700333,2
2017-06-24 17:00,0.234131431,8.406609751,-3.1539347,33.8176689,,-3.1539347,2
2017-06-24 18:00,0.40701923,8.487517116,-3.6500003,33.77658961,,-3.6500003,2
2017-06-24 19:00,0.462138714,8.594566098,-3.2665572,33.73918608,,-3.2665572,2
2017-06-24 20:00,0.313048345,8.720096684,-1.8176666,33.69409565,,-1.8176666,2
2017-06-24 21:00,0.238799682,8.749520305,-2.5010169,33.69238269,,-2.5010169,2
2017-06-24 22:00,0.180807247,8.688666599,-3.1845,33.71540038,,-3.1845,2
2017-06-24 23:00,0.209258436,8.815731911,-4.049672,33.6730317,,-4.049672,2