time,Endurance Chlorophyll,Endurance DO,Endurance Water Temp,Endurance Salinity,Pioneer Chlorophyll,Pioneer DO,Pioneer Water Temp,Pioneer Salinity
2016-06-01,0.5116757751802338,250.8685438458331,14.44359832475179,30.678384545067477,0.5718874658637351,260.31702395373134,15.452830101020416,34.547765957812935
2016-06-02,0.44043932269801284,248.81853932632302,14.518326222100235,30.767027971140713,0.6868628148148148,266.6864790177937,15.24527051613786,33.94998646870737
2016-06-03,0.43750089610753295,250.13459227749806,14.6164889546803,30.869971162805907,0.677527108433735,260.1060018464891,16.038030542567,34.03245779860659
2016-06-04,0.5175001398992725,251.8528155474704,14.345035630845615,31.03281706766185,0.7486976737668161,262.90736111125375,15.81798571193795,33.9462354608337
2016-06-05,0.5880417307423459,248.91501139299012,14.669399668081038,30.963876316585498,0.7181999789680314,258.2970500467305,16.285310123089687,34.20950673787327
2016-06-06,0.5184043502587774,247.2041840298475,14.996745578120644,30.70604971564288,0.6399477417547791,247.19652124856452,17.40924384138722,34.20115771553762
2016-06-07,0.5758454227568361,244.69258613531446,14.703153924413824,30.810030621075803,0.5466210548405148,242.33494806159925,18.28093027285731,34.50563706442909
2016-06-08,0.663465411797635,243.77665206202911,14.6091145735846,30.964518426850873,0.6819128293161434,245.40381165236778,17.558245812317704,34.09137378469326
2016-06-09,0.47309653579676675,244.1117979194845,14.503608689003876,31.02270433992577,0.8814637637497373,264.17662043086585,14.094275172808132,33.195724999591334
2016-06-10,0.41881855814278723,243.33860972092043,14.348998062653193,31.199795377210716,0.9047840714786265,261.05033600534045,14.255750324681737,33.22168433163918
2016-06-11,0.4701437259430331,241.92863534919078,14.618513213791449,30.983614067841877,0.8230009318946188,266.13812468435464,13.948482692241884,33.02972787068186
2016-06-12,0.5095814293714126,244.49558323005456,14.603281380431808,31.084073226255846,0.7290400350017501,264.9297843252931,14.150056957260748,32.97398409702057
2016-06-13,0.7140305541932319,246.77532081752094,14.10149569650535,31.24465080446657,0.8905647421093147,268.2193756585599,13.605796953603544,32.70966931283869
2016-06-14,0.5659341889906973,242.66806093744486,14.640652806965797,30.53696011963492,0.9478839089316987,265.19792324835385,13.474492977470986,32.809236374483255
2016-06-15,0.49887753461054396,241.31412187270382,14.824750102472661,30.35800801698083,0.942106831731781,267.02840016674287,13.499895506411244,32.88202024917916
2016-06-16,0.43815547935619314,239.43730083319682,14.870597540175153,30.412671118416704,1.3173098353765325,270.7948134409698,13.458465287800367,32.93050773724966
2016-06-17,0.3924216505669887,238.11927178103977,15.17641670313602,30.388303287351288,1.1128550122591945,270.32032270475116,13.6999414704408,33.024136435764916
2016-06-18,0.48286221227174136,236.62346149579386,15.504097781001196,30.440336738630215,0.665682407796943,265.8656214188538,14.438518033667856,33.04816944680882
2016-06-19,0.5412430240694094,236.98853332681918,15.756400462143164,30.550879478809787,0.4942439378020593,264.79408991367455,14.817044922471043,33.0072714621164
2016-06-20,0.5028752552804587,238.82735604870587,15.35599711153451,30.880861330138448,0.5028579246076234,265.72485036270007,15.0894515270401,33.05991616909238
2016-06-21,0.5182276243093923,240.50482848222083,15.596548633394049,30.707642641289524,0.6107242763249896,257.38107557011193,16.179877511441163,33.169959449681656
2016-06-22,0.5425442393736017,243.24003278839265,15.021874580897014,31.24493499335293,0.7164474576271186,252.85756384676526,16.42513482337738,33.092112155888195
2016-06-23,0.4507292343225084,244.16081039645601,15.12276801379154,31.446788856333193,0.7708780417717971,250.06720388790487,16.89627106005282,33.23369937394081
2016-06-24,0.3661097338935574,241.42277197711257,15.007350499116114,31.441095251771234,0.6616343341031563,249.73208618136417,17.020271186449413,33.33765538747376
2016-06-25,0.3533001958452822,241.18709613213503,15.134623535321973,31.552580943986147,0.5639838549324371,249.17434450945711,17.26103113997902,33.2398629212983
2016-06-26,0.5105192724728926,242.07502937434762,15.111073492151121,31.298584474001174,0.472325066480056,248.91982069340102,17.36421411226616,33.18794266547284
2016-06-27,0.50472096424323,244.32017985590727,14.693609170614886,31.12749624467773,0.5481044175301036,252.6734093587886,17.289669284008113,33.09400656501942
2016-06-28,0.4764522153006229,250.42744660170337,13.582669230529495,31.678364179731357,0.7830224042568088,259.1421319650937,17.00795131711223,33.0455257674969
2016-06-29,0.4774012308553045,250.22528515431028,13.4068301111086,31.822348514596783,0.8926022827533086,263.01435777738794,16.90537466841649,33.020946964030394
2016-06-30,1.3909973167997758,266.20002213541306,12.829202061849992,31.96469130279678,0.701101499229368,257.36658316716705,17.718791454731143,33.17332131283746
2016-07-01,4.678401750577692,278.4345999297228,12.280174067539614,32.07792834887197,0.5260819566736549,252.16497792408677,18.37646933730219,33.32369909452471
2016-07-02,6.613896124465625,288.5168192010396,12.051196459452,32.13228656107817,0.6267938895499405,258.73343443415206,17.882358652294318,33.25721558184389
2016-07-03,4.258442796075683,286.98566647478884,12.820421716425782,31.985719107574933,0.5853218461538462,242.67527148931538,19.15873910691961,33.37755891321608
2016-07-04,2.6619915283903945,264.95111541412973,13.427127426111948,31.850744202145428,0.550980299321631,236.12848922260883,19.62612825848499,33.61331023976863
2016-07-05,4.438319658239372,269.8867045854072,12.948103153485548,31.79164495295766,0.6490832249493041,233.21017972058257,20.04419566901666,33.75731281751041
2016-07-06,2.3882753098522507,271.3958876572232,13.175883888475655,31.83841076530906,0.5771267403624152,232.61374535894728,20.14493783872791,33.55453332940482
2016-07-07,1.4081615584051572,267.1594953775269,13.772374677010015,31.675882330178567,0.5235206320352374,242.18399219233103,19.68075745996367,33.40853173859122
2016-07-08,0.8254712855342389,249.12331704745156,15.828308257864647,31.003490284336944,0.5379077670581656,240.94673505849292,19.857470458695005,33.35321424392685
2016-07-09,0.60323998460785,236.3071920096393,16.28767962382081,31.121667195164925,0.6318876661536308,231.48355353398506,19.893030830412265,33.618785673096234
2016-07-10,0.5657713645592662,237.95926329144035,15.794155541131467,31.348017226613283,0.5616595694114357,213.70282589190668,20.098155862166163,33.74551635558561
2016-07-11,0.5957064960492273,241.60996206755834,15.879039908087114,31.483208648413008,0.43373852659537293,193.64907020058214,20.835401081347797,33.90078073078666
2016-07-12,0.47635851800069906,244.67040694859827,15.77794343379693,31.38888029875963,0.36799754987749383,185.81747015715462,21.229297076227883,34.07111256189247
2016-07-13,0.6611424410055319,238.86351682365583,16.31462667099459,31.225935614541473,0.3290959473647372,198.6770763008281,21.69684937682282,33.876767188380356
2016-07-14,0.4260566839305711,235.0742326996538,16.210671235376825,31.672411828678666,0.35602554173074236,210.71121783618435,21.80320580143674,33.93506024430919
2016-07-15,0.6285787493005036,240.46892427675633,15.423241824551955,31.846390232814578,0.2779031538461538,202.12695163326075,22.594207317002233,34.18334726152729
2016-07-16,0.7713521346584546,243.76709112871166,15.333272061025085,31.842482576840137,0.26253007828882985,192.72194530205482,23.11496413833313,34.34831971457433
2016-07-17,0.7352924476797088,248.45024269959956,15.61445685803086,31.779909246310368,0.2543422541127056,187.1404095980866,23.373599132542832,34.67342534789297
2016-07-18,0.7529765208858985,246.81405278818312,16.038745346829923,31.752901694555597,0.2268180921742779,195.05937115365055,23.436842298788306,34.89060445127651
2016-07-19,0.545449335106383,241.98438945197427,16.4643031849273,31.77381148808277,0.26688195231102724,199.0134233291118,23.73018409431648,34.21883813300558
2016-07-20,0.7121958581123625,243.87643660867263,16.592244700185436,31.75309067829571,0.3039859054290718,198.26569077290205,23.523319982563375,33.95098185420348
2016-07-21,0.533047896689298,239.13092473707547,17.19493282193797,31.712828303395384,0.30436655696379805,203.5079910602861,23.18427563732684,33.61503207865613
2016-07-22,0.5599753656658968,238.42538584026227,17.272128120122233,31.634358245354917,0.2509456902592852,209.6799652488136,23.47423517090805,33.50881392015
2016-07-23,0.4245476519916143,236.2602708744249,17.39410836338189,31.514782619786594,0.31449251591242916,210.06145436831252,23.492720155859377,33.491444160525184
2016-07-24,0.5741841483036026,239.9189423232005,17.08201306668711,30.601677019273154,0.31491610169491524,209.67910170144438,23.358894277853945,33.31843116258209
2016-07-25,0.7749265286134043,245.20671793319403,16.19682678846054,31.021712856195137,0.34958719618967565,209.93967271162117,23.324843632257373,33.32367540836232
2016-07-26,1.1739955557110864,251.56702776615964,15.55475150258893,31.39591256952936,0.38428608099601314,215.87140884673778,23.23628981698314,33.260317696525405
2016-07-27,1.7533108357832845,260.8974400288266,14.740496790458945,31.56282682954271,0.29106066135346753,209.57842405751674,23.51936334392779,33.03912092004392
2016-07-28,1.8904765558277912,257.48661487359203,14.19126409060788,31.63304908938289,0.3087188903659134,214.5100906633805,23.416872118289966,33.03495169964139
2016-07-29,2.8041275357242927,268.578230377957,13.35156543540048,31.865901362130455,0.4146144196459805,216.13846026355492,23.681994596861344,33.021067471164656
2016-07-30,8.664265627189907,289.70642088416105,13.177600833532425,32.0449936998129,0.4233491736694678,212.7149387459761,23.715886409103216,32.77510722448032
2016-07-31,10.263159135491103,289.47681875743797,13.220430312873404,32.04777842847337,0.21684137472903992,200.3115013515769,24.682357643654765,33.63417172872393
2016-08-01,9.104741525423728,285.77412581686747,13.154961794528713,32.02204581532466,0.1530276689520078,196.23829131214026,25.412278854554593,34.619572098723154
2016-08-02,9.979098410586753,294.04574607068855,12.446620451260978,32.19818668704924,0.14908689751661416,194.40390741633777,25.591125104269157,35.11459690523333
2016-08-03,8.080704839049021,307.2304482149884,13.070382346247527,32.06704520033128,0.11526120092378753,195.26214181299872,25.181055038741007,35.00793791815412
2016-08-04,11.036685027000491,278.92723733473736,11.88266911286018,32.39269985178535,0.10048426502483732,193.2048337421455,24.998974113254434,35.04894883141947
2016-08-05,15.679202550269741,272.4834497801087,11.763796507027672,32.46300403267334,0.10300541051305381,192.83406776676446,24.919327006491287,35.002258380839514
2016-08-06,16.118887720897614,287.209915966113,11.66157252769169,32.50465928250955,0.10536935235697299,191.66111912884767,25.08015568160427,35.118516831201504
2016-08-07,17.97074020625789,327.0828040202037,11.836388181558625,32.61620456302579,0.11241967671961374,191.29727505405427,25.284818082543886,35.10605039457476
2016-08-08,18.637387288135592,318.6736948289189,11.197118346066686,32.76896724547036,0.10343758840417337,191.8647233881932,25.250027186791986,34.967266056713505
2016-08-09,18.314585638111275,315.06737151753117,10.663836584212751,32.971268473012344,0.11950612059317291,194.9924962506509,24.955839681418126,34.56220587144237
2016-08-10,10.00833096539162,301.70918708057866,11.437134741897122,33.165645363975095,0.1388346533268033,201.60112711725714,24.43091367634016,34.05561699207003
2016-08-11,10.651591312578882,360.0191527104703,12.269075446447415,32.94145056474406,0.1406175512201944,200.99311427860408,24.71352740586263,33.98413466274838
2016-08-12,8.892036858726929,320.435018398546,12.16365094539021,32.86035395493288,0.1239444576793722,199.98763136647202,24.885473381535682,34.384541587666554
2016-08-13,6.196247644711976,326.9341011805402,13.134078806850344,32.66705676434069,0.11992468885470563,200.06126813997884,24.749789959406918,34.4987173536375
2016-08-14,4.969057064836858,302.9851062399014,13.289136400347095,32.50557532983156,0.1262376923076923,195.74747792733137,24.928587516404747,34.41469005514894
2016-08-15,7.663379956564383,287.9740073422422,12.753376261686078,32.452169997093435,0.13408320968645016,191.6443638551189,25.005840381687182,34.370839212124366
2016-08-16,8.34899490633551,285.91737565505474,12.490523808987602,32.536749694007995,0.1423880341282607,189.23393732496197,25.256754084050574,34.34863785621029
2016-08-17,7.423356781560881,286.6327873195092,12.411281287274873,32.510281530918,0.15675970044792834,194.0233499954278,24.794344021986237,33.67958247628564
2016-08-18,8.203958297187631,295.929542312248,12.2741769006487,32.46270945189557,0.18131689785624208,186.43874718709955,24.90259758964747,33.64657984578724
2016-08-19,10.491489019772823,313.05950745614126,12.113318953853511,32.46834731721493,0.16596548369032618,182.9528236874571,25.10043725984933,33.55266773084148
2016-08-20,8.195599425649645,342.00270656713155,12.199000257863096,32.46558184140165,0.1408348154891114,184.28132033737035,25.091189726917513,33.29577546137184
2016-08-21,4.4893499299817945,317.80696560266847,12.728538982206942,32.38436249056772,0.1314179144197773,187.43885967438436,25.509219406200863,33.69476754677939
2016-08-22,2.8437322684601374,312.5358613295449,12.528346866416818,32.39140533547556,0.13107021336131516,187.16884050293407,25.424930803252124,33.67521694271645
2016-08-23,6.333051273439687,316.5009371096315,12.271760599679803,32.500910884544844,0.14144730769230768,185.99446484401946,24.937916002037007,33.89007041030656
2016-08-24,4.313318661257607,300.5440921351171,12.263157107224021,32.47339498784759,0.14937218024069407,186.48069324403465,24.32250520610821,33.45310808159154
2016-08-25,6.166976281287247,294.37526949263764,12.31845204482328,32.544781580060324,0.14101584033613446,190.27687096416818,24.3159341850914,33.42914643613647
2016-08-26,6.90719768696993,285.4354073985755,12.2266871517572,32.55778318460589,0.13932861340422556,191.22645943445454,24.474818165214234,33.45781317902034
2016-08-27,3.9083262840725954,281.9631968540973,12.856933000352296,32.4842387059978,0.14932732871439566,187.8293947113722,24.805842025416023,33.69083010657996
2016-08-28,1.0482234742441208,250.49382088271838,14.75236773494256,32.253796951216394,0.14179306410974243,188.50089236101002,24.683146767508266,33.61951884457848
2016-08-29,0.5679893812123757,245.616561304707,14.812110938349441,32.25224293485356,0.13235888982220356,186.54675646526104,24.746527401113713,33.74594500175707
2016-08-30,0.2857591706873645,230.13125027724044,16.09382746953031,32.09416335596069,0.14512640005593233,194.32295518698587,23.822814712586226,33.280702230253425
2016-08-31,0.20107689078569932,221.65371087556292,17.19090647231382,31.913281507867243,0.1462006372102794,188.77885268149188,23.934078869067175,33.36034553885209
2016-09-01,0.17149364513422818,216.9170210567945,17.84823148379371,31.837483096928953,0.1510380532829872,187.1401990844093,24.578827437904376,33.654623714257404
2016-09-02,0.14798872806097474,217.0171478941872,17.79641770747905,31.85723506030537,0.1659947578387458,191.02101425692732,24.494581842714858,33.85259840129508
2016-09-03,0.15314083659764968,218.35510574214172,17.644756746225084,31.942569301117867,0.1735900223588597,195.4090724630939,24.02721950622876,33.83445193556533
2016-09-04,0.17982910807974817,221.71190090916895,17.154957586244848,31.974721494828447,0.2052559322033898,198.63394314306913,23.431621567126097,33.93500539125002
2016-09-05,0.15934234051482932,220.09419869080605,17.35368807118423,31.963886523105796,0.3768399356553364,205.62952639450305,22.524385219085318,34.273727432316115
2016-09-06,0.15405409205372134,216.43670962971564,17.696539946333484,31.937356712851837,0.4714064161768821,204.40960316315247,21.725661258657137,34.487462863994566
2016-09-07,0.18138143067123957,224.53454714913897,16.723181421552816,32.07256792243195,0.41653725531319913,201.87291791160013,21.515417791124744,34.43865225940829
2016-09-08,0.2496740986584684,228.83517253738754,16.221830352771395,32.08434348644053,0.3642816541984199,198.7430190396532,21.37757583446935,34.145858503712105
2016-09-09,0.5460257294800924,237.29484724049848,15.309020678525357,31.994644531631703,0.25035377575969264,198.45426452717902,21.212861089469765,33.78199282755624
2016-09-10,1.0142419465435208,241.1297226563952,14.888961366253328,32.18247891413526,0.20520753846153844,196.88833704241296,21.45111861470281,33.79918793624996
2016-09-11,0.9379910848098607,244.29279607788197,14.878424073693356,32.28373368099763,0.19706802349979016,199.27370352807827,21.563740861197623,33.805414056840554
2016-09-12,0.960046248600224,247.10653996212403,14.321737701148765,32.36694140994559,0.20449093070414653,198.71238405545526,21.527924923580798,33.91044764571249
2016-09-13,2.106225981936568,258.0393794361683,13.804722709330719,32.43288051518482,0.20011707692307693,186.53720568328313,21.629825975047602,34.06867138084391
2016-09-14,1.490392372881356,259.7496181378632,13.377706246571421,32.41189562381546,0.17843562631210633,193.22358651115945,21.849119842275822,34.29741004894693
2016-09-15,0.6361662819167541,258.7045323018254,14.393748843137173,32.34486179081502,0.1766782782012728,199.1274666223032,22.203489691678193,34.54967076034129
2016-09-16,0.8399848809523809,251.45426620511716,14.586855938754697,32.36188616081512,0.17131292982946603,195.80449358399068,22.396611432762448,34.825988037389024
2016-09-17,1.0723586859064163,242.76255944121687,14.177989128974087,32.38380921760813,0.15523387829246138,194.41964138885353,22.236858468397102,34.85860877645808
2016-09-18,1.166159530812325,250.1734406213954,14.099287387334313,32.39297174988841,0.14140589634188994,192.55462293956015,22.701151254431945,35.06106545859615
2016-09-19,1.08317080910683,249.76913747849093,14.054872315788446,32.379514031916194,0.1354442534758611,189.44938361280336,23.201550227443498,35.26307998225107
2016-09-20,1.1262482891330208,259.2597930702281,13.621295660645348,32.456890881342645,0.13588371897937784,188.82688825421656,23.48758408987028,35.37059462817513
2016-09-21,0.9315956969654496,250.51086877246368,14.42360247000428,32.30646915465585,0.13561649527806927,189.37284767310615,23.59868360808514,35.2926219821334
2016-09-22,0.8506659741168241,243.45746120216467,14.864347689538619,32.116773994245655,0.126029880310772,191.4469007276524,23.949154078354663,35.36576759196037
2016-09-23,1.0398203935849848,238.08800415800022,14.569563071732555,32.196044877802855,0.12690932203389832,190.26295359193003,23.877200688371236,35.25777793568144
2016-09-24,0.9923576381592771,245.66100502595384,14.247290537912763,32.32310735866509,0.1769338983050847,192.34021599990413,24.20378873069468,35.126955902935116
2016-09-25,1.219139136519488,244.07748437687442,14.42966584625708,32.12758133518853,0.194481215894781,194.98711284236344,23.973532313002014,35.11977659795269
2016-09-26,0.9709521900363839,245.86724448572312,14.53452000674569,32.06411341764508,0.1671439239885001,195.10227676744108,23.64812092217013,35.16650801469598
2016-09-27,0.7614029835103409,234.09011374792067,15.161499479434994,31.893994026625368,0.18340705141657923,197.56791459064843,23.51420428519418,35.13609048934859
2016-09-28,0.9707766601288876,238.73581116542073,14.153651314363707,32.02275737655853,0.2168862177470107,197.47427227772823,23.393112778776977,35.156850813998
2016-09-29,1.1171536667367095,240.0288507860576,13.459335937765013,32.209078616460644,0.25007541270285394,197.9093517891927,23.231962294074073,35.23367561278511
2016-09-30,1.571879959358139,240.66373422165353,13.20914488868758,32.272821263524804,0.2872193995381062,198.79838446513546,23.07302955935052,35.26966043419276
2016-10-01,0.8827113424072591,244.5054900641175,13.668324060545526,32.1725274269269,0.2643634079776067,198.22911622017185,23.091688878611702,35.366042882374735
2016-10-02,0.5644653358548715,246.34067602195026,14.311295042381824,32.0807290726911,0.20867785000349479,197.01641661014918,23.14980921894738,35.384684320135165
2016-10-03,0.6054414814814815,246.14115889144443,14.13860258754174,32.09189158833373,0.16486398014818954,194.57091941456991,23.425791109912044,35.44732112538685
2016-10-04,0.6240063274305312,244.15599825458875,14.161000319118248,32.113574081061245,0.16493523976198812,197.1113723686595,23.29280113372544,35.473618604659066
2016-10-05,0.4472832353764344,239.67245285057803,15.075336417115139,32.08506329040724,0.19383864876206464,197.19739571895252,23.08708971600995,35.37558722433092
2016-10-06,0.7731029623923243,246.650298292754,13.893065225871524,32.12642829022009,0.18845845292264612,197.07407320525064,23.111747303534994,35.269692842205544
2016-10-07,0.8971432574430821,245.61115686504112,13.789883969845734,32.15576485154934,0.1741283076923077,197.31004726299184,23.034215706493647,35.25134566129817
2016-10-08,0.8697312618097838,245.1707339372385,13.894894596870088,32.16267367415371,0.15674337627783222,198.406360236066,22.881920299032274,35.286481577382986
2016-10-09,0.9495434688308961,245.36131493953403,14.05370851175393,32.14776625186378,0.19820286474749596,199.15402735220945,22.743153021701374,35.30002994531002
2016-10-10,0.9639446528555431,246.4762387391787,13.886517109153562,32.15206797920551,0.36999675410982863,202.6275223927213,21.516539176895765,35.28431064674801
2016-10-11,0.98925081232493,248.86226303842784,13.438006444534754,32.15059028655497,0.4527458962527964,204.91155613760273,20.862260854202216,35.26410797319063
2016-10-12,1.0682942155697,251.17001405640335,13.027711237409488,32.15178813180621,0.35891717012133467,211.00336911444464,21.25968427414799,35.336948014644584
2016-10-13,0.9413486522439264,246.61545974228576,12.478350151658653,32.225882260072325,0.24165045492721168,222.62389759665504,21.31034161950077,35.348366694488675
2016-10-14,0.8045126602676381,232.9561019101847,12.608120936658267,32.466385685360095,0.30702216621158024,222.9761894868137,21.222558198798506,35.32198548586621
2016-10-15,0.6873171338692764,234.55120354055143,13.741889152790986,32.32711793744764,0.30153394071063144,222.75360575089957,21.121181413242365,35.33645619764721
2016-10-16,0.5743187162777661,231.5699769866347,14.463113515991493,32.297040226248335,0.2355995243757432,222.67246235142358,21.112132354627555,35.36836148746733
2016-10-17,0.6399326616288832,234.4386979934403,14.930972042488989,32.162505317554476,0.21214132913606157,222.44667677700562,21.123132448788915,35.371721227409076
2016-10-18,0.7293130507763325,235.35720441327067,15.031466673494018,32.15446997080946,0.19948468688845403,222.24707563206675,21.147601106952326,35.37390582839803
2016-10-19,0.9459855622895621,236.14332072071565,14.996992617665851,32.15586793453025,0.1649821601176718,222.23536198785143,21.181802431002925,35.39869892196644
2016-10-20,1.1943315166374782,236.62777885263534,14.857145653083245,32.17767994211377,0.3385588741860954,225.06415980110418,21.34784790105763,35.438606506167766
2016-10-21,1.3776948626546444,239.68121076974722,14.692379170151478,32.22695833240118,0.3233169491525424,,,
2016-10-22,1.544621456582633,243.08523895345795,14.51818947366613,32.29006794035832,0.39265501260151214,227.01945914759418,20.828712340274787,34.99063403037434
2016-10-23,1.5118097342657342,242.46937989112774,14.36550929977896,32.348667773012146,0.4381540710688305,216.8169276607148,21.260037978272674,35.52984648601574
2016-10-24,1.307947692092176,240.91217395837694,14.060986322434147,32.44639513125779,0.4965993562832354,215.5955364394966,21.07289797410371,35.61947344796804
2016-10-25,0.9392488105233697,238.74864786424274,14.2866712120228,32.35401125860352,0.6905319456125596,214.44269210920572,21.050950055094408,35.676181280979925
2016-10-26,0.7563826391319566,240.18800314279954,14.643517919790197,32.18750853422347,0.7620177632961952,212.7611830988799,21.402003678844526,35.739688908949155
2016-10-27,0.7298277043563387,241.26101568036952,14.674768603106207,32.20540545764889,0.7342983831455169,216.6086555454713,20.904664819298105,35.69611826922138
2016-10-28,0.5885284213475276,239.6718612936528,15.129558818716596,32.27819032168125,0.5898076669703552,220.3436491365427,20.27274116567758,35.579755680575374
2016-10-29,0.6256838759364279,242.13605841997182,14.953849312413173,32.22830588876699,0.5997573338934398,219.31235070708237,20.22776491695317,35.63879548621183
2016-10-30,0.9032532512073913,240.2255529116784,14.416308000251071,32.28865476144391,0.5791402816704037,219.5947498012924,20.498990889187937,35.638745762162145
2016-10-31,0.7745702282593474,240.418767797284,14.388706467638064,32.287988929663946,0.6250474166900027,219.90273640973982,20.41127757319281,35.65800023657387
2016-11-01,0.7584812705520184,243.1498541629319,14.425141073632155,32.31270720955348,0.6438481178281557,220.43924510535012,20.415537388969994,35.687738731534694
2016-11-02,1.2608738832096342,242.46880116903512,14.250671829368768,32.46511083771467,0.8299275273032765,223.36923343410027,20.18960076092253,35.69333413537874
2016-11-03,1.2998393282015395,248.98381066006394,14.395940135169555,32.43517610793906,0.8738232289257937,223.94665853819487,20.24108210627512,35.69870425627774
2016-11-04,1.0934103216783218,242.06736107998165,14.204453877514613,32.43060612923646,0.9759700833742031,224.40651598733407,19.948965621886067,35.573195456520146
2016-11-05,1.1028667040358744,240.98498537587713,14.267559052571587,32.42593971448575,0.799983121063681,223.63284450998398,19.90645536805185,35.706495775884875
2016-11-06,1.019567702211027,244.78057379025944,14.350782052459964,32.41399619919867,0.9865445712285614,229.9834923693617,19.07225571103888,35.38653924000263
2016-11-07,0.8529055932796639,243.38422699702764,14.217636351773901,32.51468428761684,1.275230405547384,235.76027004112782,17.927435275172588,34.961742084309805
2016-11-08,0.6688479058691694,247.26915293923747,14.008267729690317,32.54464581514931,1.263894071894051,240.84951937633886,16.77798816769868,34.467611450652946
2016-11-09,0.5728831223333566,247.03768832434832,13.944901776064611,32.56210953242966,1.5210254568367991,243.0248974209669,16.638217646270206,34.452015717686855
2016-11-10,0.900257014841781,246.7957664284652,14.272151830036536,32.54275726744247,1.651822057174888,246.76529008217327,15.910311557469496,34.04412565082201
2016-11-11,1.5716023792862142,245.62693914010097,14.555289495412362,32.4664541037261,1.3222284263603896,244.81917754442324,15.756242680378532,33.99373466024173
2016-11-12,1.296145143897486,248.5807232395395,14.49423447439166,32.53428923089072,1.4178181015761822,244.11069904273742,15.80920545997103,34.11398647834275
2016-11-13,1.2594670024484087,243.6309483082333,14.514660149147032,32.53398633533688,1.284118333450137,241.65477209121912,15.771698166175323,34.153048600309404
2016-11-14,1.1961955108034403,244.36492864809816,14.421184919047521,32.496577292337605,1.4221044803243168,246.26546378108188,15.313373190619036,33.877482719642614
2016-11-15,0.9721970019613335,243.7988584572379,14.378535796534475,32.46653720571212,1.5943816207886812,247.70054098273852,15.305383476799868,33.847713970036814
2016-11-16,0.8617721895149986,245.4389750419236,14.218999330803847,32.47249196965674,1.3593867194063292,243.68279516902692,15.723974839130188,34.1171435095333
2016-11-17,0.9551287813068421,246.00663775824106,14.216929289904815,32.49678052936403,1.1609293454672733,241.95963271734774,16.01657521580505,34.36984912207243
2016-11-18,1.3191616833555073,243.54106637499328,14.096228972992423,32.447998301514936,1.5458339865621504,248.74001024727588,15.464753236510925,34.139615183137
2016-11-19,1.0258987803168371,243.66557371210695,13.96888215193516,32.415778221104354,1.6526143747374318,250.9820736207581,15.273543192145082,34.07394657801225
2016-11-20,0.8327729245415091,245.51557437520106,13.883934597376317,32.36575302024171,0.8552865752082314,233.28764457528757,17.15149756858347,35.032016618776595
2016-11-21,0.7794966937517511,247.68380665972788,13.90716834952449,32.35631435567392,0.806112779060816,235.0786648078934,16.639230517488954,34.92150709722444
2016-11-22,0.8139942220040669,240.2888695671953,13.8721002602466,32.36823755659045,0.7621445805052132,239.74835808305596,15.636993233416632,34.55322010704419
2016-11-23,0.760657454850903,246.50931167171518,13.789571840623616,32.38674432610823,0.4628683624912527,229.34871432009558,16.678463025151483,35.200249355554675
2016-11-24,0.8219309592108024,242.52669217578105,13.647869083546805,32.41739225531022,0.5561936244663728,231.40144620178066,16.06752859330801,35.18821530173543
2016-11-25,0.7652968415155121,247.20753109282467,13.527148999692693,32.403443553443594,0.7014479566130162,233.9884564547097,16.018955989818245,35.09679314345046
2016-11-26,0.7701216600181957,243.7613157761139,13.485962215425312,32.38919156516921,0.7494062447552449,233.68116984290236,16.202496230934216,35.069858563515275
2016-11-27,0.9457011127440689,244.39839267236226,13.413590292277005,32.42391676512443,0.854926049832027,241.5907729464022,15.230521917582884,34.634417510204415
2016-11-28,0.7821978708502592,245.2468331726566,13.358373480879438,32.45828920227852,0.9858074237335572,242.29614609249603,15.293879097434102,34.7399316062984
2016-11-29,0.7934628875358667,247.45019936684943,13.297763490867062,32.47689645738248,0.8046893952120957,237.43797280497412,15.51816477771781,34.970780487345095
2016-11-30,0.8568277571598628,244.71727586605476,13.236174938557483,32.48782855724384,0.8165465943297165,238.3121035462279,15.585856578522755,34.93870212141035
2016-12-01,0.9698897313933967,245.88167293909027,13.15837539647644,32.51190219074276,0.8993889472578274,243.0789291104714,15.116211507771387,34.57174438505438
2016-12-02,1.1025515503604675,244.54211502803903,13.176547194298447,32.50895133267935,1.033877128664381,251.7680358131367,13.739011463879455,33.830340030530344
2016-12-03,0.7289516498881432,245.22073942809777,13.414699723411774,32.495362717805484,1.0379557296767876,252.50472389501218,13.459645274575859,33.784486290673854
2016-12-04,0.6417375323675555,241.87576291275866,13.486797514435061,32.507318409695486,0.6498841666666667,234.49625070190294,15.000606317503209,34.69042149235417
2016-12-05,0.9040475610609561,246.5181864134695,13.083725208996942,32.52375858164378,0.7856667600700525,240.68450023750333,14.718316916330041,34.677986595299465
2016-12-06,0.8620875953263835,249.4636988070014,12.858381371818389,32.37925466423294,0.6988150868104173,242.92573952779094,14.38930768408653,34.49351980086571
2016-12-07,0.8187634303301623,249.52479414195864,12.936036425136702,32.337916298070716,0.7674200000000001,246.3499220732658,13.944352871309794,34.24109247548302
2016-12-08,0.7130867254161422,243.0616803388706,12.932090384719428,32.486063151127276,0.6274197702920373,252.18678174237002,13.03990624352484,33.758119932975184
2016-12-09,0.8757247323864829,248.08169576092146,12.692018966649073,32.4725739872047,0.4286590034292113,242.88799665858386,14.360615732775711,34.482782237948186
2016-12-10,0.8214422791544169,249.55742356756878,12.630514605672065,32.4948570972375,0.346958308262786,244.65384094115316,13.897764079388818,34.33479715830904
2016-12-11,0.7294260078387458,249.5628198367317,12.822874938170658,32.51933798547889,0.4161992087942865,247.26828854161872,13.193560699300328,34.06133622494963
2016-12-12,0.7444336877448237,250.5392712270337,12.71109800369922,32.52853730178486,0.4873594316511514,254.58973829024112,12.45637441161989,33.705111230406956
2016-12-13,0.8398060232525563,252.64548013631222,12.670821695165982,32.53354679945351,0.3679050724130694,252.46049808166725,12.578006406922594,33.74320846570559
2016-12-14,0.8373094574728737,245.55468867163174,12.383023281247874,32.5242459255687,0.4758841666666667,258.89786103041274,12.022747680287655,33.57768419807531
2016-12-15,0.7870905425271263,254.32363023703851,12.083441137945636,32.501454727223496,0.5586855163727961,253.42870041894267,12.74922794195625,34.01178170314345
2016-12-16,0.7335227903067656,255.69759899470782,12.242414474988392,32.53199560842476,0.49939120863712844,255.84951489538307,12.353431147522056,33.957687370637416
2016-12-17,0.7507451409339504,256.20308167353465,12.290335349534013,32.547451546017655,0.36964224011200564,249.7064502699755,13.057888741762243,34.26033348632231
2016-12-18,0.8002148360483814,266.27233646324606,12.14221805850299,32.54078506721667,0.36462858942065496,251.21080652586915,12.956043973511838,34.15731709472916
2016-12-19,0.8760246533127887,246.01891578911815,12.12358302922931,32.515220559223934,0.42077800629590767,252.7551388640959,12.785873304916384,34.081476388996045
2016-12-20,0.6194617377301687,253.32217120699954,12.022626795643557,32.544935180882035,0.45890244243823924,254.2359611335658,12.449053449230272,33.95052418733212
2016-12-21,0.777113222331048,258.9511423000143,12.129688372943948,32.49128684135198,0.4845396373056995,257.00007807206117,12.184346922650501,33.8929017367739
2016-12-22,0.872436442516269,256.15372984490557,12.011100473642538,32.50252287083294,0.5180264557670773,258.28552931253375,11.917283152674704,33.79757816115061
2016-12-23,0.6088880296981157,257.5904455608814,11.696100272151769,32.50978386747834,0.5062549292816132,258.9681441458083,11.762034500017926,33.751512741907675
2016-12-24,0.5190868763102725,263.19494705891344,11.639161802538963,32.521757392846176,0.5833341338748075,264.7190419995613,10.840411916302807,33.364176870345446
2016-12-25,0.5696260845228098,270.55406025146806,11.529885332735963,32.51430375401984,0.5356589885282597,265.6213531932651,10.550501771823567,33.216361390714134
2016-12-26,0.8791591328671329,258.6904868928441,11.726420314389491,32.49268602083281,0.5573912343345236,264.2100406417046,11.134773549148875,33.61066236662607
2016-12-27,0.7548353476647293,258.19205941246327,11.57233292965507,32.49537888391733,0.5482275220372185,266.5546404941379,10.816034086145816,33.42560958626532
2016-12-28,0.6943314629538936,270.4415253619536,11.517118629634616,32.513962728125655,0.629450658355512,268.7288525504508,10.38402747846284,33.26810200250909
2016-12-29,0.7248425942769188,266.1595605485308,11.550910393637263,32.52720208854634,0.7622975948390716,263.7479357657065,11.285484645741507,33.82488219458221
2016-12-30,0.7173952766908888,263.2914591391213,11.448475153812904,32.53139347308248,0.6071234272103125,260.47842549797156,11.549196771711408,33.923344402043305
2016-12-31,0.836709469855924,265.88302203824185,11.322743970537111,32.5444211216883,0.5729117923206278,265.70839537271064,10.576314376050448,33.5434390451099
2017-01-01,0.8895384400139908,249.83191342048988,11.254660993249239,32.55655661057513,0.6146853503184714,268.8450959743738,10.228062079963664,33.42794867238815
2017-01-02,0.6439578210334687,253.61449745861157,11.171127446343615,32.47078651634566,0.6590360725795152,268.4456900281829,10.435618318778717,33.54189500138502
2017-01-03,0.5599236297539149,254.2817596959382,11.098772889845405,32.5099445351694,0.5450383397548162,263.9464697132049,11.008670344062223,33.769248138372866
2017-01-04,0.52481778026279,253.48897324966734,10.938305869281896,32.51012089966883,0.5411071553595183,265.8693532677939,10.785194974982666,33.69639745658743
2017-01-05,0.6576281540504649,261.1764861607454,10.768400987572294,32.58801281034534,0.5425843645016798,266.9825340092054,10.315615662042106,33.502382652058934
2017-01-06,0.7682995593481149,265.7770895696068,10.6627862696391,32.57414354813861,0.5133252276229164,267.3400482799974,10.185198680578509,33.51381328736243
2017-01-07,0.7309318872017353,257.36246157136037,10.739342374482222,32.57268022304772,0.6402300000000001,264.75050053884405,10.56676582271265,33.8374484895623
2017-01-08,0.8345150535376864,259.29239316480937,10.777802442530437,32.3863178561214,0.4306136048708797,252.6290657417779,11.940656935299192,34.357450166741074
2017-01-09,0.8002855264997902,264.0476903422004,10.671028560803167,32.35320717362273,0.3676971810296587,239.99535566219458,13.291815697726342,35.03575918539535
2017-01-10,0.7073749895090222,257.9683239373981,10.716807316381471,32.41116052330808,0.2863192444910808,228.2418258441298,14.620657677372211,35.629556172368225
2017-01-11,1.018699349240781,266.2061074285021,10.403610996548096,32.31085954780644,0.2872552756787014,232.34812155064463,14.571237271286732,35.53433412881355
2017-01-12,1.1373285894030478,276.3616332343012,10.465592459228363,32.43464975306778,0.655719572978649,259.8582224714903,11.860126802432262,34.392194323732035
2017-01-13,1.504906802911534,279.6395474190064,10.355805152686441,32.386638109455404,0.6011136926846343,256.77545919401916,11.96009287827876,34.37175489819941
2017-01-14,1.332360296794064,284.04640875230376,10.335284448624506,32.38861376747858,0.7110212473721095,256.8400556561883,12.353005758816012,34.59485563424279
2017-01-15,1.0758671983210912,286.19019618862797,10.208386264954164,32.37440385524257,0.5819229302488609,245.23615560366798,13.537692358744984,35.141351222053764
2017-01-16,0.9412803866629307,278.95896154679076,10.223472081158777,32.38269544354594,0.5348944211115778,243.13127047833285,13.707364296216413,35.224648536596725
2017-01-17,0.7892315914655473,262.8640286602347,10.251943486616621,32.375102848406186,0.5442026616235904,240.3544256488463,13.809030548537423,35.277088139917886
2017-01-18,0.472722228443449,254.37684397175747,10.23758302857315,32.486431998512955,0.5844956430519617,243.71446433075056,13.577531305540997,35.19829934220397
2017-01-19,0.6065411994693848,250.1195676951285,10.315546665765144,32.60424296617754,0.4442636134630187,240.68872182510998,13.828980394182215,35.28380878313037
2017-01-20,0.7861988665780452,252.90805548483112,10.548197875890198,32.71676321463848,0.4285422708522688,240.6902155857054,13.807810985152496,35.26825638618195
2017-01-21,0.7638282078176352,254.23103296301846,10.539844987900192,32.677230416423164,0.39685987822800767,239.0610960126588,13.822547247415363,35.26897634712249
2017-01-22,0.6797079418344518,252.49193919100708,10.620980782442235,32.66403117887555,0.414203786394177,240.25752674307597,13.778233988800368,35.266977159173926
2017-01-23,0.6355642037503498,257.1840256062634,10.614663944747527,32.66699110522669,0.3081560075619661,236.65699393840836,13.969118539338021,35.36691269628582
2017-01-24,0.6790857222844344,259.3619264320824,10.602316737352227,32.754310051449885,0.2828658898453356,236.71561881244742,13.976194545858684,35.37220996141472
2017-01-25,0.8349113552088434,263.6922160973789,10.552794943619835,32.71581495830366,0.306654870288791,239.73932306469115,13.572826243287745,35.18625395509716
2017-01-26,0.8283889129978302,273.8238553002237,10.582677276239208,32.7704742998666,0.5488941666666668,251.70268859385394,12.303141674846254,34.63184335072195
2017-01-27,0.935117887659336,285.4414403120944,10.604195712585058,32.71238535612265,0.48707100749142346,255.85554025084687,11.720235267925862,34.41823276828196
2017-01-28,0.8986282079955269,276.8920210510576,10.70936399064593,32.81656954569929,0.4819987261146497,258.19570061786084,11.321305717353388,34.32201979806116
2017-01-29,0.9352647656414208,272.7885080403406,10.62735924450485,32.694919884880115,0.5224940303730142,259.1302525237592,11.17333830882219,34.31132881391885
2017-01-30,1.016165238095238,280.06255353605064,10.650719253606116,32.69187601315994,0.6221774204823488,256.4723181453867,11.561739972409919,34.532858797271544
2017-01-31,0.9911744317784459,275.7676068696844,10.623285288434566,32.57359813522143,0.6031056161700937,256.69521519199924,11.438373101442682,34.45836056037335
2017-02-01,0.988115788001678,272.9402424529468,10.374875255119244,32.25376028936454,0.5074820362212432,256.94367341318264,11.283660874102813,34.37343520006355
2017-02-02,0.9840676789587851,275.8809793396802,10.371932268008129,32.47005541274315,0.49122633531676585,257.8474184546527,11.203784164312067,34.31829508885958
2017-02-03,0.9283889456377248,266.9137605256185,10.474334606138193,32.626183713702524,0.5791447206273631,260.409809808393,10.863259011554243,34.273129432160246
2017-02-04,0.5989722917686551,266.00261008467464,10.555246912611398,32.77804144339365,0.5552620093752187,254.7527743263745,11.540063735948484,34.66727056493353
2017-02-05,0.6325179795718483,251.7325992564475,10.552327771433363,32.74336843776746,0.6717872803640181,259.3218058612187,11.078310155494277,34.48210960714557
2017-02-06,0.5874008539231469,254.76432220477398,10.438476143405353,32.620389810133204,0.7028569699090275,262.36889683927734,10.758979232933713,34.41626385482957
2017-02-07,0.8105622150748145,258.9453693600416,10.412185956397755,32.44500854233234,0.8725493376322984,269.3825075958283,10.12837646839737,34.200631411132626
2017-02-08,0.9304355443604814,258.4638906685425,10.407886287664493,32.40697648874627,0.7971043858421938,264.09610784778096,10.689739739578123,34.36251408004538
2017-02-09,0.6468294854742737,258.3501367988538,10.528264881751591,32.56705588614579,0.570844515181195,255.52597734016575,11.397995033978699,34.65683364419072
2017-02-10,0.486036954087346,258.3687832224497,10.548641327110374,32.72629043601783,0.527848750612445,258.61724157660433,11.031815509939566,34.49275236829539
2017-02-11,0.5466071857961695,264.8373602557929,10.536493951058517,32.73806339837375,0.5295391939089131,257.94951758598654,11.085572753279118,34.51307732602621
2017-02-12,0.7706575284984962,270.7004702642616,10.42866574697652,32.75561234090074,0.5889345267287887,260.3447652165451,10.84044969326373,34.44805777572128
2017-02-13,0.7478422901938826,287.8577168204021,10.167615353966749,32.723923118374856,0.4205833741002167,248.07092667540084,11.895145626189093,34.91397786046752
2017-02-14,0.8445183359013867,275.5377295460071,10.201558568896855,32.73589677303526,0.5876734608110947,260.5041668947682,10.8487641637328,34.478423182637826
2017-02-15,0.6672694666106678,261.5166778020241,10.030178412923183,32.711996017327536,0.7846283873678314,267.1232777075545,10.180369813419025,34.23966358833407
2017-02-16,0.7136117935429651,266.4981260014841,10.345794993704455,32.68092027805644,0.5790467576075552,262.4692123076968,10.546048980066953,34.34281314283753
2017-02-17,0.609181743202628,288.8612687702332,10.36093600134538,32.65481402847907,0.7472618374063441,278.2009563769845,8.692669969869703,33.64059633730589
2017-02-18,0.6617583636873073,288.9748474516229,10.626791467198029,32.749267084145146,0.7068793171004758,280.654791170889,8.288090813042635,33.46430181293946
2017-02-19,0.6176048411921087,288.98211325931334,10.463708305433139,32.75761910018119,0.7319358573830206,282.2241689937958,8.002214560177302,33.34059029011812
2017-02-20,0.5104682571888336,297.5924267349583,10.348020481028511,32.74937253759587,0.73468,289.88746794390414,7.566461665350961,33.200867848861115
2017-02-21,1.1420850325379608,269.99117694567013,10.732528080166189,32.70813015408042,0.7387626592022394,289.51901076037115,7.644522037359064,33.3075980008429
2017-02-22,1.203616485900217,276.9534241402111,10.619236819437855,32.649662117378924,0.9027752275591655,284.441708560644,8.575163924133637,33.64938651660198
2017-02-23,0.8219147352961746,287.9180983891849,10.533767138034195,32.48073844815279,0.9311087592774122,276.6823144414613,9.664070761558909,34.04655663461658
2017-02-24,0.6007370905789511,280.84431262186854,10.50396265243872,32.10339613519105,0.8120112270626139,268.50963924119645,10.832996215453123,34.40303486482419
2017-02-25,0.884893295032579,305.3898325371688,10.452022657179274,32.12946635189561,0.9120286964435732,277.76543251094125,10.628202085248093,34.20850198425061
2017-02-26,0.9308183843620822,273.52067761047397,10.631441924952519,32.288818707733,0.658716351937334,264.24487535966915,10.95477933299385,34.4442565194908
2017-02-27,0.776520836539134,274.491523720709,10.698582483554185,32.38766215135088,0.7616041681260945,280.43804583331274,9.145620566658717,33.85833385998232
2017-02-28,1.131876716543141,283.630040254611,10.484936977880677,32.22110936486738,1.1279008048148926,297.5484499679798,7.395203365482374,33.16143194236194
2017-03-01,1.2154108459869848,294.90752684732234,10.542997027775,32.31790833027752,1.3801435667809416,301.944823635884,7.565964177173102,33.14999258936732
2017-03-02,1.5729809630459126,278.8745996329951,10.655415657153466,32.432657676051,0.8719917022916812,295.453634483311,7.507751770824277,33.15215424467088
2017-03-03,1.5572257432668766,260.97513375134673,10.580060514271688,32.37231695305272,0.7257425441052927,293.087637228241,7.5930645314127005,33.273686175811825
2017-03-04,0.9777524529358246,260.9644160694154,10.579583504939235,32.5046849004376,0.7664529609407812,292.0994386786266,7.4990987706239665,33.29668024648049
2017-03-05,1.1258254163750876,265.8318864711411,10.474636915497646,32.43144037846787,0.673508355493352,291.29852465300763,7.472811821172161,33.3819674018736
2017-03-06,0.8769248407643312,267.0012656104458,10.42530116750187,32.51845706662642,0.891733064798599,291.4095631890502,7.50657631887264,33.401206307215055
2017-03-07,0.8567745907373723,263.0917184286399,10.387931953550517,32.58285571446011,1.1852053478930422,294.45446155171373,7.260898886093833,33.33392774192947
2017-03-08,0.6820295217421749,265.9143823630011,10.470183824620547,32.665706270200744,1.1618644702751908,294.00962107896464,7.222087785307201,33.31389594976989
2017-03-09,0.8921871085011186,266.80195182989604,10.443408076249924,32.53711360104292,0.983267712564785,294.32300895146255,7.335726738829354,33.325888076911326
2017-03-10,0.7354163865546218,283.7669735755459,10.455882030569803,32.58392578145201,0.9235894895315455,297.15551583569993,7.407994329596736,33.35204461669455
2017-03-11,0.6725359524641734,287.73279843041905,10.534555473269439,32.58148638491926,0.8126093916083917,292.0619964414782,7.356410499948822,33.3630816725077
2017-03-12,0.6154887800783435,314.9639783445669,10.554248108828537,32.52501589462621,0.7809361466862622,291.0833619892428,7.3373613873091905,33.41090168046783
2017-03-13,0.9539593367382634,270.80863051141523,10.620289183812677,32.5570482242437,0.7749445953514422,288.77944220846797,7.289258896712894,33.465229049825986
2017-03-14,0.8703867160735509,264.4991825043496,10.570667583740711,32.580775194331046,0.8232421166911817,289.3480442594694,7.260030626742925,33.45016914043879
2017-03-15,0.8342220948119143,271.71658317892627,10.575122295045622,32.52949734060602,0.7019099866937462,287.74745293582293,7.39402051840292,33.50918298168879
2017-03-16,1.0065915512659112,310.9229539675748,10.539223664752388,32.55473726847031,0.6652912784588441,285.9441555711171,7.542383926244812,33.5980327444645
2017-03-17,1.1529233072188023,262.63372572345224,10.612975196034654,32.58691708769483,0.7277813111545989,288.26973368056434,7.5186082660327145,33.61749485174243
2017-03-18,0.9323522776572667,271.7173696330993,10.513675658303953,32.60415285812305,0.8689148645811464,293.5813053278682,7.418422906335779,33.62684477358609
2017-03-19,0.6984962812521884,276.50218428330976,10.44127992058267,32.63223013069719,0.8898396173523023,251.30321242924128,11.687855696830903,35.11280654185729
2017-03-20,0.9879045712285615,258.85488367559407,10.406034300473765,32.63301997284611,0.9756407329549437,275.35754879903783,9.451723694009305,34.377595838571445
2017-03-21,1.0123243220517133,282.33730469464115,10.430807665372221,32.621592653034284,1.2395254774396645,289.5048275957537,8.679105801996734,34.10816828196681
2017-03-22,1.012238472299944,272.0756822919161,10.488938371800273,32.598181888707416,1.1881793625218917,294.52290251937507,8.226975088538003,33.927796868538834
2017-03-23,0.7888683753501401,261.1338100799347,10.52169793607506,32.515122443033775,0.7603399509460407,294.9942907823137,7.312026505555782,33.6941691241282
2017-03-24,0.47831843817787423,266.21489529885673,10.287993004289222,32.71047201047763,1.0090262126408625,299.61439830182275,7.224226727584784,33.67769409469913
2017-03-25,0.9101827236483179,277.56371505052533,10.262004157134857,32.689708978331836,1.072979861354247,298.8216717419971,7.204861119947011,33.60739262277632
2017-03-26,0.908037038073908,266.2485603861947,10.287669379038768,32.69701560423595,1.0040975392596747,297.121964539271,6.925777158514344,33.48943670930184
2017-03-27,0.7698937346867343,270.6151358646276,10.324535688176539,32.68402982895955,1.2286018903591682,297.39363374620893,7.49808777609726,33.68094686574501
2017-03-28,0.9586350604852807,267.7295054989525,10.405573097566236,32.67592449366349,1.0984789090399831,295.2130936575945,7.390065746395351,33.60048282322232
2017-03-29,0.9689280324770769,264.9261064766651,10.429500660939226,32.67991991750882,1.0751301518438177,275.8111756490758,9.918399952924783,34.43539018559754
2017-03-30,0.9457587852494576,266.9682459431094,10.465821837673488,32.67196975431085,0.8079389900546295,267.33521913662184,10.442346401098394,34.624164949451604
2017-03-31,1.0718780197465163,270.95953658653434,10.551997645279512,32.597218889537395,1.7859412288076222,272.17842250255563,11.271797962043538,34.87654943833318
2017-04-01,0.9443830275871727,265.77506196803796,10.478804988104404,32.55069261829298,1.8160981445175748,266.8845371851505,11.307179743208883,34.9117534290241
2017-04-02,1.0500950420168067,272.38125549120355,10.473273331451267,32.57011934375797,0.8074646354276109,253.94139500450348,11.727808018321557,35.042447838799376
2017-04-03,0.9780583409043259,274.08423180262,10.477203665078623,32.5770229036211,0.5614780878444539,251.42235139653852,12.118810160824923,35.14046713849608
2017-04-04,0.9227616768143326,270.383759287326,10.779898159270612,32.26770598738575,0.6856063449821417,251.3529916373173,12.248611710320652,35.13186217705642
2017-04-05,1.010054725950783,271.6736178999704,10.781705654027519,32.17406241221929,0.9096512485136742,267.93650161369027,10.651392216992287,34.60619807201829
2017-04-06,0.539419944055944,273.5830383839144,10.651738433427832,32.25047736258531,1.3959481447773736,287.66361846115166,8.265490418388461,33.78910298364745
2017-04-07,0.5148969722397034,266.652918243748,10.614241244712721,32.32026139300075,1.0841815512892379,289.9137254870133,7.608814281154066,33.561370846912126
2017-04-08,0.42454403470715835,269.9686341928051,10.415601116689178,32.49432688772164,0.8704077353867694,287.19662717418817,7.5852027060897935,33.58827755520511
2017-04-09,0.5240449328107503,263.18731960824925,10.46548345517221,32.46549494803921,0.7839374580536913,291.7234183570323,7.096025905169556,33.409334638943726
2017-04-10,0.5102287271203018,274.40708352341284,10.376516094968286,32.49653370243194,1.2306099474973748,290.7916361386721,8.577468015611833,33.89715214811306
2017-04-11,0.5730843211433375,267.63836469508004,10.355527519399509,32.53890354871946,1.476122792881166,293.2237900358336,8.9369281524628,33.90323182392864
2017-04-12,0.5105483861953333,260.6683719705688,10.361272399278418,32.48346767624237,1.250996556791938,303.3749855623926,7.804121105951086,33.33371154211102
2017-04-13,0.5085897031086274,280.60550408248395,10.339944459516474,32.53194820630841,1.4849314207650275,307.3312786557798,7.590208421268881,33.12990520514483
2017-04-14,0.6219827146659196,276.0023328269437,10.38969946395992,32.546389597865485,2.291243959120818,333.5485587431413,8.247950835167924,33.27291296902288
2017-04-15,0.6798145195132186,271.41997444768066,10.439515907933432,32.557157400059566,3.0027369548477423,338.59433803078116,8.878098709483691,33.4380851190038
2017-04-16,0.7960961320556761,264.92916210556814,10.437167301537505,32.5720019797358,3.397334280117532,338.96139094866635,8.944973166243312,33.24200232875366
2017-04-17,0.8940041698733645,263.25040399423034,10.480567082489895,32.62849561268801,2.7998765426910417,336.1227268448966,9.279730526147178,33.35175970821863
2017-04-18,0.6548548750612444,270.56996661674293,10.454360019646202,32.6793377580486,2.122410384884535,333.9782065570256,9.162540702167247,33.32994572413293
2017-04-19,0.9653521360194313,261.9387292799371,10.58810017792148,32.70297227589044,2.4276350073544863,325.85397567980306,8.204529576558722,33.12756006342472
2017-04-20,0.9822959195239445,268.37767638170857,10.577131799744972,32.68503304748404,2.4230762328383304,325.99838803243097,8.29921456052554,33.19731845002843
2017-04-21,0.7556851868795461,263.86852896537795,10.775926858484793,32.682953960323786,1.7803989220970116,326.8313717089702,8.345548801050374,33.16176136366943
2017-04-22,0.7795254113857574,266.54175909341075,10.846393909806034,32.690950496944325,2.5823600084045384,323.33136175797375,8.302764418330842,33.17333429181046
2017-04-23,1.0029070738198629,266.8825209055106,10.783886710109947,32.696011840225694,1.836374775973117,320.00274891857157,8.361779651333304,33.13632910721428
2017-04-24,1.002353263231686,266.21306343043676,10.774243013588324,32.694932702076756,1.049672467623381,321.0435372481804,8.712145396372643,33.14802262629435
2017-04-25,2.3655768460137314,272.6836213752734,10.860916375928188,32.54359645410141,0.8589976277116866,316.454378486209,8.506966292669436,33.08089553776429
2017-04-26,2.0699568146799274,271.0379987403892,10.839242210714726,32.55866226949351,0.8031659157688541,302.8923904612807,8.778192761780367,33.27161896183284
2017-04-27,1.184046684424506,267.03343839283644,10.885741509801424,32.68081415987223,0.6663500594530323,292.1437267898563,9.834453729749567,33.61531795692493
2017-04-28,0.9349248179271709,267.96160284933836,11.089092408647987,32.64867400407542,1.504046809553828,290.7827519154306,11.131140594990534,33.963938510084944
2017-04-29,0.9145510547340389,269.74192793623405,11.165397183575516,32.58581094830871,1.2218366015816362,279.6650978233883,12.329303315456688,34.2705590875061
2017-04-30,0.8449845119731131,270.88928874475573,11.278684765327348,32.50145016843605,1.3892398095638172,276.6969285721559,12.767215396563747,34.41813604048115
2017-05-01,0.6910653415453529,270.8365281595247,11.399346740302779,32.434741694997676,1.2421969132778052,279.8768780820692,12.340692590990272,34.22046426968698
2017-05-02,0.6373178063974243,273.39373403799345,11.400340120002827,32.3293641565886,1.4021863074019711,277.0977902738142,12.726415762124304,34.29705359110275
2017-05-03,0.32388150689727613,272.83774350203913,11.69002104616765,32.16512731472534,1.2775635695280771,290.48301366413875,12.419794204817443,34.080221771275966
2017-05-04,0.2202449587470284,270.1023405219957,11.787239460411625,32.055227185526874,1.279316199006368,296.8946171633656,11.344253522713636,33.57059773415574
2017-05-05,0.25412538461538464,268.76482049334226,11.992513481850706,32.13885274340063,1.6686762717794419,297.15664383134344,10.639505452201767,33.28927283011849
2017-05-06,0.33805509061647193,270.22444872042615,11.699150546189074,32.29636445352758,1.441814003502627,286.374826365714,11.02444285439493,33.44214584960179
2017-05-07,0.2910513051998041,270.92023719739126,11.757451669828509,31.833229014767987,1.410921273172438,278.3691302398428,10.946552740158841,33.384111751723275
2017-05-08,0.4614771512522737,267.7633912643555,11.749376247112725,32.215863792866216,1.4306074436826641,279.02804418002296,10.872092657741238,33.32792414620055
2017-05-09,0.44042365719075227,267.22592276149965,11.92250738448186,32.26282079379761,1.3178601272015655,283.9123938392712,10.719999674873625,33.278392401602744
2017-05-10,0.28143642852144707,265.97112338948983,11.976117873756007,32.45149579149267,1.0880765208260412,287.42081039298165,11.040106498012895,33.15336827773912
2017-05-11,0.3306040697674419,264.4500616298419,12.073555574731788,32.38434012134499,0.8402231259186674,285.976951736767,10.657371809320164,32.94017213747674
2017-05-12,0.3227022428731135,262.32632331796344,12.166480437673151,32.180129268497176,0.8279534075006998,292.5152361911464,10.407085916827972,32.87245603737911
2017-05-13,0.33151484954513655,263.9218224070821,11.935518658994308,32.29860430170554,1.1735598460461862,291.4002391222454,9.928135658423301,32.96015759970403
2017-05-14,0.31807672009519145,264.56505325231285,11.905498434936598,32.37132965198692,1.4022841175233156,286.5668448861366,9.3749264493703,33.03119284688921
2017-05-15,0.29010659663865546,264.1260906212542,12.023254334372146,32.372233947158854,1.8286538773796195,286.2918288813456,9.44880539593303,33.03081600792171
2017-05-16,0.2971768993552004,264.5363056248538,11.951557597099269,32.43614736371803,1.7975561153092643,287.14749620475453,9.605162996748971,33.12355159346938
2017-05-17,0.3838383145516904,264.6603663132241,11.917140335659921,32.49702993663386,2.401690738536927,298.54216058263336,9.443585808198138,33.00001562362613
2017-05-18,0.24456223497305993,262.8707162447811,12.119927173251979,32.45239124699533,1.518638499720358,303.6282178295817,9.224449787224136,32.781556252645615
2017-05-19,0.23043034352480238,263.58543987552764,12.314534133909564,32.57154458773222,0.8436917384906454,299.3135022031695,9.882947563294598,32.660199310895216
2017-05-20,0.242982467305406,261.9594450982814,12.61669633818353,32.452330216855444,0.8970652515062352,301.93313127969674,9.890696813592566,32.70763220168495
2017-05-21,0.24371764747043592,258.99470299175596,13.006564125256642,30.99171071537698,0.6318894998599048,296.7879051658235,10.202746955527358,32.76230545183091
2017-05-22,0.33325432470258926,257.77793097710725,13.478994941235458,29.242126893042332,0.750844919823542,294.8475019704322,10.408215115418285,32.68378773871082
2017-05-23,0.3711979624702423,257.6204198717303,13.417488865122168,29.899452675726604,0.7609234280913039,299.5156089245616,10.334469214629662,32.57635792558381
2017-05-24,0.6499246048398378,264.4929222604728,12.21348061066888,31.70170707001426,0.871709588177616,294.1276274874039,10.390501916906118,32.58847922198535
2017-05-25,0.8329697739519911,266.714090603603,11.871700457472452,32.095807687347815,0.9485005395179372,282.6191966730735,11.491943813560548,33.59100577672062
2017-05-26,0.756639389484002,264.8254253148261,12.3189732447777,31.83643301912227,1.0381808860582307,268.8600852690221,12.721791755746615,33.81003624984378
2017-05-27,0.3285260638297873,263.4368474252983,12.570617962355449,31.9442579494731,0.7233866199649738,285.6873644585663,11.245331374979996,32.96992532193587
2017-05-28,0.2616030577179326,263.29236583726845,12.627936836489864,31.98268884418216,0.654585791278785,288.25581644434385,11.41023536904098,32.88148936586602
2017-05-29,0.39445766264722376,263.2729788178734,12.749517573021114,31.919340896286606,0.9679097463565023,271.8362893367118,12.8230987076499,33.57321733009163
2017-05-30,0.5691975124378109,261.67588834979983,12.812522469543925,31.876089607051856,1.1824543901414368,260.8236234224016,13.534593284226897,34.11382980178482
2017-05-31,0.07488590166234131,261.9656471144965,12.811487079284326,31.976121442673517,1.0964652332259421,262.73135688508773,13.733449629314553,33.960859543608365
2017-06-01,0.6982821906295958,260.0658963827945,12.947541157708223,31.921663943381624,0.9489567431449357,263.3908994135988,14.142516670626991,33.96643937666584
2017-06-02,0.4296013265019652,255.6618590538194,13.44876516773321,31.68794347740557,0.7834364832535885,262.9987232731118,14.755870179529413,33.90763856981166
2017-06-03,0.19705865929606048,255.98992842008192,13.630648308397221,31.549819146834064,0.708352372952541,256.48547565026746,15.419933373392679,34.09263553448157
2017-06-04,0.316374310706788,257.19919836370013,13.969788958128456,30.74036327538359,0.7563229488703924,257.0968037681028,15.200202328955706,34.19576049854188
2017-06-05,0.4290422183344997,256.2270278163789,14.360804338747702,29.728331341447067,0.8826562653218464,255.77668114730315,15.372838703334228,34.17190206792801
2017-06-06,0.4235490342897131,255.77544980860372,14.341970376775148,29.675074069210932,1.0176171184022826,256.94028785957954,14.825898610758255,33.904283287369815
2017-06-07,0.41227551733780765,252.08946769407223,14.740351656776532,29.367269151660658,0.8525043187390543,245.68294574664142,15.355780139506907,34.20688844819731
2017-06-08,0.24869672544080607,250.71005587404954,14.492711706607109,30.10539497573018,0.7190850620395502,238.07965931545075,15.968084471636578,34.39649239715807
2017-06-09,0.2595623398445705,251.48641912412228,14.108109857930248,30.978565320409675,0.5272444164567591,228.78664182186986,16.665307344006035,34.58283847867128
2017-06-10,0.1648416859041623,251.23062464088108,14.066157558266235,31.23172078859102,0.511116237041188,229.96710776099874,16.485673510079682,34.570169493005324
2017-06-11,0.19853280637940685,250.71268725021073,14.315794302128346,31.063453289068242,0.4381802728226653,233.92324853696527,16.20480325463902,34.21296235630443
2017-06-12,0.31436417910447767,249.98191377151886,14.631027630483986,30.215151454511194,0.4181808130991533,236.40499690731735,15.99831580324383,33.941874806233805
2017-06-13,0.6389537540271747,253.49859895620108,14.671011132819762,29.675800761685288,0.44729804526028166,236.91343130512925,16.0973778883326,33.87481324580162
2017-06-14,0.7048380799104331,258.1681809673248,14.535905525098427,29.801926150593633,0.5899867124054887,248.23979438384924,14.8444159222486,33.332532373477136
2017-06-15,0.4512856163425214,254.4465406530175,14.754819597654306,29.835340862939372,0.49528969858032035,250.19925224222465,14.64026751210957,32.96908389635057
2017-06-16,0.29086790564188714,250.23698442618638,14.408356966152729,30.897851778993672,0.47866834184923357,244.11892400648435,15.233714991474518,33.49381899617486
2017-06-17,0.23136652661064427,250.92164058229113,14.353037829683858,31.271328236294906,0.47361970470925757,241.02648945022904,15.584823125286684,33.392288414043705
2017-06-18,0.24383758731489244,252.29190731465485,14.564549077697423,30.920616498041014,0.4095073058082576,236.76620231247557,16.229017616110543,33.53006727261958
2017-06-19,0.19206393706293706,250.04801159061373,14.816712760673669,31.262663407712388,0.4303763593049328,239.05387313073422,16.511102368388435,33.219540443802316
2017-06-20,0.3068343157157858,251.59945145757584,14.930872510600047,30.968208808859437,0.7424002659574469,254.99359032141402,14.839711546313923,32.34846886168687
2017-06-21,0.4820531814996496,258.19657196931,14.419464042247103,31.05711403938488,0.732799972027972,250.65885553533678,15.177214141776897,32.51262615863196
2017-06-22,0.9001029352014012,265.54491885965996,14.203105208995757,30.24411723888727,0.5722717102503148,243.89199991292472,15.927168732319613,32.850599951393555
2017-06-23,1.065235971172684,263.6167997356693,13.943914553137427,30.13448038937088,0.5275706972515561,243.10865135191546,16.334804238845145,32.893440509583804
2017-06-24,1.3891799411476216,272.8571090072586,11.770642262238098,32.01822265894937,0.5490860499265786,236.3708271954667,17.101886840333655,33.0012217454327
2017-06-25,1.873671998879395,278.89466321597496,12.16087341766469,32.01826826129631,0.7806656112084063,242.39433958818347,16.6315668963847,32.92697157573764
2017-06-26,3.2624059578047246,302.18266269387897,12.663452929769681,31.79408529841331,1.0491235294117647,251.07743603361214,16.037724391630707,32.6168950303288
2017-06-27,1.8772859569411438,294.84577298649293,12.737396069086165,31.936752870296594,,,,
2017-06-28,0.8105660946911333,270.93793827983427,13.962979408112625,31.684391289814968,0.6324037274798094,247.36933537961147,17.179319652847457,32.607122539060995
2017-06-29,0.593328386419321,262.7863822778992,14.615704231785521,30.960225887029402,0.6574813431269675,242.83853399416682,17.797712803027945,32.86909812064416
2017-06-30,0.745971375490746,257.92342095947106,15.199576903415945,29.88178199776237,0.5880846579371193,235.39816077953884,18.57170972263899,32.77964767550646
2017-07-01,0.9587127564237206,260.6081989148863,14.955798205756535,30.01650999617934,0.47842449122316244,228.39355364292754,19.113489419560853,32.625207448601955
2017-07-02,0.775165991732642,261.1956380570828,14.887786018955836,29.949754869870663,0.3815355763850028,219.24936814929157,20.17868551173743,33.09973314800713
2017-07-03,0.6154829882484611,257.75504376816195,14.858164315018188,30.44968556385852,0.3854588589429472,217.45737277826618,20.58085194178636,33.333301546716186
2017-07-04,1.3043995656742557,266.54837121220436,13.61458299278122,31.340815116461027,0.3750534620226605,215.7111677639366,20.974867376649218,33.547331106733985
2017-07-05,2.5063263220481256,272.63849193734814,12.599283569342315,31.817711444721002,0.37710785164450666,216.6892088911075,21.118131471821325,33.48889839700786
2017-07-06,2.6889637719728277,280.65934343055534,12.620727205844258,31.80174194919872,0.5259649250595322,226.09791013814876,20.468511823326953,33.19891473660067
2017-07-07,2.8977042781123097,301.74920363062114,12.081860343464294,31.830153338222345,0.5900945362846736,225.9056858167711,20.493538666357537,33.12004181560354
2017-07-08,3.9514681110643672,292.9751466684959,12.485179683188115,31.84100013965626,0.42924976558673295,216.89737303941146,21.32781653916722,33.297094714007414
2017-07-09,7.139805186794701,305.0253618800179,12.531666842667859,31.931245475781292,0.37936227683259816,215.33419871329502,21.612813886581975,33.313526647658186
2017-07-10,3.5059307773109243,293.0976757896232,13.184384583585667,31.730710598781656,0.347204816240812,215.21207960075637,21.84353484201786,33.261648579727996
2017-07-11,2.869628253256759,291.36761231606135,13.185863920471498,31.809850471102187,0.32502990771812085,214.40147358610812,22.067908184815728,33.372077041134816
2017-07-12,2.949917856143297,286.5018683122506,12.748594554015526,31.96981770993977,0.6117540054572168,234.7021086149963,19.884887537201436,32.20173947984989
2017-07-13,2.730885467928496,289.98037172121917,12.58862896500656,32.02461556830409,0.6117760755508919,228.585365123659,20.68374878562228,32.3874020674311
2017-07-14,1.4503127240896359,311.6164033679456,12.882435582157184,32.078536594173286,0.6708057550934678,226.94137608410801,21.032295917810423,32.555799448406454
2017-07-15,1.4545363432417275,313.0857991758281,13.045509783540481,32.14877004050497,0.7337439299474606,229.5125195073307,20.93395678989997,32.734999419118594
2017-07-16,0.5206031598122329,289.76438125631057,13.460572730509933,32.04306780394655,0.3603921914357682,207.30402909832986,23.422418976941977,33.04716262599938
2017-07-17,0.720355451997197,297.7986628436276,13.019699626261458,32.111044304180275,0.3866490018911536,207.07994433234109,23.94279133448917,33.20933631546413
2017-07-18,0.9737840453845077,298.20653598094844,12.47839725514864,32.30827766579797,0.3518368454258676,209.37015649319204,24.03201446744251,33.12504075247783
2017-07-19,1.5042476944639103,315.913845401816,11.550084738550328,32.45464539182958,0.31938514525726286,212.28206689393605,23.88948863601593,33.10790117626587
2017-07-20,0.8601954456278027,320.802477472074,12.4267052343983,32.25604953521692,0.27832439621981103,207.12039287995827,24.46213458279264,33.30227085108355
2017-07-21,0.5963189395531274,324.74978554751334,12.476199315249223,32.28488853259174,0.22300641366755358,201.78249217637108,25.05077465182386,33.38769027906926
2017-07-22,0.9224027339642482,329.7009842716755,13.13451985604826,32.159971694122916,0.2529819595209749,204.0005123171825,25.000249766531965,33.237442743381735
2017-07-23,0.5074295865451998,293.99625664289374,14.639935108073885,31.59335346759953,0.38229211409395975,211.7995545898332,24.263225494783104,32.94332118321828
2017-07-24,3.6569832200182244,291.5550295326103,12.444525741045288,31.889840392207077,0.38951408982789987,213.07075242255445,23.891898024108546,32.89875401733837
2017-07-25,3.7958681764004774,270.249466874115,10.878789998587203,32.4198217420503,0.38623947331559044,209.48553391625495,23.63725216231966,32.85372165324421
2017-07-26,5.738349054754236,303.41671214694486,11.179666452335358,32.50609515750703,0.33787369305059833,208.52295824227878,23.2802884208125,33.05663800704274
2017-07-27,4.199509914337874,328.18895701617413,11.189901425284658,32.57038717033691,0.25610434965328854,207.43179823882903,23.400784106029064,33.591565738136666
2017-07-28,3.9553514720314036,344.54646781029635,11.391351410598599,32.6032628118358,0.21130799831909233,204.85033990430765,23.680807292547176,34.058224895358
2017-07-29,2.135737620015418,334.12974706085265,11.559616705934378,32.60138018778497,0.33821833822912295,205.85894851549804,23.39969661063645,33.72062433287621
2017-07-30,5.2550170579578115,338.95571022185175,11.612214024109562,32.69408779205608,0.4396675760755509,213.70213257891106,22.01017342691939,33.71664586106533
2017-07-31,7.26965750982594,315.35641760100697,11.277498433420584,32.7643157640333,0.4090710382513661,216.78036690913947,21.483680096711467,33.47474670954141
2017-08-01,14.85810255871013,308.64796746556937,10.745331066382763,32.885226885641295,0.33239962264150946,215.409730466045,21.709404385482628,33.50761066233563
2017-08-02,10.819756489458571,299.3903870286609,10.61977552460152,32.82105610602714,0.3174002940352842,215.11757500870368,21.47211010590016,33.58346488020472
2017-08-03,6.120273185611108,308.631888542752,10.933486313834715,32.709687641633046,0.2928106094492592,209.1599042371719,22.3365350427628,33.75882701597134
2017-08-04,2.7607888686514888,324.3798683310088,11.347351628331987,32.7240402399708,0.29033211663520037,210.99446753409907,22.459199611681058,33.699999322164246
2017-08-05,1.9228599383235212,326.7453456202965,11.83168839038791,32.66093515277195,0.33224771232685046,212.51846308985435,22.57402722591393,33.53494259353106
2017-08-06,0.5886237148059953,321.65632944558564,12.107174699064874,32.62710652532311,0.3267567307020608,211.73822189535866,22.371883854247265,33.65133581412863
2017-08-07,0.6185400308036965,311.8793551704306,12.258491342883845,32.52738050011945,0.2641527593201371,209.15908131922052,22.41019217281356,33.96040274095669
2017-08-08,0.42278220730172056,277.989668442257,13.39568419997962,32.449140015108114,0.33325097709602863,208.56449257047944,22.313049847477323,33.96934193513023
2017-08-09,0.46190811454176295,301.5467539893008,12.350580992750265,32.490165815394455,0.28791952191235065,206.60526789961125,22.547340509443416,34.19873880321411
2017-08-10,0.8272092081289417,302.5598134973002,12.189144421493896,32.47562898303617,0.26554524459374346,208.9691297882847,22.59463708366657,34.054266347615474
2017-08-11,0.6828152852782344,306.1152154889382,12.776825564212736,32.42986135090048,0.24839861480341402,207.13511944068864,22.961206715847617,34.15450676158514
2017-08-12,1.0573784973366975,287.7097527715626,12.93532834554323,32.414459959775506,0.27837591271506507,207.3265978515728,22.868091791984096,33.951683515413606
2017-08-13,1.4207661727704781,266.696279020191,14.041583946277528,32.075803344778656,0.3731379802645391,208.9673002803186,22.513372175637105,33.599959178627174
2017-08-14,0.8474372791023844,266.07960755694825,15.078656934514207,31.91481682079126,0.3033415565345081,208.11565665333438,22.76120296157314,33.58865298905012
2017-08-15,0.5764610986547085,265.95604528605105,14.706118165739872,32.05857097404646,0.27361002969317055,207.08760510358866,22.874700267401863,33.56237030938634
2017-08-16,1.2317424845765566,274.95209894222234,13.942977191019908,32.42381528929666,,,,
2017-08-17,1.4724310750279954,273.6187586633957,13.910221196819295,32.473718934218816,,,,
2017-08-18,1.3779805656678803,271.96543091121526,14.193476929829162,32.470944431349594,,,,
2017-08-19,1.1982385521885524,270.19730995635564,14.625538026727586,32.52421541044841,,,,
2017-08-20,0.93504034202411,268.10242041518046,14.375309821924091,32.54602762255824,,,,
2017-08-21,1.1457473172628303,269.2722265067269,14.503996422324882,32.654291310110914,,,,
2017-08-22,1.0808295816104843,270.63870936310826,14.333356398254404,32.62394035092179,,,,
2017-08-23,1.0601467218868454,280.3581964196952,13.9750521581383,32.55894464345166,,,,
2017-08-24,1.1291272039773126,282.34018320905034,13.806636179554337,32.45500657702181,,,,
2017-08-25,0.9822972173547349,276.2053016759239,14.347805576531353,32.42771476615945,,,,
2017-08-26,1.1323469250682152,264.3016851237425,14.742053636740769,32.513228219436925,,,,
2017-08-27,1.1122591728005609,263.8842091218934,14.422154950121334,32.537456545445785,,,,
2017-08-28,1.2022747966909704,263.32225984971205,14.77531808411375,32.654286381041395,,,,
2017-08-29,0.9404743974215247,262.6790902596196,15.27837833908586,32.887780340947685,,,,
2017-08-30,0.8647773166293394,260.6149917736926,15.51030379435264,32.87398652086268,,,,
2017-08-31,0.6301908880795629,259.8997936668707,15.572736936719293,32.81471288046773,,,,
