time,CE02 pCO2 Atm,CE02 pCO2 Sea,CE02 CO2 Flux,CE02 SST,CE02 Sal,CE02 Wind,CE02 Chl,CE02 CDOM,CP01 pCO2 Atm,CP01 pCO2 Sea,CP01 CO2 Flux,CP01 SST,CP01 Sal,CP01 Wind,CP01 Chl,CP01 CDOM,CP03 pCO2 Atm,CP03 pCO2 Sea,CP03 CO2 Flux,CP03 SST,CP03 Sal,CP03 Wind,CP03 Chl,CP03 CDOM
2016-01-03,411.078,364.732,-0.075,10.152,30.817,7.785,1.129,2.692,403.561,366.435,-0.063,13.134,34.196,7.776,,,405.942,388.147,-0.027,11.871,33.539,7.742,0.903,2.589
2016-01-07,403.169,378.313,-0.028,11.089,32.152,6.526,1.194,1.959,407.261,362.923,-0.06,14.595,35.045,6.445,,,410.642,395.532,-0.018,11.299,33.435,6.075,0.68,2.526
2016-01-11,404.908,377.065,-0.035,10.905,32.026,6.88,0.944,1.971,399.831,370.973,-0.053,13.78,34.774,8.228,,,402.244,388.987,-0.019,11.247,33.529,7.625,0.76,2.521
2016-01-15,398.37,380.823,-0.029,11.22,32.077,7.968,0.957,1.905,400.759,370.958,-0.069,12.699,34.419,8.857,,,403.126,387.357,-0.031,10.983,33.603,8.52,0.678,2.587
2016-01-19,398.903,388.829,-0.015,11.327,32.229,7.523,0.93,1.82,402.644,370.002,-0.099,11.232,33.924,10.459,,,404.937,383.58,-0.065,9.601,33.162,10.066,0.911,2.919
2016-01-23,398.635,389.79,-0.011,11.308,32.241,6.723,0.984,1.782,402.049,370.7,-0.091,10.596,33.834,10.415,,,402.658,386.837,-0.03,9.622,33.417,9.889,0.652,2.643
2016-01-27,401.922,389.216,-0.018,11.375,32.328,7.213,1.161,1.711,404.014,372.197,-0.025,10.712,33.874,5.275,,,406.738,393.858,-0.009,8.535,33.159,5.222,0.584,2.685
2016-01-31,402.063,388.535,-0.01,11.246,32.231,5.512,1.215,1.732,402.316,370.608,-0.04,9.754,33.513,6.427,,,404.76,393.062,-0.015,7.606,32.922,6.468,0.551,2.87
2016-02-04,403.486,383.949,-0.034,10.987,31.614,8.029,1.093,2.055,402.359,368.839,-0.054,9.969,33.563,7.422,,,418.319,402.75,-0.019,7.509,32.858,6.404,0.644,2.773
2016-02-08,407.569,388.72,-0.013,11.172,31.959,4.978,0.944,1.844,401.667,372.873,-0.058,11.7,34.406,8.3,,,404.801,385.91,-0.031,8.634,33.186,7.735,0.648,2.617
2016-02-12,405.884,376.201,-0.027,11.234,31.606,5.59,1.289,1.977,402.753,375.642,-0.059,13.943,35.336,8.288,,,405.375,393.094,-0.026,8.805,33.324,7.695,0.648,2.622
2016-02-16,401.038,368.201,-0.036,11.239,32.104,6.457,1.687,1.764,411.154,367.939,-0.074,10.657,34.339,7.973,,,424.173,399.502,-0.135,7.606,33.155,8.218,0.576,2.589
2016-02-20,399.959,388.007,-0.023,11.299,32.41,8.332,1.061,1.652,406.512,368.29,-0.051,8.635,33.605,7.009,,,409.435,387.171,-0.042,7.779,33.199,6.7,0.736,2.301
2016-02-24,406.767,368.977,-0.017,11.334,32.184,3.954,1.522,1.689,400.65,374.583,-0.05,10.864,34.325,8.911,,,402.725,375.499,-0.043,8.005,33.14,7.587,0.996,2.418
2016-02-28,403.045,339.446,-0.075,11.457,32.029,6.717,2.061,1.742,401.422,371.691,-0.068,9.233,33.813,9.354,,,402.283,376.263,-0.055,8.174,33.261,8.969,0.811,2.538
2016-03-03,399.13,379.073,-0.043,11.412,32.395,9.133,1.001,1.635,402.389,360.691,-0.076,8.693,33.615,8.058,,,403.055,363.313,-0.065,8.391,33.387,7.646,1.073,2.334
2016-03-07,397.377,372.094,-0.036,11.367,32.35,7.386,1.186,1.631,406.216,366.565,-0.042,8.183,33.492,5.15,,,406.838,375.183,-0.034,7.243,33.053,4.769,0.838,2.21
2016-03-11,397.93,380.908,-0.05,11.337,32.345,9.442,0.986,1.651,405.065,370.134,-0.028,9.514,33.848,5.358,,,404.919,385.906,-0.013,7.524,33.012,4.872,0.855,2.334
2016-03-15,401.509,383.392,-0.026,11.377,32.266,7.767,0.882,1.632,400.477,378.61,-0.032,10.725,34.384,7.62,,,399.706,378.742,-0.025,7.817,33.13,6.489,0.988,2.241
2016-03-19,401.259,352.158,-0.045,11.726,30.342,5.624,1.589,2.077,400.94,357.278,-0.057,13.64,35.355,6.489,,,399.399,375.183,-0.029,7.898,33.143,5.859,0.983,2.138
2016-03-23,402.03,361.493,-0.052,11.518,32.061,7.068,1.69,1.691,401.68,371.856,-0.09,11.96,34.701,9.04,,,398.95,365.919,-0.064,10,33.981,8.252,1.018,1.932
2016-03-27,403.527,340.727,-0.042,11.84,31.453,4.763,1.999,1.877,401.445,369.832,-0.035,9.443,33.721,6.284,,,397.999,371.411,-0.025,8.569,33.311,5.933,1.906,1.978
2016-03-31,405.698,322.648,-0.058,12.227,30.582,4.831,1.467,2.009,399.675,361.318,-0.075,10.409,34.06,8.347,,,395.084,376.9,-0.029,7.932,33.07,7.921,1.593,2.162
2016-04-04,404.515,321.335,-0.048,12.373,30.907,4.343,1.455,2.021,394.457,367.524,-0.069,11.633,34.502,9.017,,,393.223,369.529,-0.049,8.242,33.125,7.933,1.604,2.224
2016-04-08,402.214,290.67,-0.1,12.451,29.865,5.742,1.616,2.149,,,,,,,,,394.189,367.756,-0.037,8.252,33.22,6.757,0.921,2.18
2016-04-12,402.088,355.176,-0.052,11.444,31.702,5.375,1.406,2.636,,,,,,,,,396.876,354.752,-0.05,8.21,33.163,6.545,1.178,2.039
2016-04-16,403.927,338.518,-0.07,11.739,31.659,5.637,1.179,2.418,,,,,,,,,397.386,363.872,-0.067,7.958,33.071,8.348,0.812,1.981
2016-04-20,406.645,338.822,-0.02,13.245,30.813,2.921,1.229,3.384,,,,,,,,,394.166,373.59,,8.2,33.075,,0.502,2.01
2016-04-24,402.206,339.669,-0.062,12.691,31.388,6.047,0.958,2.815,,,,,,,,,390.321,362.079,,8.376,32.912,,1.202,2.193
2016-04-28,404.56,330.96,-0.039,13.199,30.809,4.132,1.143,2.799,,,,,,,,,388.784,361.09,,8.477,32.91,,1.515,2.072
2016-05-02,402.962,342.484,-0.073,12.415,31.273,6,1.325,2.329,,,,,,,,,389.128,362.231,,8.415,32.857,,1.137,2.323
2016-05-06,399.528,391.976,-0.03,11.259,32.027,8.107,1.702,1.954,,,,,,,,,382.766,384.116,,8.319,32.927,,0.711,2.177
2016-05-10,403.315,404.17,0.026,10.654,32.424,5.919,3.317,1.893,,,,,,,,,387.64,384.296,,8.936,32.963,,0.81,1.899
2016-05-14,398.118,284.457,-0.037,12.126,31.634,3.276,5.132,2.192,410.834,346.086,-0.072,,,5.416,2.144,1.969,386.197,401.206,,10.777,32.961,,1.32,1.889
2016-05-18,407.034,335.07,-0.036,11.703,31.564,4.39,2.93,2.3,410.345,320.827,-0.121,,,6.611,2.013,2.057,,,,,,,,
2016-05-22,407.502,286.845,-0.112,12.599,30.54,4.846,0.99,2.622,408.516,320.545,-0.049,,,4.11,1.101,2.048,,,,,,,,
2016-05-26,409.497,228.498,-0.105,13.539,29.634,4.344,1.911,2.846,410.839,325.884,-0.051,,,4.628,1.066,2.056,,,,,,,,
2016-05-30,410.872,258.323,-0.129,13.024,31.424,5.248,2.611,2.405,406.524,338.894,-0.038,,,4.239,1.004,2.038,393.749,360.003,-0.016,13.729,32.805,4.109,0.563,1.584
2016-06-03,409.417,270.897,-0.097,13.118,31.358,4.813,1.766,2.572,406.515,357.309,-0.025,,,3.851,0.834,1.975,393.631,366.943,-0.014,14.811,32.762,3.821,0.63,1.571
2016-06-07,403.713,306.431,-0.09,12.004,32.179,5.351,7.71,2.404,406.483,369.85,-0.026,,,5.192,0.711,1.797,392.596,374.191,-0.015,15.353,32.637,5.383,0.556,1.459
2016-06-11,409.684,230.961,-0.133,12.57,31.879,4.906,8.862,2.496,401.141,346.219,,,,10.319,0.784,1.944,388.904,346.665,-0.046,13.521,32.577,6.324,0.605,1.604
2016-06-15,407.451,241.015,-0.102,13.591,31.273,4.636,3.718,2.779,400.302,351.621,,,,,1.074,2.187,387.06,340.764,-0.045,14.131,32.561,5.61,0.663,1.733
2016-06-19,408.126,246.189,-0.116,14.887,30.579,4.835,0.658,2.672,403.648,361.932,,,,,0.594,1.868,390.865,360.809,-0.008,15.131,32.539,2.966,0.634,1.878
2016-06-23,405.137,295.322,-0.064,13.544,31.757,4.187,3.16,2.666,398.379,368.041,,,,,0.731,1.859,386.413,370.561,-0.008,15.926,32.438,4.029,0.584,1.773
2016-06-27,404.608,322.484,-0.091,12.36,32.438,6.046,7.111,2.564,397.821,365.99,,,,,0.558,1.827,385.743,364.452,-0.006,16.808,32.702,3.54,0.613,1.695
2016-07-01,404.72,402.951,0.024,10.661,33.002,5.812,10.168,2.242,398.358,379.264,,,,,0.642,1.782,385.735,378.499,-0.002,18.624,32.628,3.947,0.726,1.683
2016-07-05,402.126,333.887,-0.062,11.757,32.541,5.374,8.97,2.557,393.138,368.618,,,,,0.82,1.738,379.97,395.994,0.008,19.67,32.509,4.419,0.535,1.498
2016-07-09,398.964,289.937,-0.108,13.964,31.828,5.669,5.485,2.567,400.358,368.186,,,,,0.698,1.595,388.278,363.487,-0.023,19.537,32.523,4.434,0.88,1.64
2016-07-13,401.268,281.552,-0.104,15.15,31.934,4.927,1.449,2.427,396.211,362.975,,,,,0.329,1.414,387.042,361.092,-0.01,19.276,32.474,3.489,0.721,1.677
2016-07-17,396.408,344.364,-0.046,13.88,32.27,4.637,1.803,2.55,403.262,387.617,,,,,0.395,1.411,392.002,374.257,-0.011,21.387,32.47,4.565,0.593,1.436
2016-07-21,397.159,311.872,-0.051,16.333,31.538,4.43,2.008,2.551,391.155,380.059,,,,,0.441,1.471,380.559,379.571,0,22.521,32.525,4.866,0.451,1.351
2016-07-25,398.887,297.747,-0.107,13.672,32.135,6.101,4.574,2.667,395.425,367.35,,,,,0.483,1.589,384.701,389.369,0.004,22.631,32.385,4.791,0.467,1.35
2016-07-29,401.054,437.061,0.135,10.176,32.864,6.599,5.878,2.332,391.683,391.533,,,,,0.269,1.368,380.767,392.523,0.003,23.888,32.789,3.471,0.38,1.139
2016-08-02,397.92,394.486,0.011,10.509,32.983,5.287,10.734,2.276,388.78,375.581,,,,,0.206,1.321,377.386,375.116,-0.001,23.582,33.573,6.432,0.282,1.052
2016-08-06,395.518,356.259,0.135,9.721,33.293,5.595,7.837,2.171,392.208,366.194,,,,,0.128,1.309,380.691,380.39,-0.001,23.05,34.067,3.985,0.099,0.933
2016-08-10,398.779,229.803,-0.097,13.359,32.169,4.299,11.607,2.684,391.274,377.142,,,,,0.108,1.252,379.637,388.577,0.005,23.138,33.66,4.383,0.1,0.925
2016-08-14,399.94,316.639,0.008,11.257,32.815,5.705,6.889,2.52,396.254,391.722,,,,,0.097,1.209,384.687,400.175,0.013,23.652,32.96,5.83,0.11,1.047
2016-08-18,399.515,469.712,0.134,9.812,33.061,5.559,5.981,2.164,391.882,403.328,,,,,0.113,1.21,379.432,403.7,0.01,23.95,32.676,3.934,0.268,1.121
2016-08-22,397.102,328.494,-0.042,10.884,32.925,5.012,17.455,2.297,388.859,407.376,,,,,0.098,1.234,377.069,406.334,0.027,23.996,32.993,5.436,0.159,1.063
2016-08-26,401.149,362.558,-0.032,10.155,32.989,5.744,16.088,2.252,389.947,396.494,,,,,0.109,1.274,377.529,402.507,0.014,23.659,33.116,4.648,0.098,0.978
2016-08-30,399.917,299.242,-0.058,11.862,32.692,4.269,17.324,2.251,393.411,404.855,,,,,0.16,1.394,381.236,406.251,0.01,23.248,32.83,3.793,0.114,1.119
2016-09-03,398.422,277.423,-0.045,13.468,32.646,3.451,7.862,2.402,389.517,400.168,,,,,0.227,1.439,378.307,401.331,0.023,22.37,32.855,6.371,0.228,1.146
2016-09-07,398.471,242.137,-0.077,14.235,32.973,3.804,1.808,2.518,386.958,376.384,,,,,0.385,1.587,375.689,384.93,0.024,20.019,33.512,8.444,0.336,1.227
2016-09-11,401.606,355.389,0.03,11.403,33.085,6.115,1.119,2.509,393.779,374.787,,,,,0.172,1.405,353.139,385.273,0.006,20.793,33.607,5.143,0.167,1.104
2016-09-15,402.7,390.011,0.095,10.815,33.141,4.959,8.133,2.251,393.552,365.222,,,,,0.151,1.316,,,,20.466,33.569,4.856,0.123,1.078
2016-09-19,406.886,347.693,-0.031,12.49,33.016,3.22,8.413,2.336,391.037,368.57,,,,,0.12,1.237,,,,21.128,34.003,3.907,0.105,0.946
2016-09-23,402.472,346.232,-0.025,12.704,32.732,3.915,6.655,2.261,394.696,373.468,,,,,0.112,1.193,,,,22.37,34.484,4.109,0.115,0.844
2016-09-27,407.252,370.421,-0.034,13.112,32.565,5.866,2.966,2.153,394.273,360.653,,,,,0.275,1.258,,,,20.595,34.205,5.439,0.537,1.106
2016-10-01,405.494,404.838,0.022,12.059,32.787,6.313,2.072,2.075,391.616,357.444,,,,,0.232,1.237,,,,21.213,34.639,7.956,0.442,0.946
2016-10-05,407.093,384.125,-0.025,12.306,32.54,6.215,2.358,1.957,394.713,356.232,,,,,0.194,1.246,,,,21.939,35.1,6.059,0.266,0.859
2016-10-09,411.455,378.863,-0.03,12.387,32.439,5.983,3.363,1.944,394.696,352.468,,,,,0.217,1.285,,,,21.347,35.121,7.644,0.381,0.922
2016-10-13,413.125,350.696,-0.06,12.405,32.545,7.754,4.263,1.922,405.129,350.969,-0.081,21.295,35.314,6.821,0.36,1.228,469.883,376.137,-0.068,20.455,35.182,5.131,1.086,1.117
2016-10-17,402.429,427.131,0.062,12.849,32.56,8.286,0.961,1.598,411.824,350.337,-0.047,20.512,35.179,5.249,0.945,1.261,470.61,358.326,-0.072,19.54,34.789,4.741,1.845,1.254
2016-10-21,411.077,441.003,0.027,13.104,32.811,5.262,1.127,1.561,411.218,347.753,-0.067,19.607,34.62,6.078,0.842,1.49,455.939,358.756,-0.084,18.387,33.934,5.626,1.665,1.572
2016-10-25,406.894,412.906,0.009,13.52,32.651,8.349,1.561,1.486,413.166,354.434,-0.143,19.165,34.869,9.866,0.805,1.549,437.001,378.068,-0.127,18.98,34.8,9.264,1.068,1.394
2016-10-29,408.035,393.242,-0.016,14.176,32.383,6.326,1.091,1.416,415.44,351.464,-0.099,19.573,35.447,7.449,0.873,1.365,433.702,382.287,-0.071,17.804,34.324,6.927,1.392,1.621
2016-11-02,409.545,410.351,0,13.824,32.608,7.672,0.875,1.437,418.979,355.114,-0.057,17.756,34.602,5.47,1.53,1.676,430.328,384.91,-0.036,17.005,34.092,5.173,2.058,1.675
2016-11-06,410.514,404.286,-0.007,13.964,32.546,6.816,1.155,1.386,422.53,347.032,-0.137,18.343,34.987,8.287,1.311,1.554,434.303,385.755,-0.083,16.449,34.092,7.813,1.969,1.682
2016-11-10,414.754,395.523,-0.012,14.212,32.456,4.87,1.165,1.348,419.98,366.65,-0.06,15.979,34.056,6.642,1.654,1.871,430.92,396.013,-0.032,15.765,33.876,6.271,1.618,1.772
2016-11-14,410.016,412.012,0.002,14.096,32.516,7.677,0.706,1.43,422.152,390.89,-0.046,15.255,33.756,7.556,1.355,2.005,429.338,394.295,-0.05,15.391,33.864,7.214,1.538,1.786
2016-11-18,409.918,400.597,-0.011,13.877,32.438,6.953,0.958,1.734,420.516,381.455,-0.059,15.148,33.825,7.467,1.343,1.987,433.652,383.438,-0.068,15.155,33.853,7.063,1.905,1.809
2016-11-22,408.181,397.244,-0.015,14.064,32.483,7.889,0.774,1.318,414.096,384.2,-0.094,14.828,33.854,10.819,0.901,2.02,425.596,389.248,-0.106,14.46,33.675,10.516,1.386,1.987
2016-11-26,407.569,399.627,-0.019,14.002,32.462,8.632,0.546,1.346,421.591,376.931,-0.041,14.422,33.946,5.208,1.019,1.973,430.814,391.926,-0.028,14.139,33.749,4.983,1.12,1.991
2016-11-30,411.754,394.824,-0.017,13.614,32.257,6.189,0.416,1.374,418.101,386.231,-0.045,13.726,33.778,7.134,1.03,2.056,431.558,405.962,-0.033,13.042,33.287,6.784,1.111,2.178
2016-12-04,412.816,390.972,-0.022,13.03,31.801,6.303,0.575,1.573,420.507,374.613,-0.096,14.496,34.401,8.68,0.864,1.834,430.391,403.551,-0.058,12.543,33.257,8.154,1.133,2.154
2016-12-08,413.627,379.191,-0.058,12.385,31.937,7.542,1.036,1.502,420.548,385.403,-0.066,12.9,33.709,8.121,0.702,2.103,429.843,397.742,-0.052,12.484,33.441,7.605,0.734,2.074
2016-12-12,411.111,384.803,-0.031,12.306,32.171,6.445,0.823,1.451,421.168,385.88,-0.055,12.361,33.658,7.346,0.516,2.137,429.176,403.99,-0.04,11.601,33.234,7.079,0.792,2.267
2016-12-16,418.519,377.182,-0.027,11.754,32.07,4.873,0.964,1.459,419.593,398.112,-0.048,11.376,33.31,8.909,0.533,2.38,427.555,401.46,-0.058,11.239,33.211,8.576,0.796,2.288
2016-12-20,417.331,376.964,-0.058,11.843,32.286,6.95,0.944,1.405,421.247,399.074,-0.026,11.361,33.416,6.64,0.496,2.355,428.966,395.123,-0.04,11.138,33.339,6.531,0.728,2.26
2016-12-24,411.398,375.87,-0.032,11.686,32.34,5.663,1.006,1.408,427.955,405.281,-0.035,10.62,33.229,7.512,0.576,2.607,432.715,395.742,-0.056,10.943,33.368,7.431,0.673,2.346
2016-12-28,416.147,375.165,-0.049,11.495,32.366,6.386,1.064,1.378,421.861,399.648,-0.029,10.169,33.216,7.216,0.685,2.606,426.415,393.159,-0.048,10.823,33.443,7.056,0.667,2.316
2017-01-01,412.592,352.133,-0.075,10.699,31.902,6.578,1.447,1.608,419.827,391.147,-0.062,10.729,33.52,9.301,0.507,2.412,426.228,386.103,-0.085,10.782,33.609,8.952,0.533,2.281
2017-01-05,417.308,348.116,-0.08,10.252,32.013,6.403,1.668,1.573,417.691,390.643,-0.058,10.46,33.498,8.73,0.463,2.472,426.901,385.538,-0.081,10.573,33.607,8.446,0.51,2.254
2017-01-09,410.624,356.508,-0.097,10.223,32.266,8.063,1.452,1.51,423.391,389.287,-0.067,10.422,33.734,8.612,0.51,2.28,426.938,389.96,-0.072,9.792,33.484,7.927,0.495,2.451
2017-01-13,416.121,355.384,-0.055,9.825,32.098,5.837,1.261,1.584,420.385,374.606,-0.082,11.792,34.335,8.042,0.584,1.821,426.518,395.428,-0.045,9.544,33.45,7.256,0.693,2.229
2017-01-17,416.49,379.357,-0.042,9.405,31.87,8.825,1.093,1.829,424.221,366.024,-0.055,11.801,34.424,5.695,0.87,1.737,429.993,384.026,-0.042,9.574,33.533,5.451,0.759,2.217
2017-01-21,402.531,422.163,0.046,10.129,32.352,9.263,0.687,1.649,422.013,374.225,-0.038,10.937,34.07,5.286,0.693,1.878,428.668,381.089,-0.034,9.479,33.503,4.879,0.898,2.117
2017-01-25,413.274,426.95,0.012,10.387,32.348,4.815,0.604,1.649,414.567,375.139,-0.113,13.278,35.045,9.997,0.392,1.552,421.681,383.183,-0.093,10.453,33.824,9.106,0.62,1.921
2017-01-29,420.113,419.941,,10.357,32.344,,0.558,1.684,417.985,372.62,-0.112,10.822,34.168,9.14,0.595,1.879,423.487,381.041,-0.094,9.888,33.714,8.71,0.65,1.957
2017-02-02,413.378,412.784,,10.178,32.216,,0.59,1.734,419.026,367.886,-0.072,9.562,33.773,7.085,0.749,2.023,422.519,376.821,-0.059,9.659,33.758,6.725,0.684,1.933
2017-02-06,405.071,405.649,0.002,10.285,32.16,3.705,0.86,1.598,421.083,367.325,-0.093,9.272,33.766,7.869,0.832,2.019,425.545,379.029,-0.076,8.916,33.545,7.516,0.688,2.058
2017-02-10,409.223,411.547,-0.004,10.529,31.81,3.219,0.823,1.672,417.364,366.76,-0.107,8.708,33.465,8.366,1.074,2.044,423.911,380.603,-0.093,8.47,33.427,8.027,0.859,2.068
2017-02-14,414.595,386.685,-0.03,10.365,30.365,7.34,0.802,2.064,417.906,377.405,-0.106,8.612,33.456,9.069,0.851,2.09,423.224,384.322,-0.091,7.765,33.279,8.533,0.803,2.175
2017-02-18,404.18,397.833,-0.009,10.62,30.807,8.928,0.741,1.699,418.485,385.802,-0.068,7.897,33.26,8.647,0.626,2.207,423.669,385.925,-0.074,7.55,33.201,8.44,0.706,2.163
2017-02-22,408.801,397.414,-0.005,10.502,32.164,4.731,0.77,1.529,418.132,373.822,-0.029,7.574,33.14,4.65,0.661,2.261,423.75,381.801,-0.029,7.764,33.243,4.794,0.816,2.095
2017-02-26,411.785,354.686,-0.046,10.389,32.109,5.048,2.597,1.618,416.153,365.195,-0.065,7.599,33.068,6.258,0.785,2.302,422.562,365.493,-0.066,7.71,33.2,6.244,1.049,2.068
2017-03-02,414.166,343.378,-0.093,10.284,31.901,6.759,3.389,1.659,415.729,363.934,-0.099,7.398,33.118,8.02,0.874,2.265,422.374,369.37,-0.092,7.383,33.186,7.678,0.89,2.12
2017-03-06,408.643,348.346,-0.123,10.197,32.228,8.42,2.645,1.62,422.911,363.091,-0.127,7.099,33.261,8.192,0.691,2.212,426.852,366.481,-0.118,6.539,33.177,7.862,0.782,2.21
2017-03-10,410.716,363.447,-0.054,10.324,32.29,6.044,1.433,1.619,416.946,365.144,-0.12,7.219,33.295,9.162,0.891,2.193,420.357,366.302,-0.116,6.049,33.146,8.73,0.662,2.288
2017-03-14,409.573,358.149,-0.064,10.481,32.013,6.751,0.792,1.707,417.428,375.805,-0.118,6.994,33.356,10.191,0.779,2.199,423.032,361.446,-0.169,5.42,33.078,9.797,0.738,2.376
2017-03-18,411.052,360.281,-0.063,10.437,31.672,6.289,0.517,1.665,418.935,361.045,-0.152,6.437,33.332,9.722,0.568,2.244,425.125,357.548,-0.154,5.136,33.079,8.859,1.438,2.561
2017-03-22,408.763,357.156,-0.081,10.513,31.691,7.62,0.94,1.599,420.953,359.575,-0.124,6.114,33.268,8.183,0.547,2.253,426.212,367.056,-0.103,5.322,33.095,7.735,0.422,2.389
2017-03-26,409.494,366.372,-0.071,10.507,32.299,7.792,1.174,1.511,419.483,374.929,-0.058,6.289,33.258,6.608,0.564,2.227,426.38,367.721,-0.064,5.396,33.109,6.086,0.249,2.329
2017-03-30,413.294,350.363,-0.101,10.675,31.895,7.386,0.935,1.594,416.406,374.147,-0.049,6.376,33.224,6.085,0.96,2.171,423.515,374.352,-0.052,5.971,33.139,5.686,0.425,2.173
2017-04-03,414.936,349.982,-0.06,10.824,31.478,5.555,1.001,1.663,414.369,385.343,-0.059,6.867,33.314,7.993,0.837,2.016,420.684,379.328,-0.082,6.015,33.118,7.408,0.749,2.228
2017-04-07,406.591,350.194,-0.134,10.55,32.091,9.002,1.689,1.602,412.611,389.008,-0.032,6.395,33.124,6.992,0.89,2.056,419.123,395.156,-0.031,6.256,33.116,6.639,0.927,2.056
2017-04-11,409.478,376.857,-0.05,10.385,32.385,7.014,1.04,1.509,416.625,404.131,-0.011,6.562,32.994,5.586,0.656,1.99,425.663,390.439,-0.03,6.626,33.113,5.614,1.007,2.038
2017-04-15,411.576,344.267,-0.065,10.65,32.097,5.944,1.097,1.625,420.104,394.378,-0.021,7.947,32.995,4.296,1.146,1.928,429.061,384.063,-0.031,7.789,33.131,4.164,1.105,1.993
2017-04-19,410.513,324.028,-0.111,10.833,32.013,6.918,2.166,1.658,416.751,356.849,-0.055,7.99,33.038,5.812,1.571,1.971,425.421,340.147,-0.07,7.886,33.134,5.49,1.44,2
2017-04-23,412.661,319.687,-0.193,9.789,31.725,7.439,2.856,1.477,413.051,341.472,-0.057,8.279,32.954,4.999,1.332,1.993,421.674,372.437,-0.036,8,33.005,4.745,1.185,1.975
2017-04-27,414.991,343.965,-0.122,,,6.889,2.534,1.302,410.946,329.475,-0.07,8.899,32.985,5.413,1.275,1.987,420.504,373.98,-0.043,8.518,32.858,5.181,1.019,1.939
2017-05-01,418.015,292.44,-0.212,,,6.678,2.198,1.567,412.707,350.651,-0.065,9.179,32.833,6.421,1.023,1.939,420.061,383.956,-0.039,9.215,32.809,6.255,0.852,1.85
2017-05-05,412.164,298.293,-0.175,,,6.395,0.345,1.456,410.265,336.639,-0.073,9.518,32.791,5.663,1.336,1.892,415.949,350.102,-0.067,9.558,32.766,5.625,3.543,1.826
2017-05-09,414.444,337.69,-0.176,,,7.267,1.09,1.61,409.932,320.013,-0.061,10.151,32.754,4.747,1.088,1.843,415.112,337.229,-0.052,9.787,32.696,4.729,1.227,1.787
2017-05-13,412.32,312.404,-0.206,,,7.555,,,408.882,337.656,-0.08,10.028,32.828,6.113,1.904,1.836,415.06,354.562,-0.056,9.313,32.486,5.539,1.269,1.835
2017-05-17,413.747,259.523,-0.24,,,6.5,7.802,1.61,409.916,353.031,-0.066,8.757,32.582,6.532,1.618,1.988,419.333,351.523,-0.071,9.362,32.529,6.125,0.99,1.892
2017-05-21,411.023,287.466,-0.222,,,7.203,,,411.325,338.159,-0.059,10.056,32.565,5.315,0.826,1.932,421.08,353.594,-0.064,10.414,32.507,5.081,0.617,1.845
2017-05-25,410.825,372.379,-0.094,,,8.053,,,406.27,339.353,-0.064,10.039,32.254,5.894,0.612,1.983,,,,,,,,
2017-05-29,408.177,289.757,-0.068,,,3.708,,,411.622,346.066,-0.043,11.749,32.961,4.433,0.857,1.822,,,,,,,,
2017-06-02,408.902,250.302,-0.213,,,5.986,,,408.32,352.051,-0.033,14.166,33.712,4.533,0.847,1.572,,,,,,,,
2017-06-06,410.726,303.519,-0.202,,,6.417,,,402.282,345.257,-0.054,12.604,32.783,5.294,0.757,1.803,,,,,,,,
2017-06-10,407.407,290.815,-0.211,,,6.743,,,396.427,357.013,-0.043,14.251,33.428,6.562,0.526,1.245,,,,,,,,
2017-06-14,409.413,276.876,-0.237,,,6.531,,,396.702,372.123,-0.018,13.191,32.168,5.055,0.513,1.233,399.728,332.109,-0.044,14.206,32.274,4.997,0.608,1.517
2017-06-18,407.083,300.361,-0.113,,,4.998,,,396.975,353.416,-0.043,14.382,32.661,6.135,0.518,1.194,403.912,356.052,-0.046,14.202,32.113,5.738,0.725,1.562
2017-06-22,408.973,371.725,-0.036,,,8.945,,,395.725,356.611,-0.037,16.67,33.085,5.698,0.577,1.027,403.861,358.336,-0.038,15.663,32.214,5.363,0.83,1.53
2017-06-26,409.301,336.644,0.118,,,5.665,,,395.682,363.984,-0.028,17.059,32.151,4.572,0.695,1.236,401.974,377.345,-0.021,17.379,32.324,4.48,0.604,1.46
2017-06-30,402.899,248.256,-0.181,,,5.536,,,390.464,362.256,-0.03,18.296,32.366,5.919,0.559,1.153,396.748,380.612,-0.016,18.04,32.263,5.879,0.618,1.481
2017-07-04,403.866,360.819,-0.065,,,7.239,,,398.481,390.702,-0.007,19.495,32.144,3.746,0.553,1.129,405.651,407.717,-0.004,20.34,32.115,3.685,0.624,1.452
2017-07-08,404.072,381.791,-0.04,,,4.883,,,390.866,396.81,0.006,20.868,32.9,5.027,0.486,1.016,396.012,404.382,0.004,20.215,32.072,4.773,0.628,1.432
2017-07-12,402.367,324.044,-0.088,,,5.344,,,395.16,410.208,0.008,20.732,32.165,5.003,0.499,1.12,399.756,427.899,0.019,21.125,31.781,5.057,0.622,1.63
2017-07-16,400.865,250.832,-0.18,,,5.413,,,394.286,419.437,0.008,22.828,33.047,3.749,0.368,0.76,397.682,432.526,0.01,20.932,32.12,3.394,0.497,1.48
2017-07-20,399.832,244.1,-0.066,,,3.484,,,392.938,434.649,0.027,24.739,33.112,4.875,0.195,0.585,396.217,456.435,0.026,22.645,32.104,3.876,0.342,1.392
2017-07-24,399.235,304.948,-0.103,,,7.07,,,388.986,426.237,0.026,23.653,32.872,5.465,0.236,0.709,390.539,431.549,0.022,21.457,32.086,5.131,0.505,1.5
2017-07-28,401.61,404.091,-0.001,,,5.576,,,387.572,397.365,0.006,22.175,32.932,4.528,0.255,0.756,389.772,409.67,0.008,20.577,32.609,4.08,0.283,1.259
2017-08-01,401.073,413.765,0.071,,,7.437,,,387.212,392.222,0.001,20.466,32.713,4.08,0.286,0.873,387.504,393.784,0.001,19.838,33.09,4.079,0.319,1.207
2017-08-05,401.389,304.296,-0.043,,,3.556,,,388.426,393.17,0,22.4,33.675,4.387,0.159,0.613,388.494,414.956,0.013,21.112,32.842,4.001,0.253,1.252
2017-08-09,398.257,242.219,-0.058,,,3.025,,,387.948,386.481,-0.001,22.274,33.99,4.348,0.146,0.586,387.63,418.841,0.011,20.502,32.131,3.686,0.36,1.381
2017-08-13,396.892,262.65,-0.071,,,3.866,,,390.845,395.539,0.001,22.589,33.887,4.147,0.098,0.56,388.487,434.626,0.016,21.099,32.234,3.518,0.309,1.344
2017-08-17,397.436,355.03,-0.053,,,6.387,,,391.749,397.294,0.002,23.328,33.883,3.571,0.098,0.532,388.757,429.804,0.013,22.455,32.767,3.392,0.176,1.124
2017-08-21,399.914,448.332,0.153,,,6.673,,,394.52,399.716,0.006,23.574,33.745,6.15,,,392.124,421.308,0.027,22.909,33.309,5.884,,
2017-08-25,397.835,369.086,-0.039,,,5.794,,,392.269,409.516,0.01,23.797,33.814,4.701,,,388.932,419.583,0.017,23.152,33.551,4.341,,
2017-08-29,399.127,423.108,0.096,,,4.744,,,390.517,388.498,-0.018,22.955,34.272,8.521,0.206,0.564,386.788,394.427,0.006,21.065,33.232,7.622,0.517,1.311
2017-09-02,399.041,409.423,0.05,,,6.634,,,395.734,372.432,-0.027,21.839,34.753,6.592,0.089,0.507,388.741,384.577,-0.005,20.197,33.84,5.953,0.345,1.153
2017-09-06,402.466,403.684,0.011,,,4.322,,,402.922,380.109,-0.033,21.515,34.549,7.505,0.081,0.509,387.201,383.109,-0.004,20.753,34.101,7.047,0.281,1.034
2017-09-10,397.828,368.246,-0.04,,,4.693,,,400.41,379.403,-0.015,21.246,34.302,5.312,0.076,0.528,392.306,388.271,-0.003,20.044,33.72,5.086,0.264,1.111
2017-09-14,395.701,331.219,-0.065,,,5.16,,,394.921,383.354,-0.007,20.792,33.937,4.568,0.16,0.606,386.951,396.202,0.003,19.468,33.45,4.31,0.489,1.221
2017-09-18,393.847,350.598,-0.058,,,5.843,,,399.848,382.035,-0.023,22.279,34.183,5.539,0.109,0.468,390.424,406.567,0.006,20.771,33.722,5.197,0.249,1.078
2017-09-22,398.615,331.582,-0.057,,,4.441,,,399.87,381.266,-0.083,20.426,34.464,13.16,0.354,0.727,388.943,402.65,0.053,19.011,33.794,12.781,0.558,1.371
2017-09-26,406.936,320.861,-0.066,,,4.377,,,404.285,392.646,-0.008,18.5,33.898,4.202,1.665,1.005,392.479,407.35,0.007,17.964,33.686,3.855,1.423,1.458
2017-09-30,405.551,339.311,-0.062,,,4.731,,,403.239,378.917,-0.025,19.623,34.307,5.903,1.045,0.848,392.188,401.804,0.009,18.588,33.459,5.612,1.296,1.526
2017-10-04,408.624,326.183,-0.085,,,5.056,,,406.912,374.003,-0.038,20.029,34.204,6.434,0.806,0.813,396.007,395.619,-0.001,17.454,32.832,6.005,1.608,1.761
2017-10-08,407.342,327.028,-0.072,,,4.775,,,405.732,369.398,-0.039,20.362,34.684,6.436,0.439,0.615,392.224,397.627,0.004,17.941,32.823,5.375,1.431,1.643
2017-10-12,407.445,367.799,-0.043,12.289,32.888,5.498,1.283,1.762,413.479,378.984,-0.056,19.703,34.094,7.615,0.589,0.83,402.131,401.597,0.001,18.535,33.159,7.237,1.079,1.5
2017-10-16,419.751,325.548,-0.05,12.047,32.955,4.209,3.074,1.845,408.841,378.334,-0.038,19.203,34.163,6.422,0.865,0.845,397.133,407.961,0.01,17.811,32.958,5.666,1.565,1.686
2017-10-20,406.457,379.935,-0.016,11.896,32.531,8.578,2.347,1.867,412.784,365.596,-0.042,20.166,34.967,5.707,0.361,0.614,402.308,381.634,-0.015,16.868,33.11,5.001,1.668,1.616
2017-10-24,417.366,313.008,-0.054,12.987,32.042,5.14,1.354,1.471,408.309,365.502,-0.033,18.559,33.921,5.311,0.615,0.891,396.523,380.12,-0.012,18.187,33.673,5.282,0.711,1.357
2017-10-28,419.347,279.477,-0.061,12.904,32.321,4,1.318,1.565,408.456,367.482,-0.063,20.152,35.043,7.482,0.465,0.585,396.751,389.436,-0.013,17.413,33.29,7.185,1.243,1.556
2017-11-01,415.243,263.731,-0.079,12.875,32.263,4.137,1.056,1.553,409.791,371.534,-0.074,18.946,34.906,7.993,0.79,0.818,405.262,380.143,-0.038,18.118,34.159,7.636,1.192,1.329
2017-11-05,414.592,318.175,-0.087,11.96,32.491,5.304,3.134,1.63,409.321,373.146,-0.044,18.54,34.841,6.607,0.857,0.968,421.845,384.199,-0.039,17.575,34.273,6.1,1.13,1.388
2017-11-09,414.602,326.883,-0.113,11.627,32.634,6.905,2.974,1.577,412.851,369.624,-0.081,19.301,35.159,8.215,0.549,0.919,424.946,397.949,-0.049,16.51,33.7,7.582,1.026,1.714
2017-11-13,413.204,351.334,-0.118,11.724,32.777,9.093,1.979,1.551,414.689,364.834,-0.049,18.821,35.141,5.85,0.63,0.963,425.897,370.029,-0.045,16.639,34.282,5.172,0.85,1.482
2017-11-17,414.656,376.008,-0.049,11.772,32.675,6.837,0.727,1.338,412.356,371.153,-0.077,16.537,34.42,8.162,0.778,1.178,423.326,384.201,-0.064,14.647,33.516,7.522,1.152,1.747
2017-11-21,415.169,394.669,-0.036,11.674,32.923,8.611,0.762,1.287,409.671,379.529,-0.074,15.615,34.329,9.863,0.737,1.245,420.501,403.086,-0.048,14.705,33.748,9.418,0.752,1.736
2017-11-25,414.927,391.936,-0.032,11.835,32.91,6.792,0.477,1.255,414.652,377.674,-0.04,15.508,34.413,6.023,0.855,1.223,424.64,418.22,-0.006,14.115,33.629,5.898,0.811,1.815
2017-11-29,419.279,393.323,-0.027,11.721,32.784,5.116,0.46,1.264,415.445,376.255,-0.059,13.999,33.756,7.498,1.394,1.439,425.308,400.432,-0.03,12.869,33.087,7.021,1.314,2.07
2017-12-03,418.122,353.512,-0.054,11.585,32.543,4.949,0.725,2.025,418.059,377.102,-0.024,13.268,33.416,4.525,1.55,1.538,420.801,381.838,-0.018,13.081,33.351,4.297,1.515,1.9
2017-12-07,425.31,372.138,-0.059,10.814,32.176,6.283,0.727,1.753,414.523,368.693,-0.067,13.263,33.538,7.37,1.419,1.522,426.335,391.293,-0.017,12.829,33.275,7.202,1.219,1.942
2017-12-11,427.117,383.006,-0.054,10.841,32.39,6.984,0.662,1.732,412.83,378.314,-0.053,12.949,33.497,7.474,0.947,1.586,422.541,401.111,-0.028,12.188,33.069,6.8,1.137,2.139
2017-12-15,424.688,347.349,-0.042,11.096,32.683,4.68,0.586,1.583,412.971,370.397,-0.105,12.789,33.67,8.946,0.79,1.559,421.524,387.835,-0.069,12.385,33.449,8.334,0.848,1.986
2017-12-19,416.334,350.19,-0.072,10.978,32.47,6.944,0.582,1.952,415.847,371.243,-0.074,12.8,33.896,7.77,0.716,1.499,425.039,385.783,-0.06,12.118,33.557,7.56,0.772,1.959
2017-12-23,424.858,345.64,-0.061,10.909,32.428,5.444,0.566,1.656,415.783,370.244,-0.056,12.458,33.87,6.651,0.835,1.512,423.843,401.017,-0.027,11.736,33.365,6.27,0.706,2.133
2017-12-27,422.125,350.317,-0.06,10.664,32.457,5.696,0.6,1.741,418.896,370.155,-0.128,12.455,34.069,9.975,0.737,1.446,426.475,398.373,-0.072,11.303,33.286,9.539,0.703,2.201
2017-12-31,419.138,362.405,-0.061,10.88,32.61,6.694,0.333,2.189,419.262,368.213,-0.104,10.46,33.523,8.549,0.874,1.735,423.96,390.4,-0.063,10.762,33.483,8.171,0.62,2.148
2018-01-04,422.971,377.011,-0.053,10.921,32.702,6.668,1.007,1.323,414.532,368.127,-0.149,10.39,33.716,11.03,0.75,1.658,422.347,388.903,-0.097,9.87,33.304,10.434,0.605,2.293
2018-01-08,418.294,364.128,-0.046,10.917,32.7,5.209,1.653,1.365,419.349,373.671,-0.144,10.294,33.892,10.758,0.539,1.645,427.045,388.273,-0.115,9.697,33.566,10.335,0.563,2.224
2018-01-12,419.017,356.801,-0.068,10.708,32.652,6.621,1.833,1.463,415.636,375.844,-0.057,10.409,34.021,7.279,0.613,1.553,418.955,381.906,-0.046,9.483,33.616,6.785,0.593,2.186
2018-01-16,421.367,347.692,-0.078,10.818,32.691,6.713,1.938,1.438,419.179,373.315,-0.059,9.217,33.589,6.74,0.783,1.712,422.13,377.066,-0.049,8.131,33.213,6.113,0.706,2.325
2018-01-20,416.293,385.271,-0.055,11.031,32.709,8.877,0.583,1.327,422.746,371.873,-0.068,7.713,33.112,6.807,0.922,1.811,424.202,386.661,-0.041,6.518,32.818,6.243,0.746,2.238
2018-01-24,417.921,376.559,-0.067,11.088,32.659,8.811,0.552,1.297,418.279,370.863,-0.065,7.9,33.169,6.849,0.974,1.751,419.989,379.88,-0.046,6.636,32.847,6.319,0.89,2.223
2018-01-28,419.493,383.524,-0.061,11.067,32.694,8.454,0.614,1.301,418.399,369.553,-0.066,7.621,33.186,6.707,1.022,1.725,415.449,369.219,-0.051,5.83,32.724,6.005,0.837,2.283
2018-02-01,422.023,370.924,-0.034,11,32.634,4.775,0.612,1.316,415.083,363.889,-0.128,8.79,33.647,9.509,0.977,1.605,415.244,388.966,-0.056,6.75,32.969,8.643,0.736,2.199
2018-02-05,420.186,342.091,-0.015,10.994,32.147,2.585,0.771,1.608,419.173,363.09,-0.093,8.412,33.656,7.581,0.969,1.596,416.603,376.916,-0.055,6.536,32.988,7.052,0.835,2.225
2018-02-09,425.183,346.039,-0.03,10.692,31.084,2.933,0.732,2.856,421.275,362.016,-0.064,7.935,33.432,6.215,1.152,1.653,419.398,354.083,-0.063,5.988,32.914,5.888,1.029,2.286
2018-02-13,423.697,358.154,-0.151,10.417,31.833,8.2,1.377,3.922,415.763,360.613,-0.068,6.976,33.044,6.492,1.206,1.734,413.022,341.582,-0.075,5.896,32.829,6.005,1.151,2.321
2018-02-17,421.512,333.211,-0.13,10.246,32.181,6.851,1.638,3.979,416.519,360.912,-0.082,6.837,33.027,7.282,1.182,1.732,414.759,338.001,-0.093,6.009,32.859,6.576,1.225,2.243
2018-02-21,424.11,311.646,-0.115,9.439,30.803,5.853,1.84,4.496,417.934,370.368,-0.061,7.392,33.206,6.754,1.362,1.641,415.519,341.452,-0.076,5.919,32.782,6.08,1.044,2.199
2018-02-25,423.121,302.839,-0.183,9.173,31.028,6.953,1.389,1.597,420.684,373.716,-0.058,7.234,33.175,6.555,1.16,1.669,420.576,361.708,-0.064,6.478,32.905,6.15,1.11,2.144
2018-03-01,417.228,286.477,-0.223,8.946,30.9,7.486,2.137,1.444,412.434,367.312,-0.055,7.409,33.342,6.141,1.795,1.567,411.968,390.661,-0.022,6.496,32.969,5.727,0.845,2.086
2018-03-05,422.681,337.859,-0.083,9.369,31.881,5.431,1.341,1.353,410.552,385.139,-0.114,10.877,34.753,12.797,0.795,1.274,412.163,390.39,-0.067,6.584,33.148,11.115,1.184,2.202
2018-03-09,420.051,335.43,-0.09,9.587,31.808,6.026,1.147,1.438,411.318,389.702,-0.054,9.361,34.333,9.716,0.656,1.309,414.01,395.24,-0.039,7.082,33.561,8.746,0.908,1.972
2018-03-13,423.194,355.63,-0.022,10.161,32.136,4.534,2.043,1.699,411.734,386.777,-0.078,8.261,33.994,10.653,0.709,1.392,409.781,380.414,-0.072,6.526,33.343,10.443,0.898,2.017
2018-03-17,421.317,338.381,-0.077,9.996,32.291,5.413,2.566,1.254,412.808,383.73,-0.089,6.976,33.55,10.476,0.739,1.53,414.233,391.934,-0.059,6.426,33.328,9.724,0.609,2.027
2018-03-21,422.475,326.114,-0.09,10.017,32.209,5.481,3.228,1.493,411.453,391.392,-0.052,6.816,33.551,9.19,0.739,1.549,411.885,393.629,-0.031,6.247,33.298,8.279,0.557,2.035
2018-03-25,422.444,327.609,-0.118,9.879,32.259,6.339,3.211,2.079,411.514,387.032,-0.038,6.982,33.498,6.956,0.483,1.651,420.064,392.77,-0.035,6.153,33.248,6.281,0.664,1.997
2018-03-29,424.688,305.169,-0.103,9.96,32.03,5.471,3.583,2.29,399.209,387.901,-0.015,8.281,33.778,6.214,0.729,1.759,427.781,400.798,-0.036,6.066,33.251,6.415,0.583,1.772
2018-04-02,422.124,325.157,-0.078,10.014,31.845,5.318,3.08,2.229,409.016,401.965,-0.008,7.443,33.359,6.294,0.761,1.852,431.622,409.307,-0.019,6.294,33.213,5.55,0.353,1.662
2018-04-06,,,,10.172,31.912,6.864,1.522,1.301,408.902,398.356,-0.027,8.453,33.743,8.155,0.736,1.73,428.048,417.155,-0.018,6.161,33.198,7.492,0.277,1.677
2018-04-10,,,,10.27,32.146,7.542,2.509,1.219,410.647,404.351,-0.005,7.17,33.222,5.284,0.541,1.867,430.992,406.451,-0.019,6.469,33.236,5.363,0.742,1.586
2018-04-14,,,,10.215,32.194,7.899,2.929,1.248,403.563,395.813,-0.009,7.191,33.145,4.873,1.255,1.838,430.863,414.007,-0.034,6.695,33.224,8.443,0.957,1.57
2018-04-18,,,,10.375,32.104,5.589,2.061,1.137,388.661,380.787,,,,,1.411,1.799,428.793,407.504,-0.068,6.29,33.154,10.369,1.011,1.516
2018-04-22,,,,10.881,31.71,6.555,1.293,1.192,394.388,381.848,-0.005,8.219,33.188,2.784,0.356,1.763,434.607,396.66,-0.007,7.868,33.181,1.944,0.767,1.558
2018-04-26,,,,10.811,31.871,4.75,,,,,,,,,,,428.543,379.75,-0.032,7.78,33.188,5.073,0.693,1.49
2018-04-30,,,,11.398,30.612,5.457,,,,,,,,,,,427.357,380.738,-0.005,7.74,33.224,4.446,2.79,1.489
2018-05-04,,,,10.959,31.237,4.628,,,,,,,,,,,428.091,354.302,,,,6.656,2.402,1.503
2018-05-08,,,,11.908,29.864,4.359,,,,,,,,,,,424.884,324.895,,,,4.412,2.923,1.549
2018-05-12,,,,11.792,30.48,6.16,,,,,,,,,,,425.169,323.323,,,,4.171,2.042,1.569
2018-05-16,,,,13.097,29.737,3.668,,,,,,,,,,,424.38,307.422,,,,3.649,2.48,1.599
2018-05-20,,,,13.728,29.357,4.611,0.708,1.269,,,,,,,,,428.545,323.792,-0.023,9.333,33.015,5.279,2.828,1.624
2018-05-24,,,,11.205,31.907,5.038,1.341,1.223,,,,,,,,,429.708,331.561,-0.119,11.473,33.084,4.059,1.991,1.654
2018-05-28,,,,10.882,32.082,5.132,4.908,1.428,,,,,,,,,425.702,338.712,-0.006,12.17,33.068,4.921,1.79,1.6
2018-06-01,,,,10.962,31.976,3.925,3.576,1.522,,,,,,,,,425.543,365.412,-0.018,14.757,33.068,3.362,0.904,1.376
2018-06-05,,,,13.072,30.644,4.035,2.261,1.89,,,,,,,,,421.496,352.259,-0.089,12.955,33.016,6.615,1.02,1.42
2018-06-09,,,,14.683,29.972,5.854,1.095,1.632,,,,,,,,,424.234,377.815,-0.014,14.141,32.922,3.048,0.749,1.317
2018-06-13,,,,14.345,30.266,4.879,0.921,1.648,,,,,,,,,419.592,376.567,-0.031,14.422,33.034,5.099,0.83,1.288
2018-06-17,,,,13.295,31.442,5.553,1.43,1.781,,,,,,,,,421.53,395.31,-0.01,15.639,32.896,3.618,0.697,1.244
2018-06-21,,,,16.206,28.872,3.919,1.414,1.654,,,,,,,,,,,,,,,,
2018-06-25,,,,13.361,31.498,5.349,3.613,1.548,,,,,,,,,,,,,,,,
2018-06-29,,,,12.142,32.512,4.238,10.773,1.717,,,,,,,,,,,,,,,,
2018-07-03,,,,13.017,32.142,4.845,4.243,1.968,,,,,,,,,,,,,,,,
2018-07-07,,,,14.999,30.748,5.016,4.013,1.988,,,,,,,,,,,,,,,,
2018-07-11,,,,14.798,30.933,5.877,2.825,2.004,,,,,,,,,,,,,,3.986,,
2018-07-15,,,,10.307,33.105,4.552,3.006,1.407,,,,,,,,,,,,20.815,32.822,3.161,,
2018-07-19,,,,10.577,32.919,4.98,3.942,1.302,,,,,,,,,,,,21.731,32.878,3.805,,
2018-07-23,,,,10.185,32.878,5.485,3.263,1.424,,,,,,,,,,,,20.865,33.113,5.576,,
2018-07-27,,,,10.387,32.801,3.5,2.726,1.408,,,,,,,,,,,,22.503,33.281,5.251,0.426,0.952
2018-07-31,,,,12.75,32.487,2.304,3.165,1.484,,,,,,,,,,,,22.813,33.155,3.413,0.484,0.96
2018-08-04,,,,14.78,31.9,2.807,2.6,1.847,,,,,,,,,,,,23.706,33.285,5.471,,
2018-08-08,,,,13.283,32.195,2.961,5.28,1.914,,,,,,,,,,,,25.093,32.815,5.077,0.221,0.769
2018-08-12,,,,14.131,32.385,4.387,5.258,1.661,,,,,,,,,,,,25.45,32.633,3.787,0.246,0.797
2018-08-16,,,,13.327,32.831,3.962,5.926,1.821,,,,,,,,,,,,24.993,32.567,5.254,0.252,0.758
2018-08-20,,,,12.105,33.138,4.343,7.59,1.714,,,,,,,,,,,,23.861,32.516,6.473,0.345,0.832
2018-08-24,,,,,,,10.19,1.704,,,,,,,,,,,,21.88,32.604,4.093,0.356,0.937
2018-08-28,,,,,,,11.359,1.628,,,,,,,,,,,,22.363,32.573,4.671,0.242,0.883
2018-09-01,,,,,,,11.505,1.725,,,,,,,,,,,,22.208,32.557,5.538,,
2018-09-05,,,,,,,6.187,1.448,,,,,,,,,,,,22.222,32.736,3.629,,
2018-09-09,,,,,,,9.318,1.451,,,,,,,,,412.583,410.172,-0.007,21.478,32.887,6.823,0.446,0.796
2018-09-13,,,,,,,2.883,1.592,,,,,,,,,417.327,424.879,0.003,21.036,33.399,4.763,0.759,1.049
2018-09-17,,,,,,,1.272,1.618,,,,,,,,,415.104,415.607,0,22.65,34.291,3.677,,
2018-09-21,,,,,,,1.974,1.394,,,,,,,,,411.515,403.868,-0.009,21.109,33.784,6.488,,
2018-09-25,426.193,296.796,-0.117,13.722,32.782,5.598,1.535,1.224,,,,,,,,,413.415,391.208,-0.034,21.58,34.523,7.092,,
2018-09-29,419.532,365.672,-0.04,12.103,33.068,5.307,3.878,1.298,,,,,,,,,419.51,394.044,-0.023,21.074,34.217,5.586,,
2018-10-03,412.476,300.347,-0.067,12.981,32.932,4.79,1.942,1.33,,,,,,,,,420.154,407.912,-0.005,19.708,33.478,3.922,,
2018-10-07,413.235,353.636,-0.04,12.649,32.739,4.5,1.45,1.315,,,,,,,,,422.495,404.371,-0.016,19.869,33.702,5.186,,
2018-10-11,422.853,346.3,-0.044,12.732,32.812,4.185,1.674,1.311,,,,,,,,,420.468,401.603,-0.015,20.46,34.074,5.54,,
2018-10-15,423.819,385.33,-0.031,12.066,33.018,5.087,1.758,1.347,,,,,,,,,417.316,402.639,-0.018,18.19,33.421,6.882,,
2018-10-19,428.278,305.45,-0.081,12.094,33.01,4.964,3.535,1.326,,,,,,,,,419.175,417.439,-0.007,16.421,33.254,8.789,,
2018-10-23,430.084,378.571,-0.039,11.143,33.038,4.584,2.944,1.255,,,,,,,,,420.126,433.294,0.019,15.518,32.949,7.119,,
2018-10-27,418.228,383.568,-0.048,11.763,32.884,6.649,1.111,1.159,,,,,,,,,421.809,465.266,0.071,15.33,32.731,7.623,,
2018-10-31,422.042,391.227,-0.026,12.089,32.89,4.428,0.537,1.162,413.583,398.158,-0.016,13.502,32.718,6.472,2.59,1.511,450.867,430.214,-0.026,13.535,32.659,6.634,2.136,1.621
2018-11-04,420.941,390.649,-0.014,12.408,32.823,4.073,0.549,1.101,413.481,377.683,-0.057,13.698,32.801,7.489,2.847,1.488,429.014,383.101,-0.069,13.513,32.65,7.488,2.59,1.641
2018-11-08,417.908,364.868,-0.021,12.291,32.879,3.404,1.569,1.083,416.462,363.546,-0.066,13.805,33.128,6.758,2.731,1.362,433.877,408.862,-0.031,13.704,32.564,6.67,1.668,1.767
2018-11-12,438.049,342.572,-0.083,11.95,32.906,5.44,2.967,1.083,416.142,369.544,-0.091,13.341,33.069,8.006,2.122,1.398,432.628,409.328,-0.035,13.754,32.603,7.845,1.496,1.941
2018-11-16,434.376,363.371,-0.066,11.58,32.984,5.092,2.973,1.141,416.902,392.716,-0.059,12.818,32.91,9.811,1.625,1.499,440.369,415.801,-0.055,13.502,32.71,9.435,1.158,2.107
2018-11-20,,,0,11.737,32.759,4.427,1.739,1.016,418.96,378.589,-0.038,12.678,33.054,5.309,1.424,1.425,430.138,400.299,-0.041,12.693,32.671,5.377,1.24,1.953
2018-11-24,,,0,11.52,32.726,6.27,1.03,1.003,415.03,375.138,-0.073,12.798,33.496,8.677,1.309,1.301,440.54,404.262,-0.08,11.714,32.754,8.189,1.072,1.742
2018-11-28,,,0,11.003,33.033,6.133,1.01,1.011,412.755,374.121,-0.102,13.014,33.714,10.14,1.052,1.267,429.69,371.289,-0.155,12.467,33.376,9.715,0.959,1.495
2018-12-02,,,,,,,0.761,0.858,415.886,399.708,-0.018,11.31,32.905,6.133,1.024,1.493,427.147,390.595,-0.039,11.527,32.92,6.054,0.686,1.68
2018-12-06,,,,,,,0.734,0.866,417.929,388.954,-0.054,10.886,32.93,8.161,1.365,1.461,445.08,404.009,-0.065,11.23,32.854,7.649,0.709,1.725
2018-12-10,,,,,,,0.777,0.835,419.362,384.965,-0.033,10.275,32.83,5.683,1.318,1.528,441.432,384.613,-0.05,10.356,32.661,5.559,1.06,1.95
2018-12-14,,,,,,,0.486,0.834,419.404,357.237,-0.063,10.677,33.484,6.118,1.641,1.342,423.307,358.866,-0.059,10.126,32.758,5.683,1.081,1.791
2018-12-18,,,,,,,0.524,0.815,416.63,374.416,-0.117,10.816,33.491,10.126,0.941,1.379,435.303,373.624,-0.162,10.049,32.865,9.708,0.904,1.709
2018-12-22,,,,,,,0.46,0.835,413.792,385.671,-0.04,9.749,33.052,7.156,0.952,1.495,435.321,384.799,-0.077,9.758,32.753,7.153,0.727,1.797
2018-12-26,,,,,,,0.578,0.781,421.731,390.751,-0.041,9.266,32.843,6.645,0.874,1.632,439.221,376.559,-0.074,9.418,32.747,6.348,0.69,1.889
2018-12-30,,,,,,,0.717,0.766,419.847,381.413,-0.041,9.4,33.072,6.496,0.948,1.575,447.88,386.805,-0.114,8.45,32.609,6.341,0.724,2.113
2019-01-03,,,,,,,0.613,0.945,418.602,370.747,-0.075,9.224,33.102,7.368,1.225,1.445,,,,8.308,32.689,7.2,0.752,1.885
2019-01-07,,,,,,,0.487,0.839,416.439,378.916,-0.068,8.836,33.03,7.864,0.748,1.506,,,,7.809,32.592,7.491,0.6,2.225
2019-01-11,,,,,,,0.421,0.762,415.733,386.189,-0.077,8.51,33.056,9.798,0.635,1.47,,,,7.717,32.684,9.279,0.514,2.307
2019-01-15,,,,,,,0.269,0.777,419.437,378.139,-0.063,8.204,33.168,7.314,0.606,1.463,,,,7.513,32.753,6.929,0.526,2.116
2019-01-19,,,,,,,0.399,0.768,418.809,369.559,-0.052,8.698,33.519,6.201,0.898,1.334,,,,7.37,32.824,6.234,0.506,1.821
2019-01-23,,,,,,,0.482,0.744,423.198,376.312,-0.148,8.63,33.541,10.656,0.577,1.335,,,,6.863,32.702,10.723,0.494,2.297
2019-01-27,,,,,,,0.764,0.916,418.122,381.299,-0.044,7.068,32.923,6.486,0.69,1.679,,,,6.802,32.681,6.671,0.491,2.492
2019-01-31,,,,,,,1.648,1.107,421.813,370.918,-0.095,7.529,33.247,7.802,0.824,1.46,,,,5.572,32.596,8.237,0.749,2.325
2019-02-04,,,,,,,2.34,0.945,425.529,366.524,-0.046,6.901,33.083,4.617,0.896,1.512,,,,4.432,32.422,4.249,0.768,2.333
2019-02-08,,,,,,,2.573,0.895,421.826,360.084,-0.101,6.25,32.929,7.102,0.921,1.665,,,,4.229,32.301,6.573,0.482,2.644
2019-02-12,,,,,,,1.139,0.815,420.866,348.162,-0.118,7.858,33.494,7.322,1.226,1.424,,,,5.311,32.789,6.982,0.641,2.039
2019-02-16,,,,,,,0.371,0.798,417.219,344.725,-0.122,8.071,33.557,7.515,1.292,1.351,,,,4.72,32.516,6.853,0.539,2.501
2019-02-20,,,,,,,0.547,0.795,420.48,322.173,,8.1,33.589,,1.451,1.258,,,,5.706,32.907,7.034,0.845,1.901
2019-02-24,,,,,,,0.887,0.986,420.222,323.86,,8.326,33.633,,1.295,1.265,,,,6.811,33.24,8.053,0.971,1.619
2019-02-28,,,,,,,1.915,0.96,420.557,346.317,,7.931,33.621,,1.008,1.298,,,,5.732,33.068,7.524,0.759,1.85
2019-03-04,,,,,,,2.188,1.028,419.363,359.337,,7.036,33.36,,0.901,1.359,,,,6.299,33.168,7.312,0.76,1.694
2019-03-08,,,,,,,1.285,1.135,422.807,376.188,,6.422,33.291,,0.661,1.391,,,,6.362,33.202,6.4,0.72,1.614
2019-03-12,,,,,,,1.731,0.978,421.573,377.767,,6.142,33.179,,0.667,1.416,,,,5.274,32.994,6.894,0.554,1.792
2019-03-16,,,,,,,1.285,0.916,417.348,380.68,,6.118,33.092,,0.735,1.421,,,,5.805,33.059,6.374,0.603,1.663
2019-03-20,,,,,,,1.502,1.046,420.909,381.762,-0.031,5.729,32.966,5.227,0.824,1.439,,,,4.589,32.636,5.314,0.312,1.95
2019-03-24,,,,,,,1.384,1.035,414.662,378.092,-0.087,5.874,33.03,8.77,0.847,1.451,,,,5.15,32.85,8.477,0.46,1.797
2019-03-28,,,,,,,0.334,0.684,420.284,379.08,-0.042,5.844,33.009,5.938,0.641,1.455,,,,5.547,32.992,5.5,0.383,1.69
2019-04-01,,,,,,,0.441,0.74,417.053,374.668,-0.057,6.332,33.057,6.595,0.99,1.403,,,,5.983,32.978,6.46,0.939,1.644
2019-04-05,,,,,,,0.904,0.745,420.887,370.833,-0.083,6.573,33.091,7.134,1.448,1.475,,,,5.821,32.88,7.041,0.937,1.684
2019-04-09,,,,,,,1.213,0.831,,,,7.066,33.033,4.612,2.317,1.718,,,,7.043,33.008,4.948,2.086,1.653
2019-04-13,,,,,,,1.375,0.896,,,,6.857,32.831,4.684,2.136,1.718,,,,6.306,32.883,4.333,1.431,1.75
2019-04-17,,,,,,,1.53,1.926,,,,6.826,32.669,7.279,0.425,1.712,,,,6.988,32.785,5.428,0.845,1.779
2019-04-21,,,,,,,0.704,0.712,,,,7.162,32.585,6,1.909,1.697,,,,7.259,32.706,5.516,1.106,1.718
2019-04-25,,,,,,,0.79,0.724,,,,9.098,32.871,5.104,2.45,1.612,,,,7.992,32.563,4.739,2.351,1.637
2019-04-29,,,,,,,0.646,0.647,,,,8.115,32.535,5.562,2.25,1.73,,,,8.337,32.593,5.599,1.201,1.73
2019-05-03,,,,,,,1.448,0.711,,,,8.525,32.484,4.122,1.48,1.696,,,,8.721,32.574,3.965,0.9,1.704
2019-05-07,,,,,,,1.191,0.792,,,,10.731,33.186,6.352,1.345,1.565,,,,8.818,32.349,5.386,1.33,1.646
2019-05-11,,,,,,,2.468,1.06,,,,12.623,33.947,6.966,1.351,1.434,,,,9.103,32.385,5.669,0.936,1.601
2019-05-15,,,,,,,0.777,1.353,,,,13.36,34.595,7.591,1.203,1.424,,,,8.66,32.737,6.342,1.59,1.691
2019-05-19,,,,,,,0.591,1.31,,,,9.405,32.56,4.868,1.918,1.708,,,,9.464,32.349,4.883,1.192,1.638
2019-05-23,,,,,,,0.275,1.119,,,,10.855,32.766,6.59,0.999,1.557,,,,10.679,32.315,5.797,0.788,1.534
2019-05-27,,,,,,,0.506,0.893,,,,,,,1.304,1.634,,,,11.479,32.326,4.071,0.755,1.555
2019-05-31,,,,,,,1.196,1.048,,,,,,,1.106,1.617,,,,11.937,32.226,4.043,0.639,1.53
2019-06-04,,,,,,,0.853,0.83,,,,,,,0.849,1.488,,,,12.37,32.279,4.202,0.861,1.578
2019-06-08,,,,,,,2.412,1.186,,,,,,,0.746,1.48,,,,13.457,32.193,4.023,0.529,1.492
2019-06-12,,,,,,,3.66,0.911,,,,16.603,33.195,6.65,0.518,1.37,,,,13.185,32.175,4.973,0.73,1.562
2019-06-16,,,,,,,5.645,0.916,,,,17.663,33.689,6.27,0.345,1.265,,,,13.807,32.155,4.987,0.475,1.507
2019-06-20,,,,,,,9.472,1.048,,,,16.804,32.73,4.169,0.532,1.351,,,,15.311,32.29,3.74,0.602,1.451
2019-06-24,,,,,,,9.714,1.141,,,,16.218,32.272,5.064,0.728,1.439,,,,16.034,32.195,4.684,0.627,1.507
2019-06-28,,,,,,,3.715,1.165,,,,18.64,32.599,2.836,0.729,1.425,,,,17.426,31.874,2.89,0.796,1.663
2019-07-02,,,,,,,1.678,1.222,,,,18.742,32.115,5.042,0.772,1.533,,,,18.247,31.875,4.988,0.695,1.598
2019-07-06,,,,,,,2.533,1.328,,,,21.058,32.072,3.592,0.518,1.655,,,,20.486,31.874,4.996,0.652,1.67
2019-07-10,,,,,,,1.768,1.219,,,,20.266,32.038,3.309,0.33,1.554,,,,19.52,31.939,4.996,0.689,1.71
2019-07-14,,,,,,,0.87,1.194,,,,21.498,32.177,5.165,0.375,1.471,,,,21.016,31.941,4.991,0.325,1.541
2019-07-18,,,,,,,0.683,1.122,,,,22.837,32.147,4.659,0.336,1.337,,,,22.742,31.688,5.045,0.54,1.479
2019-07-22,,,,,,,3.741,1.266,,,,23.924,32.215,5.638,0.204,1.267,,,,24.654,31.562,4.957,0.386,1.353
2019-07-26,,,,,,,7.429,1.428,,,,21.615,32.218,4.643,0.463,1.483,,,,22.733,31.686,4.944,0.439,1.424
2019-07-30,,,,,,,11.661,1.382,,,,22.947,32.116,4.175,0.4,1.428,,,,23.29,31.779,4.926,0.344,1.402
2019-08-03,,,,,,,6.971,1.367,,,,23.924,32.883,2.833,0.176,1.155,,,,24.281,31.981,4.978,0.378,1.364
2019-08-07,,,,,,,8.058,1.462,,,,23.368,32.953,4.074,0.221,1.177,,,,24.08,32.264,4.977,0.336,1.223
2019-08-11,,,,,,,12.065,1.432,,,,,,,,,,,,24.309,31.93,4.961,0.579,1.189
2019-08-15,400.3,282.077,-0.091,13.893,33.087,5.058,5.986,1.398,,,,23.82,33.333,5.424,0.215,1.031,,,,23.879,31.674,4.899,1.694,1.531
2019-08-19,400.772,355.742,-0.015,13.548,32.648,3.727,2.558,1.428,,,,24.697,33.547,3.506,0.125,0.907,,,,24.394,32.012,4.984,1.072,1.405
2019-08-23,400.468,388.295,0.019,13.615,32.443,5.12,2.62,1.401,,,,26.663,34.49,6.394,0.205,0.86,,,,24.276,31.893,4.986,0.93,1.636
2019-08-27,402.542,388.675,0.087,11.967,32.871,5.522,4.21,1.242,,,,23.769,34.464,7.648,0.227,1.022,,,,22.391,33.744,5.032,0.514,1.218
2019-08-31,403.962,321.683,-0.009,12.537,32.827,4.076,7.737,1.303,,,,23.494,34.711,5.127,0.199,0.988,,,,22.31,33.634,4.974,0.276,1.109
2019-09-04,404.163,271.001,-0.07,14.57,32.485,4.004,6.623,1.407,,,,23.179,34.668,4.872,0.131,0.965,,,,21.561,33.276,4.991,0.279,1.172
2019-09-08,400.754,290.441,-0.06,14.466,32.673,4.404,2.657,1.449,,,,23.644,35.228,7.763,0.216,0.93,,,,22.177,34.623,5.018,0.342,1.017
2019-09-12,412.056,270.506,-0.03,15.946,32.13,2.652,5.173,1.472,,,,23.116,35.195,6.855,0.161,0.942,,,,21.25,34.269,5.05,0.365,1.097
2019-09-16,401.009,279.371,-0.118,15.905,32.135,5.868,4.451,1.375,,,,22.46,35.155,5.232,0.284,0.977,,,,21.09,34.526,4.992,0.645,1.102
2019-09-20,404.789,380.505,-0.004,16.019,31.935,2.607,1.715,1.121,,,,20.977,34.73,7.706,0.856,1.142,,,,20.577,34.603,5.063,1.156,1.099
2019-09-24,403.839,351.249,-0.039,16.632,31.856,4.729,1.908,0.962,,,,20.856,34.638,6.467,0.535,1.136,,,,20.192,34.373,4.917,1.34,1.136
2019-09-28,401.133,358.441,-0.036,15.265,32.15,5.251,2.117,1.012,,,,22.633,35.261,5.027,0.188,0.89,,,,20.487,34.363,4.789,0.359,0.923
2019-10-02,408.571,327.443,-0.055,13.713,32.274,4.759,3.22,1.037,,,,22.908,35.526,7.449,0.187,0.893,,,,20.858,34.555,6.763,0.336,0.735
2019-10-06,413.109,333.511,-0.039,14.176,32.117,4.216,1.521,0.903,,,,22.042,35.377,7.234,0.311,0.973,,,,20.992,34.999,7.109,0.301,0.655
2019-10-10,408.206,288.671,-0.082,12.975,32.254,4.84,4.465,1.219,,,,21.628,35.528,13.421,0.329,1.011,,,,20.483,34.985,13.091,0.332,0.742
2019-10-14,412.009,293.253,-0.057,12.449,32.178,3.969,6.218,1.238,,,,22.415,35.786,6.442,0.358,0.95,,,,22.583,35.817,6.465,0.412,0.567
2019-10-18,401.788,328.718,-0.129,12.771,32.004,7.943,3.452,1.138,,,,19.93,35.285,8.962,0.484,1.087,,,,19.489,35.097,8.788,0.586,0.762
2019-10-22,410.873,315.283,-0.116,12.702,32.109,6.31,3.842,1.16,,,,18.749,35.046,7.075,0.466,1.17,,,,19.343,35.21,7.151,0.62,0.761
2019-10-26,417.152,312.847,-0.105,12.737,32.283,6.047,2.247,1.191,,,,18.782,35.112,5.417,0.599,1.143,,,,19.652,35.33,6.008,0.689,0.743
2019-10-30,419.058,312.044,-0.072,11.836,32.206,5.018,3.333,1.271,,,,19.853,35.308,7.332,0.561,1.089,,,,19.912,35.329,7.778,0.648,0.734
2019-11-03,418.867,357.841,-0.056,9.959,32.586,5.396,5.464,1.151,,,,19.783,35.243,6.818,0.744,1.069,,,,19.771,35.285,6.499,0.679,0.754
2019-11-07,423.912,395.931,-0.026,9.529,32.779,5.241,6.302,1.167,,,,18.107,34.616,7.694,1.113,1.245,,,,18.853,35.063,7.439,0.899,0.824
2019-11-11,421.982,315.356,-0.037,10.53,32.257,3.649,6.366,1.213,,,,17.253,34.389,6.577,1.093,1.345,,,,17.542,34.705,6.739,0.958,0.948
2019-11-15,418.197,282.149,-0.094,10.977,31.531,4.978,3.416,1.342,,,,17.42,34.782,8.097,0.601,1.246,,,,16.51,34.39,8.022,1.054,1.076
2019-11-19,413.665,369.889,-0.052,10.405,32.217,6.634,1.261,1.258,,,,16.194,34.531,9.087,0.694,1.329,,,,16.396,34.584,8.909,0.794,1.037
2019-11-23,424.82,361.748,-0.02,10.287,32.189,3.401,1.087,1.23,,,,14.755,34.095,8.36,1.031,1.461,,,,14.938,34.022,8.002,1.214,1.158
2019-11-27,410.981,382.863,-0.032,9.478,32.72,6.428,2.267,1.21,,,,13.987,33.922,7.627,1.21,1.483,,,,14.837,34.154,7.889,1.131,1.141
2019-12-01,418.782,423.034,0.008,8.878,32.982,5.921,2.025,1.163,,,,13.461,33.768,8.502,0.902,1.566,,,,13.329,33.63,8.805,0.982,1.336
2019-12-05,432.107,434.79,0.002,9.317,32.846,3.326,1.039,1,,,,12.419,33.506,9.538,0.677,1.625,,,,12.209,33.37,9.121,0.923,1.365
2019-12-09,421.381,439.47,0.008,10.138,32.937,4.518,1.458,0.907,,,,12.456,33.747,7.974,0.605,1.528,,,,11.728,33.264,7.602,0.953,1.392
2019-12-13,414.129,408.125,-0.011,10.642,32.673,5.678,0.975,0.871,,,,12.345,33.765,8.143,0.697,1.494,,,,11.322,33.2,7.679,0.877,1.414
2019-12-17,420.342,421.494,0.001,10.414,32.851,5.191,1.193,0.849,,,,11.823,33.508,8.576,0.526,1.595,,,,11.1,33.198,8.306,0.792,1.425
2019-12-21,412.044,448.25,0.086,10.394,32.895,8.148,0.829,0.882,,,,10.875,33.288,7.836,0.481,1.666,,,,10.526,33.146,7.586,0.597,1.449
2019-12-25,417.677,443.416,0.018,10.472,32.862,4.562,0.611,0.856,,,,10.126,33.041,6.068,0.596,1.734,,,,9.302,32.735,5.475,0.596,1.571
2019-12-29,419.675,421.604,0.003,10.454,32.761,4.541,0.987,0.85,,,,10.371,33.217,6.849,0.765,1.679,,,,9.268,32.772,6.325,0.624,1.573
2020-01-02,414.503,417.449,0.007,10.515,32.737,7.641,0.725,0.842,,,,12.201,34.175,8.713,0.482,1.417,,,,9.386,32.959,7.909,0.611,1.493
2020-01-06,413.997,403.665,-0.017,10.537,32.62,8.742,0.843,0.833,,,,10.049,33.365,7.564,0.546,1.594,,,,8.606,32.718,7.078,0.567,1.578
2020-01-10,413.521,413.126,0.005,10.545,32.669,7.143,0.514,0.837,,,,9.776,33.357,8.821,0.51,1.624,,,,8.303,32.73,9.978,,
2020-01-14,411.329,412.656,0.002,10.45,32.662,8.407,0.56,0.847,,,,9.434,33.203,6.764,0.584,1.672,,,,,,,,
2020-01-18,,,,,,,,,,,,9.845,33.493,9.18,0.659,1.548,,,,,,,,
2020-01-22,,,,,,,,,,,,8.892,33.342,4.886,0.494,1.553,,,,,,,,
2020-01-26,,,,,,,,,,,,9.804,33.677,7.546,0.374,1.469,,,,,,,,
2020-01-30,,,,,,,,,,,,8.285,33.254,6.22,0.495,1.541,,,,,,,,