time,Salinity,Air Temperature,Sea Surface Temperature,Precipitation
2015-04-02,31.68712769,10.542404,12.878951,0.050089285
2015-04-03,32.01459195,9.935603,12.376695,8.164072
2015-04-04,31.3651385,8.882066,12.337183,2.8431416
2015-04-05,,,,
2015-04-06,,,,
2015-04-07,,,,
2015-04-08,31.48357977,10.994469,12.131029,4.343342
2015-04-09,31.48567601,10.665975,12.4041,0.2633381
2015-04-10,31.09322154,11.658386,12.536577,0.15734673
2015-04-11,31.28675423,10.3842325,12.344107,5.67535
2015-04-12,31.46349144,10.322699,12.344312,0.5380249
2015-04-13,31.90633884,10.302661,12.302487,12.486679
2015-04-14,31.4534502,8.590127,12.095388,5.133337
2015-04-15,31.33617905,9.65516,12.21099,0.49133968
2015-04-16,31.24826781,10.905139,12.223643,0.3146634
2015-04-17,31.42337859,12.013206,12.16147,0.33533192
2015-04-18,32.18785677,11.246013,11.535455,0.28976393
2015-04-19,32.5411074,11.454337,10.811041,0.39066792
2015-04-20,32.52513491,11.295426,10.816417,0.33199167
2015-04-21,32.44960812,11.377566,10.8691635,0.24028635
2015-04-22,32.73308325,10.050515,10.22108,0.25133753
2015-04-23,32.64137658,9.435538,10.281981,0.6006694
2015-04-24,31.1489146,10.518887,11.395589,1.3373356
2015-04-25,30.45454618,10.385382,11.915207,4.8426642
2015-04-26,30.34762494,10.354818,11.988104,2.1400099
2015-04-27,30.56502173,12.287231,12.002473,0.1973362
2015-04-28,30.95125505,11.805353,12.101711,0.92200375
2015-04-29,31.53197707,11.444374,11.763029,0.17666626
2015-04-30,30.72327597,11.731838,12.370804,0.18133831
2015-05-01,31.2628177,11.720966,11.529863,0.14932823
2015-05-02,31.88754077,10.825842,10.323883,0.19995117
2015-05-03,32.12813513,10.520568,10.082584,0.22333336
2015-05-04,31.56075881,10.934925,10.489612,0.29828644
2015-05-05,30.63222863,11.531493,11.866298,0.2486744
2015-05-06,29.33701613,11.394807,12.661333,1.1813364
2015-05-07,30.51323782,11.465053,11.752232,0.20243073
2015-05-08,31.51634921,11.089199,10.762198,0.24132824
2015-05-09,31.43536984,12.094774,11.287817,0.3126688
2015-05-10,31.23651125,12.068229,11.608813,0.29466343
2015-05-11,31.22285799,11.879914,11.644338,0.23467731
2015-05-12,30.99248493,11.315905,11.964697,7.6880045
2015-05-13,29.81284892,10.631592,12.570242,4.031334
2015-05-14,29.91490483,12.058494,12.936915,0.30534744
2015-05-15,30.64973593,11.836229,12.079215,0.2226448
2015-05-16,30.76444566,11.576925,12.124224,1.2580872
2015-05-17,30.73555193,11.857438,12.555536,0.21400833
2015-05-18,31.32562432,12.218557,11.870876,0.24533463
2015-05-19,31.29551922,12.187282,12.157785,0.33468056
2015-05-20,31.47621954,11.741898,11.614456,0.24401093
2015-05-21,31.8541169,11.160855,10.910065,11.45532
2015-05-22,31.88000416,11.500277,11.005912,0.26200867
2015-05-23,31.76459766,11.559888,11.4868555,0.5320015
2015-05-24,32.10928235,11.526521,10.894111,0.40864944
2015-05-25,32.22823196,11.148345,10.7068,0.54401016
2015-05-26,31.99040015,11.838855,11.089391,0.30265045
2015-05-27,31.96399076,11.612793,11.073816,0.61133194
2015-05-28,32.28447586,11.141175,10.210034,0.2553482
2015-05-29,32.3334274,11.397911,10.281867,0.29800797
2015-05-30,32.39868194,11.363983,10.13174,0.47332382
2015-05-31,32.52868192,11.29023,10.136267,0.35265732
2015-06-01,32.57937042,11.248849,10.360848,1.8387032
2015-06-02,31.67496332,11.784436,12.077035,1.6833076
2015-06-03,31.23047701,12.920149,13.208527,0.95399094
2015-06-04,31.60773307,13.211581,12.609047,0.33861542
2015-06-05,32.41269534,12.011308,10.901567,0.2719803
2015-06-06,32.50559417,11.233036,9.817494,0.28398514
2015-06-07,32.56184986,11.361973,9.563085,0.39468002
2015-06-08,32.71319727,10.826774,9.31588,0.52332306
2015-06-09,33.0832745,10.861202,8.753112,0.40667343
2015-06-10,32.98267563,10.843433,9.009485,0.5753708
2015-06-11,32.85889845,11.229423,9.412622,0.40600586
2015-06-12,32.86991182,11.202495,9.37976,0.40669632
2015-06-13,32.83707992,10.852361,9.3290415,0.41604233
2015-06-14,32.74747426,10.886598,9.598319,0.33802795
2015-06-15,32.91418508,10.946639,9.505197,0.3613472
2015-06-16,32.9239853,11.098268,9.458466,0.5326996
2015-06-17,32.85955446,11.038382,9.599135,0.39534378
2015-06-18,32.82027601,11.759836,9.938577,0.5079918
2015-06-19,32.78781906,11.985046,11.454246,0.3160019
2015-06-20,32.88341718,11.988709,10.382213,0.3653412
2015-06-21,32.97448962,11.670882,9.8538685,0.40068817
2015-06-22,32.96785513,12.639914,10.4340725,0.33021927
2015-06-23,32.8024753,12.415793,11.559583,0.26733017
2015-06-24,32.82373916,13.491238,12.092578,0.45466232
2015-06-25,32.49615351,14.390448,13.469803,0.23268509
2015-06-26,32.67342426,13.246338,11.359694,0.42471313
2015-06-27,32.92549166,11.467119,9.939322,0.36936188
2015-06-28,32.96450017,10.690057,10.436515,0.39066315
2015-06-29,32.70889811,11.463039,11.105902,0.2180481
2015-06-30,32.37939362,13.997211,12.978298,0.2673645
2015-07-01,32.72174309,13.066505,11.214821,0.24003601
2015-07-02,32.73174319,13.377124,11.428144,0.2846489
2015-07-03,32.76485854,13.41985,11.591434,0.30467224
2015-07-04,32.84405358,13.140209,11.855287,0.45446014
2015-07-05,32.7337303,13.878117,13.068853,0.30397034
2015-07-06,32.64615702,12.256548,12.376464,0.28269196
2015-07-07,32.84662286,13.595756,12.944692,0.34933853
2015-07-08,32.6400006,15.521883,14.451769,0.27667618
2015-07-09,32.6635964,15.095097,14.512864,0.26000214
2015-07-10,32.60935461,14.738876,14.394805,0.24737167
2015-07-11,32.56305098,15.028298,14.645136,0.41334534
2015-07-12,32.19689738,15.278779,15.37413,0.2887268
2015-07-13,32.26571369,15.716983,16.208271,0.3672905
2015-07-14,32.52227819,16.075241,15.295358,0.2646675
2015-07-15,33.13627166,15.577624,14.788211,0.20468521
2015-07-16,33.15677088,15.680724,15.153007,0.27734375
2015-07-17,33.15026198,15.156082,14.5603485,0.25468445
2015-07-18,33.21603861,14.947464,13.901983,0.24601364
2015-07-19,33.23251312,14.1136,13.558436,0.24133301
2015-07-20,33.1565753,14.245261,13.712752,0.34998703
2015-07-21,33.15899478,15.414111,14.188265,0.23731232
2015-07-22,33.15055978,15.335277,15.030406,0.25199127
2015-07-23,33.13149733,15.246285,14.989642,0.342144
2015-07-24,33.0188889,15.557858,15.156244,0.2433281
2015-07-25,32.70906803,16.05148,15.493137,2.676674
2015-07-26,32.54364462,15.982262,15.972712,0.21667862
2015-07-27,32.57854352,16.13627,15.563332,0.3273239
2015-07-28,32.69020978,15.76295,14.96562,0.25929642
2015-07-29,33.13523336,14.78511,13.325276,0.3239708
2015-07-30,33.21547999,13.953604,11.35242,0.26600266
2015-07-31,33.25715184,12.694816,10.804459,0.27335358
2015-08-01,33.21840368,12.243788,10.636854,0.31736374
2015-08-02,33.20988355,12.485233,10.881792,0.23806
2015-08-03,33.15640222,12.427456,11.19403,0.20533752
2015-08-04,33.14572656,12.993004,11.385604,0.2973404
2015-08-05,33.10000489,13.108076,11.145502,0.3113556
2015-08-06,33.08051453,12.8404455,11.1127405,0.3193245
2015-08-07,33.18668525,13.140474,11.127198,0.2613182
2015-08-08,32.84094723,12.966221,11.621276,0.23470306
2015-08-09,32.57412794,12.629504,12.341441,0.24863815
2015-08-10,32.63144392,13.490935,12.875594,3.1513176
2015-08-11,32.7406301,14.701259,12.782416,14.391174
2015-08-12,32.8111002,14.270758,12.649479,9.683332
2015-08-13,32.45279348,14.790798,13.826295,0.01867485
2015-08-14,32.05784603,15.089817,14.912713,0.49734688
2015-08-15,31.9895025,15.622511,15.333932,0.33599472
2015-08-16,32.57652946,15.455528,13.957673,0.18400955
2015-08-17,32.96669704,14.062311,12.683757,0.16334343
2015-08-18,32.94172102,13.715403,11.546072,0.16935158
2015-08-19,32.63236391,13.629028,12.553625,0.1600132
2015-08-20,32.20273887,15.615648,14.535112,0.11953354
2015-08-21,32.21881665,15.224021,14.588645,0.19999313
2015-08-22,32.22111839,14.562869,13.750076,0.15402222
2015-08-23,32.3562764,14.002027,12.820114,0.105997086
2015-08-24,32.62279746,13.520367,11.53691,0.16600037
2015-08-25,32.73619793,12.656376,11.046245,0.12948799
2015-08-26,,,,
2015-08-27,,,,
2015-08-28,,,,
2015-08-29,,,,
2015-08-30,,,,
2015-08-31,,,,
2015-09-01,,,,
2015-09-02,,,,
2015-09-03,,,,
2015-09-04,,,,
2015-09-05,,,,
2015-09-06,,,,
2015-09-07,,,,
2015-09-08,,,,
2015-09-09,,,,
2015-09-10,,,,
2015-09-11,,,,
2015-09-12,,,,
2015-09-13,,,,
2015-09-14,,,,
2015-09-15,,,,
2015-09-16,,,,
2015-09-17,,,,
2015-09-18,,,,
2015-09-19,,,,
2015-09-20,,,,
2015-09-21,,,,
2015-09-22,,,,
2015-09-23,,,,
2015-09-24,,,,
2015-09-25,,,,
2015-09-26,,,,
2015-09-27,,,,
2015-09-28,,,,
2015-09-29,,,,
2015-09-30,,,,
2015-10-01,,,,
2015-10-02,,,,
2015-10-03,,,,
2015-10-04,,,,
2015-10-05,,,,
2015-10-06,,,,
2015-10-07,32.68348422,12.861865,12.35137,0.04333353
2015-10-08,32.84130518,12.79593,12.142003,0.28533316
2015-10-09,32.60873909,13.976967,12.640756,1.1813345
2015-10-10,31.83572402,14.406953,14.047435,7.5126724
2015-10-11,31.60267194,14.468731,14.596288,0.17199421
2015-10-12,31.62293477,13.363778,14.89439,0.23000813
2015-10-13,31.61135551,14.708207,15.112825,0.20333576
2015-10-14,31.74932976,14.060634,14.393411,0.17866516
2015-10-15,31.77552891,14.525127,14.409988,0.26532745
2015-10-16,31.77965785,12.486668,14.57252,0.19268608
2015-10-17,32.02456077,13.770611,14.301595,0.14000988
2015-10-18,31.875787,14.539714,14.554916,0.23533058
2015-10-19,32.01815217,14.201207,14.417791,7.496664
2015-10-20,32.04561368,14.325997,14.412266,0.18265724
2015-10-21,31.98238349,13.999471,14.602794,0.28801537
2015-10-22,32.21198061,14.21323,14.346889,0.14000893
2015-10-23,32.34715827,12.731509,14.081096,0.2040062
2015-10-24,32.45964347,13.5465765,13.896418,0.2245903
2015-10-25,32.40021814,13.96505,13.83615,9.057671
2015-10-26,32.62089734,13.977901,13.728611,0.8662338
2015-10-27,32.6649977,13.190036,13.691924,0.24245644
2015-10-28,32.63352485,13.73628,13.649694,11.856638
2015-10-29,32.85279616,13.396723,13.5075035,0.23323059
2015-10-30,32.82892507,13.996598,13.638174,2.7663612
2015-10-31,32.80232118,14.434088,13.7211075,14.476383
2015-11-01,32.65279293,14.114778,13.557731,16.506048
2015-11-02,32.7517836,12.816624,13.652849,1.1243382
2015-11-03,32.75868448,12.743618,13.818736,1.8298264
2015-11-04,32.76641153,11.365247,13.764648,0.19918442
2015-11-05,32.72012693,11.67485,13.637012,14.763826
2015-11-06,32.68996957,12.789217,13.6029415,0.21889496
2015-11-07,32.75307962,13.035821,13.546034,6.960392
2015-11-08,32.71450679,12.07668,13.58559,2.9263601
2015-11-09,32.5874974,10.170913,13.465665,35.6584
2015-11-10,32.60031615,10.491341,13.461807,0.15887833
2015-11-11,32.6828665,12.098958,13.541916,5.730545
2015-11-12,32.65140589,11.483401,13.615679,0.5816536
2015-11-13,32.69907503,12.753804,13.327944,3.5449562
2015-11-14,32.68936843,13.621792,13.44225,0.46051788
2015-11-15,32.6363122,10.705697,13.40612,5.4492693
2015-11-16,32.69180612,10.11342,13.155935,3.2057734
2015-11-17,32.73453243,13.084842,12.881547,7.2871656
2015-11-18,32.81486445,11.76534,12.732894,1.8718204
2015-11-19,32.80147021,11.410542,12.652151,15.076664
2015-11-20,32.81500873,9.191011,12.704314,0.38490677
2015-11-21,32.82117837,9.9894905,12.587341,0.18338776
2015-11-22,32.76400188,9.329688,12.501207,0.31625366
2015-11-23,32.71797597,9.966223,12.396163,0.29269028
2015-11-24,32.76258072,8.612575,12.442061,9.928791
2015-11-25,32.76232801,8.004889,12.378152,0.30339432
2015-11-26,32.72155702,8.118896,12.13413,0.39453888
2015-11-27,32.81196898,9.128435,11.921756,0.2849083
2015-11-28,32.86055171,9.006941,11.822164,0.3820572
2015-11-29,32.84243666,8.5352,11.735207,0.41228867
2015-11-30,32.82016213,8.741437,11.795692,0.57842255
2015-12-01,32.73809919,11.640663,11.936004,0.91262436
2015-12-02,32.65369292,11.363641,11.904487,13.3550205
2015-12-03,32.75219201,12.763531,11.733404,15.351351
2015-12-04,32.76277352,10.967745,11.74946,3.9746246
2015-12-05,32.78723235,11.973606,11.716685,3.0094318
2015-12-06,32.76421639,11.799933,11.77366,21.427677
2015-12-07,32.74565353,12.368208,11.989243,29.526875
2015-12-08,32.67117506,13.169949,12.12178,2.4795513
2015-12-09,32.64130453,12.843801,12.1918125,8.684872
2015-12-10,32.57176281,12.040546,12.359459,10.795307
2015-12-11,32.50722127,10.642402,12.648174,6.8238378
2015-12-12,32.50602816,10.722055,12.594968,11.897687
2015-12-13,32.48996175,10.833873,12.611152,2.91745
2015-12-14,32.488852,9.087638,12.540235,4.4549694
2015-12-15,31.41510251,8.624657,11.903658,0.39113998
2015-12-16,31.52609194,9.930753,11.874251,1.5474167
2015-12-17,32.06515915,11.08932,12.185681,33.413914
2015-12-18,32.39891751,11.041798,12.376607,17.634918
2015-12-19,32.46096458,9.045178,12.355044,2.2973404
2015-12-20,32.42951473,9.7130165,12.3854475,17.304081
2015-12-21,32.41297404,10.560067,12.41824,9.092152
2015-12-22,32.37045752,9.706797,12.363396,3.5795746
2015-12-23,32.35567538,8.88142,12.297422,2.5929422
2015-12-24,32.36419486,7.2005887,12.1871605,14.387928
2015-12-25,32.38293479,7.3280606,12.091429,4.776457
2015-12-26,32.27252045,6.6302404,11.881952,0.7169647
2015-12-27,32.27717919,8.181455,11.883741,3.249588
2015-12-28,32.25892453,9.457434,11.84023,3.827919
2015-12-29,32.25503593,7.8827257,11.794954,3.7930832
2015-12-30,32.1241091,6.29217,11.536676,3.4570541
2015-12-31,32.12960885,5.3215065,11.408849,0.38429642
2016-01-01,31.11066779,5.330708,10.652823,0.35068512
2016-01-02,30.53148502,4.69765,10.254248,0.1727066
2016-01-03,30.77681337,3.7132802,9.984437,0.9015274
2016-01-04,30.87652578,6.560223,9.766895,0.76142883
2016-01-05,31.44355282,9.290163,10.3460245,1.0888062
2016-01-06,32.43867324,10.03746,11.350748,7.1584167
2016-01-07,32.37675266,9.610561,11.355579,9.469719
2016-01-08,32.32405158,9.471488,11.2838335,5.773815
2016-01-09,32.19220894,9.760142,11.103407,3.3958273
2016-01-10,31.97953694,8.894147,10.833727,0.34931016
2016-01-11,31.89676567,9.992873,10.756307,2.578381
2016-01-12,32.03816727,11.26961,10.929984,16.342695
2016-01-13,32.15706346,10.61033,11.238214,34.605392
2016-01-14,32.02779471,9.332213,11.204653,6.9397583
2016-01-15,31.96117514,10.553359,11.135599,6.3478045
2016-01-16,32.16168871,10.981183,11.297387,5.6150703
2016-01-17,32.28749362,11.528669,11.411904,9.419783
2016-01-18,32.29334417,11.325183,11.418815,5.163189
2016-01-19,32.08287123,9.840108,11.245844,29.16476
2016-01-20,32.25056699,10.226746,11.235019,1.1710091
2016-01-21,32.04672316,12.23127,11.140473,8.160446
2016-01-22,32.32702588,11.591201,11.384873,15.492916
2016-01-23,32.30846653,10.578136,11.377233,8.242664
2016-01-24,32.29095364,9.5021305,11.334306,2.7217445
2016-01-25,32.31330929,10.61965,11.340142,0.27996063
2016-01-26,32.29822451,11.995041,11.360461,0.5105667
2016-01-27,32.31624435,12.231327,11.385001,0.2891693
2016-01-28,32.38422169,12.070857,11.413937,10.115629
2016-01-29,32.40563851,10.534051,11.401994,4.5873137
2016-01-30,32.41589702,8.897128,11.363653,0.51100826
2016-01-31,32.36449761,6.937321,11.296603,6.446453
2016-02-01,31.75033042,7.916548,10.925582,7.6337357
2016-02-02,31.57491707,7.8264728,10.979885,1.7179985
2016-02-03,31.45266085,9.701739,10.995077,3.4342957
2016-02-04,31.62467488,11.086054,10.959816,0.44642067
2016-02-05,31.7993391,11.311742,11.007858,0.2766323
2016-02-06,32.05961892,10.362449,11.094207,1.4954128
2016-02-07,32.05664086,10.879668,11.1226225,0.2650833
2016-02-08,31.86682101,13.521639,11.187983,0.42076302
2016-02-09,31.85373257,14.092159,11.259731,0.33798409
2016-02-10,31.58108485,11.787022,11.218299,0.72052574
2016-02-11,31.44637717,11.770142,11.253738,3.0959988
2016-02-12,31.71831056,11.619263,11.233703,1.0833626
2016-02-13,31.67322609,10.91251,11.2290325,0.15486145
2016-02-14,32.12028265,11.073835,11.202096,21.426804
2016-02-15,32.10716321,10.855128,11.219717,0.3273208
2016-02-16,32.11990186,10.3652315,11.260337,0.42309546
2016-02-17,32.06765519,11.652995,11.273721,0.68936205
2016-02-18,32.2292995,9.747867,11.251607,5.4564443
2016-02-19,32.43397447,10.201976,11.306158,4.950261
2016-02-20,32.48915403,9.42344,11.3491535,0.2847538
2016-02-21,32.47770585,10.1884,11.287902,1.1710634
2016-02-22,32.48438083,10.186696,11.321616,0.2331419
2016-02-23,32.37110215,9.872671,11.262033,0.2624445
2016-02-24,32.09810898,11.399322,11.254194,0.56102085
2016-02-25,31.76883314,10.422221,11.456737,0.31468678
2016-02-26,31.6617447,10.338918,11.594918,6.88023
2016-02-27,31.87803473,11.03177,11.437606,7.289545
2016-02-28,32.13720425,11.376513,11.389019,0.440691
2016-02-29,32.43297163,10.886736,11.41708,0.2636242
2016-03-01,32.42675216,11.890163,11.392396,5.246006
2016-03-02,32.39801326,11.226542,11.406225,1.7480125
2016-03-03,32.38192659,11.901822,11.426205,3.327423
2016-03-04,32.37743342,12.736557,11.423995,0.3227272
2016-03-05,32.41169502,12.136031,11.365759,5.4987564
2016-03-06,32.39119437,11.028826,11.329042,15.466895
2016-03-07,32.30692783,9.099143,11.386799,15.622622
2016-03-08,32.29176915,8.757842,11.387251,12.161106
2016-03-09,32.29651334,11.027358,11.345313,4.6599007
2016-03-10,32.30375014,11.9222355,11.364448,4.494666
2016-03-11,32.39585639,10.440867,11.337163,6.9349556
2016-03-12,32.38119595,9.074162,11.301683,14.22933
2016-03-13,32.33872079,9.675874,11.348459,14.152412
2016-03-14,32.24722989,8.774752,11.368333,8.09861
2016-03-15,32.23935672,9.171656,11.385533,9.450859
2016-03-16,32.24032454,9.989719,11.400277,2.8553312
2016-03-17,30.34230207,9.648223,11.534094,0.28466558
2016-03-18,29.8084011,11.999642,11.658777,0.4796672
2016-03-19,30.48895094,11.517796,11.723234,1.5913343
2016-03-20,30.74586958,11.645817,11.973216,3.475999
2016-03-21,31.63915225,11.073621,11.708295,6.850821
2016-03-22,32.1520448,10.411829,11.457885,1.0227757
2016-03-23,32.12396833,10.577969,11.55338,0.56420994
2016-03-24,32.29525958,10.336803,11.36288,4.159869
2016-03-25,32.19531253,9.671184,11.563674,2.1575146
2016-03-26,31.37103558,9.785407,11.978622,5.404005
2016-03-27,31.21569514,9.650436,11.928833,1.5740108
2016-03-28,31.10506479,8.902492,11.875603,3.9160004
2016-03-29,30.59808853,10.48462,12.054653,0.69000053
2016-03-30,30.51210345,11.870914,12.097299,0.7133255
2016-03-31,30.4535601,12.201772,12.386973,0.86265945
2016-04-01,30.76552984,10.766889,12.339401,0.6580105
2016-04-02,30.68059328,10.435595,12.526072,0.7486687
2016-04-03,30.77966636,11.156535,12.532435,1.2413311
2016-04-04,31.17565735,11.144392,12.18628,6.7106647
2016-04-05,30.97602424,10.977784,12.233318,0.772007
2016-04-06,30.02197063,11.685663,12.302051,0.87866974
2016-04-07,29.04313293,15.185353,12.80182,0.86066246
2016-04-08,29.01409799,12.1349325,13.058591,1.0453453
2016-04-09,31.40465018,10.84242,11.658517,0.34331322
2016-04-10,31.81658584,10.529933,11.276011,0.49267387
2016-04-11,31.95980344,10.877145,11.275917,0.5570755
2016-04-12,31.74815971,10.919954,11.48769,4.736656
2016-04-13,31.29770158,10.784723,11.719641,1.8446693
2016-04-14,31.68787674,10.207692,11.560942,7.4980087
2016-04-15,31.74443401,10.759694,11.510938,0.53666306
2016-04-16,31.6073251,11.079605,11.773318,0.54262924
2016-04-17,31.57870987,13.819525,12.094127,0.7993469
2016-04-18,31.5211123,15.693205,12.875076,0.886673
2016-04-19,31.47584788,12.631448,14.0674305,0.8726578
2016-04-20,29.99411306,10.935241,13.131546,0.5239868
2016-04-21,30.2477446,12.770075,12.857129,0.43336868
2016-04-22,31.1716336,12.883972,12.925572,3.0639877
2016-04-23,31.42965183,12.068211,12.693853,0.7620125
2016-04-24,31.45118761,10.39733,12.537815,11.172676
2016-04-25,31.4475469,10.6139345,12.615138,6.3180466
2016-04-26,31.24898976,10.411595,13.001497,6.265991
2016-04-27,31.16725576,10.577049,13.192798,6.165367
2016-04-28,30.78581903,11.653082,13.424064,5.078041
2016-04-29,30.02972482,11.562356,13.156921,7.0973206
2016-04-30,30.31067257,11.720129,12.761642,6.112713
2016-05-01,31.6603907,12.517652,12.074922,4.7486534
2016-05-02,31.71036758,13.969167,12.13827,3.6906548
2016-05-03,31.33181133,12.749008,12.699669,5.2486725
2016-05-04,31.59770005,12.265385,12.305105,5.7360153
2016-05-05,32.04727391,11.353085,11.119186,8.358025
2016-05-06,32.1666059,11.745881,10.940253,5.547333
2016-05-07,32.23835973,12.203605,10.73107,5.2973557
2016-05-08,32.4575197,11.448917,10.482541,2.476635
2016-05-09,32.54438028,11.33461,10.496421,0.9786682
2016-05-10,32.38983655,11.505952,10.811717,0.18001175
2016-05-11,32.31445195,12.259689,10.804754,0.13599014
2016-05-12,32.29485681,11.499538,11.118423,0.18263626
2016-05-13,31.91971582,11.676752,12.071157,0.22263718
2016-05-14,31.46791615,11.8354645,12.400413,5.4526863
2016-05-15,30.89304121,12.583233,12.853955,5.6080093
2016-05-16,30.47355899,12.620574,13.16467,4.7153206
2016-05-17,31.85734851,12.499502,11.402933,0.014191151
2016-05-18,31.96649517,12.15526,11.198103,0.33824396
2016-05-19,31.93788705,11.14226,11.148535,1.220932
2016-05-20,31.85688358,10.379121,11.411643,0.38933706
2016-05-21,31.04484381,11.902904,12.581285,0.27647305
2016-05-22,28.95593759,12.73238,13.546772,3.5039988
2016-05-23,30.32949663,12.030282,12.819475,2.0966702
2016-05-24,29.98017345,12.87114,13.24126,0.19734573
2016-05-25,28.8412134,12.914187,13.938612,0.19467926
2016-05-26,29.15401689,12.743104,13.924525,0.19001007
2016-05-27,30.53975279,12.619935,13.078845,0.16067123
2016-05-28,31.31112745,12.418258,13.043768,0.2246685
2016-05-29,30.8225162,13.6136465,14.352694,0.9453325
2016-05-30,31.36924956,12.936068,13.086551,0.18933678
2016-05-31,32.15805399,12.695133,11.625806,0.19335365
2016-06-01,32.04228195,13.001546,11.885289,0.208004
2016-06-02,31.37296101,13.020749,13.022409,1.2953348
2016-06-03,30.68435434,14.325427,14.167841,0.27933884
2016-06-04,31.3390897,14.892459,13.40527,0.21000671
2016-06-05,31.66734892,15.117998,13.598697,0.27734184
2016-06-06,31.94002913,14.116998,12.823579,0.20733356
2016-06-07,32.47428151,12.340821,10.863163,0.5699959
2016-06-08,32.62493036,12.016021,10.7184105,0.22600746
2016-06-09,32.49753248,12.54636,12.215171,0.30666733
2016-06-10,32.07698299,11.743137,12.086473,6.5373373
2016-06-11,31.74199696,13.269609,12.6205225,0.31602478
2016-06-12,31.20721294,13.586657,13.406356,0.16467667
2016-06-13,31.54108548,13.245651,12.566679,1.0246506
2016-06-14,31.26369147,12.633771,13.280913,1.4283848
2016-06-15,31.11780124,11.905501,14.12909,15.014671
2016-06-16,31.19505102,12.581771,14.349143,0.2546692
2016-06-17,30.94372692,13.864284,14.944695,0.23467255
2016-06-18,30.19485338,14.630854,15.371772,0.16534042
2016-06-19,29.77750257,14.398636,15.607868,0.33267212
2016-06-20,31.3868939,14.457376,13.646021,0.21334457
2016-06-21,31.53954414,14.285136,14.016349,0.28399658
2016-06-22,31.86609586,13.906787,13.085542,0.15800858
2016-06-23,31.94559208,13.494192,13.193351,7.973316
2016-06-24,31.67563044,14.011642,13.883128,0.52269363
2016-06-25,31.23617761,14.60182,14.434708,0.22134018
2016-06-26,32.55802754,13.470338,11.890012,0.32664108
2016-06-27,32.87538668,13.300735,12.004809,0.29066086
2016-06-28,33.03612445,12.540392,11.206359,0.32802582
2016-06-29,33.1241622,12.368202,10.227578,0.31000137
2016-06-30,33.21306768,12.358698,10.08955,0.2706833
2016-07-01,33.13553292,12.378527,10.438962,0.5319824
2016-07-02,32.56506967,13.821148,11.813729,0.30867767
2016-07-03,32.13893471,14.404728,12.747401,0.18533707
2016-07-04,32.67368345,13.162587,11.122845,0.2666855
2016-07-05,32.75152831,13.033656,11.059729,0.24796677
2016-07-06,32.60339549,13.565606,12.087162,0.24934387
2016-07-07,32.49664764,13.662868,13.010797,2.5833397
2016-07-08,31.82867739,13.076031,13.608695,1.2486725
2016-07-09,31.20956038,14.016638,14.870017,3.1653252
2016-07-10,31.79830063,14.592484,14.290238,11.572003
2016-07-11,31.65356613,15.196417,15.187191,0.21200085
2016-07-12,31.74167382,15.419122,15.564285,0.42000484
2016-07-13,31.88249293,15.585601,15.639121,0.21199512
2016-07-14,32.44436095,15.093984,14.220745,0.22271729
2016-07-15,32.55693342,14.0065565,12.475454,0.21630287
2016-07-16,32.37502241,14.457008,13.383241,0.39052296
2016-07-17,32.22080448,15.122662,14.124894,0.26822853
2016-07-18,31.94810568,15.247739,15.449534,0.23779678
2016-07-19,31.72799153,14.993597,16.163546,0.22846222
2016-07-20,31.70114219,16.104559,16.508808,0.24259472
2016-07-21,31.57944507,16.604725,16.087473,0.1438036
2016-07-22,31.15706808,15.914804,16.521471,0.20649338
2016-07-23,31.34765336,16.470049,16.456823,0.16304684
2016-07-24,32.26729689,14.945041,13.199476,0.19820595
2016-07-25,32.46059634,14.486707,12.638769,0.20233059
2016-07-26,32.43904827,14.091902,12.484433,0.22068977
2016-07-27,32.69386854,12.912557,10.669911,0.27073956
2016-07-28,32.88939472,12.292888,10.112591,0.35937214
2016-07-29,32.99748437,11.898283,9.843807,0.24186802
2016-07-30,32.8706067,12.842774,10.045695,0.22286558
2016-07-31,32.7807828,12.857045,10.583611,0.21383238
2016-08-01,32.96175019,12.639296,10.374509,0.22086096
2016-08-02,33.02149477,12.697295,10.651027,0.23752117
2016-08-03,33.17187435,13.042891,10.476257,0.21178436
2016-08-04,33.25134867,11.964077,9.697455,0.2580924
2016-08-05,33.50187704,11.188706,8.949314,0.19411659
2016-08-06,33.40582278,11.753163,9.471548,0.16313076
2016-08-07,33.01722193,11.997889,10.7524805,0.2653551
2016-08-08,32.76797702,12.446485,11.885026,1.324532
2016-08-09,31.88524301,14.824775,13.999678,0.1846695
2016-08-10,31.53982138,15.677657,15.434594,0.22401333
2016-08-11,32.49542559,13.363426,12.103413,0.21995354
2016-08-12,32.72769543,13.143666,11.928958,0.17598724
2016-08-13,32.76597986,13.932866,12.571409,0.23940182
2016-08-14,32.78049853,12.506178,10.903244,0.3152132
2016-08-15,32.97751767,11.481992,9.666799,0.26454067
2016-08-16,33.05914163,11.57903,9.345864,0.26049614
2016-08-17,33.05018325,11.590133,9.573445,0.22961426
2016-08-18,33.10398356,11.074535,9.992817,0.2547884
2016-08-19,33.04448536,12.729387,10.33904,0.2230568
2016-08-20,32.93474907,10.519937,10.69363,0.29328537
2016-08-21,32.86334634,12.38896,11.672252,0.26681805
2016-08-22,33.01964116,12.884997,10.978428,0.3050661
2016-08-23,32.88155605,11.876153,10.103585,0.2959795
2016-08-24,32.88690596,11.720307,9.945749,0.31584644
2016-08-25,33.0335278,13.110254,10.186659,0.31087017
2016-08-26,33.08053802,12.700426,10.263627,0.29020405
2016-08-27,32.9527369,10.686899,10.215117,0.29375935
2016-08-28,32.69093977,12.024764,11.231214,0.19649601
2016-08-29,32.69663932,12.212753,11.551771,0.34196186
2016-08-30,32.73214121,12.769737,12.003928,0.38609505
2016-08-31,32.64938494,13.605295,12.587579,1.3521614
2016-09-01,32.63270442,13.33632,12.926069,0.24388695
2016-09-02,32.56580668,13.804971,13.160121,1.8803186
2016-09-03,32.51187744,13.750016,13.910886,0.24599934
2016-09-04,32.87210074,14.458962,13.834028,0.13399982
2016-09-05,32.99954926,14.450761,14.564087,0.23199749
2016-09-06,33.09253394,14.89454,14.369863,0.49333572
2016-09-07,33.18106528,14.986968,13.533777,0.18200397
2016-09-08,32.62338853,15.37706,14.46757,0.17934132
2016-09-09,32.84138809,14.30823,13.249076,0.17666912
2016-09-10,33.01497805,13.598996,11.623194,0.2226677
2016-09-11,33.30125047,12.652493,10.4211235,0.18600368
2016-09-12,33.16668339,12.133393,10.402689,0.20399284
2016-09-13,33.10026062,13.534337,10.357569,0.13533497
2016-09-14,33.16109745,11.688024,9.956939,0.21133614
2016-09-15,33.11071288,11.622716,10.703694,0.208004
2016-09-16,33.17994359,12.812372,12.2079525,0.2093277
2016-09-17,33.3252604,13.053727,13.05072,1.1286631
2016-09-18,33.0437729,12.938631,12.005097,1.0033321
2016-09-19,32.83658326,12.489553,12.477228,0.25866318
2016-09-20,32.85610809,13.25463,12.420924,0.212677
2016-09-21,32.93785319,13.270155,12.276107,0.26599884
2016-09-22,32.771456,14.14154,12.951798,0.22667313
2016-09-23,32.76807985,13.037929,12.537187,0.50867844
2016-09-24,32.44973613,12.299881,13.017158,0.15666103
2016-09-25,32.74777577,13.781234,12.615796,0.21133804
2016-09-26,32.50137924,14.790688,13.388877,0.17200851
2016-09-27,32.3805954,14.270655,13.650708,0.29567146
2016-09-28,32.61530093,13.254278,12.793523,0.3133353
2016-09-29,33.19213339,12.387345,11.162604,0.35999972
2016-09-30,32.88924114,11.316936,11.824048,0.3953339
2016-10-01,32.55262231,12.423073,12.669373,0.4653331
2016-10-02,32.51361924,11.86843,12.587823,11.535999
2016-10-03,32.60788346,11.774408,12.239144,1.1473293
2016-10-04,32.56237905,12.501938,12.3188505,7.434675
2016-10-05,32.53172326,13.268576,12.2188425,9.403341
2016-10-06,32.44874099,12.820149,12.451579,2.3466759
2016-10-07,32.43752907,12.462492,12.207286,8.230675
2016-10-08,32.45846007,12.934464,12.26061,0.3999977
2016-10-09,32.35647314,12.959652,12.614512,2.1973305
2016-10-10,32.50663689,11.733192,12.463206,4.8566284
2016-10-11,32.68209752,11.7524,12.429694,0.48796463
2016-10-12,32.65161694,11.754633,12.583062,0.3660164
2016-10-13,32.39216889,13.131772,12.36202,17.000006
2016-10-14,32.42062764,13.525936,12.259044,2.9126635
2016-10-15,32.55052246,13.441086,12.235981,5.782654
2016-10-16,32.60160284,13.155566,12.748539,3.4786606
2016-10-17,32.54352944,13.582454,13.172432,9.486008
2016-10-18,32.54447711,13.073931,13.226643,2.4573345
2016-10-19,32.59766369,12.641109,13.423938,0.2606697
2016-10-20,32.76803236,13.638051,13.1500025,5.3686676
2016-10-21,32.92228723,12.68929,12.958849,1.9526634
2016-10-22,32.92811121,12.504869,12.918936,0.31066895
2016-10-23,32.87034196,13.312318,13.136686,3.7386932
2016-10-24,32.7817935,13.444284,13.218336,5.2353554
2016-10-25,32.43796347,13.584195,13.953025,4.6933146
2016-10-26,32.51789291,14.24992,13.767357,11.014
2016-10-27,32.38740683,13.225638,14.14393,2.6950302
2016-10-28,32.31911116,13.963357,14.287715,1.4411869
2016-10-29,32.3702689,13.621954,14.247868,0.44594765
2016-10-30,32.45457593,13.31923,14.021615,3.060814
2016-10-31,32.56794903,13.777197,13.852569,1.3972111
2016-11-01,32.60604932,13.287916,13.746582,0.25261688
2016-11-02,32.58621364,14.421084,13.895207,0.2606411
2016-11-03,32.67121922,13.546919,13.79427,3.261324
2016-11-04,32.60944002,13.482663,13.88002,0.24507332
2016-11-05,32.61183563,14.379414,13.876047,15.873919
2016-11-06,32.45655592,13.406243,14.115981,4.0274696
2016-11-07,32.51122873,15.031334,13.982845,0.43859863
2016-11-08,32.45217851,15.284393,14.089684,0.33149338
2016-11-09,32.43693209,14.460837,14.187499,2.51062
2016-11-10,32.46325556,13.530833,14.194372,0.24513626
2016-11-11,32.47229082,13.746411,14.367405,0.22249985
2016-11-12,32.4942351,14.412573,14.179396,2.5375023
2016-11-13,32.52516763,13.424416,14.0375595,0.44688034
2016-11-14,32.52786044,13.576292,14.056981,11.400779
2016-11-15,32.51631309,13.114219,14.112839,11.065039
2016-11-16,32.43982431,10.393947,13.970777,13.138136
2016-11-17,32.39871377,10.629417,13.875578,4.293873
2016-11-18,32.44092294,10.969753,13.8066435,0.15708542
2016-11-19,32.47195541,12.899161,13.852229,4.824669
2016-11-20,32.52228164,12.681615,14.146889,12.186001
2016-11-21,32.45742787,12.559743,14.117386,2.253282
2016-11-22,32.49888981,12.460922,14.132212,18.748798
2016-11-23,32.46909123,11.438945,13.86648,5.0020866
2016-11-24,32.53632522,11.668427,13.865749,15.031792
2016-11-25,32.44472711,11.214456,14.144734,12.001047
2016-11-26,32.44260935,12.871017,14.078099,7.740606
2016-11-27,32.42555541,10.545394,13.916437,4.54119
2016-11-28,32.42335085,11.236601,13.89856,4.2381496
2016-11-29,32.43423651,10.883176,13.792907,0.2702198
2016-11-30,32.43613603,11.205217,13.756896,2.1168842
2016-12-01,31.75270083,10.600573,13.028845,0.2601471
2016-12-02,31.06458327,10.4328575,12.665167,0.38639832
2016-12-03,31.56596335,11.503415,13.100727,0.62934494
2016-12-04,32.44495442,10.410758,13.3965645,5.064005
2016-12-05,32.12065997,7.4026136,12.95139,3.7386627
2016-12-06,31.68559533,6.76152,12.649089,0.7466717
2016-12-07,31.79445761,4.1166553,12.206388,0.27666855
2016-12-08,32.09084665,5.260827,12.290223,4.364668
2016-12-09,32.16876111,11.411604,12.407448,0.59399605
2016-12-10,32.12472922,10.175273,12.46362,2.841339
2016-12-11,32.01800053,10.17952,12.213089,2.3813324
2016-12-12,32.22944849,9.484577,12.358053,1.2740021
2016-12-13,32.30973794,6.867205,12.196145,0.21468353
2016-12-14,32.17617742,4.8221674,11.955888,1.3286972
2016-12-15,31.79492796,4.268951,11.483484,1.0753746
2016-12-16,31.93969953,3.9172823,11.458958,0.38669968
2016-12-17,32.3724421,4.177092,12.124855,0.60269165
2016-12-18,32.21532375,6.5133533,11.692583,0.24932098
2016-12-19,32.31214869,8.537802,11.954233,7.2913666
2016-12-20,32.29690998,10.987136,11.924231,8.471329
2016-12-21,32.32292735,9.536593,11.823171,0.29917526
2016-12-22,32.33546974,9.196406,11.6947775,0.28733063
2016-12-23,32.34490882,8.863488,11.775034,11.113998
2016-12-24,32.35010962,7.075111,11.642201,3.6673431
2016-12-25,32.32571022,6.846921,11.621048,4.239336
2016-12-26,32.31490702,7.4761963,11.555879,0.17266273
2016-12-27,32.42197033,9.738209,11.562876,9.938005
2016-12-28,32.35713347,8.636098,11.423286,0.20560074
2016-12-29,32.36768931,8.039561,11.440785,0.1813469
2016-12-30,32.2872175,8.819666,11.343091,1.3826599
2016-12-31,31.78364297,6.8665185,10.576174,0.28409386
2017-01-01,31.65546819,7.513372,10.456995,1.1832886
2017-01-02,31.80757046,4.55574,10.427135,0.19806671
2017-01-03,31.98829174,4.1759677,10.411258,3.81E-06
2017-01-04,31.95365568,-0.8727634,10.200846,0.009895325
2017-01-05,32.02956081,2.177188,10.219076,0.117853165
2017-01-06,32.10513684,3.9918468,10.123048,0.09845543
2017-01-07,32.11022522,5.2469597,10.021914,0.4908104
2017-01-08,32.13953172,6.925061,9.921612,10.430428
2017-01-09,32.32407307,8.789696,10.300613,3.4419348
2017-01-10,32.48345027,7.8329964,10.608546,5.3746905
2017-01-11,32.45394221,6.302964,10.59188,1.5193291
2017-01-12,32.31777466,5.1477714,10.266137,0.44067
2017-01-13,31.89162834,3.7607107,9.376264,0.15523434
2017-01-14,31.70667097,4.468205,9.032491,0.14857864
2017-01-15,31.13312507,4.2472486,8.589559,0.18110943
2017-01-16,31.62388124,6.4268055,9.084031,0.22095299
2017-01-17,32.21009785,10.1093025,9.812184,0.8727064
2017-01-18,32.49944654,10.950451,10.063688,8.88683
2017-01-19,32.60685614,9.98414,10.245371,4.476675
2017-01-20,32.21367644,8.831562,9.948114,2.997509
2017-01-21,32.21019429,8.421977,10.000717,4.743351
2017-01-22,32.34518788,8.295681,10.283184,2.8718529
2017-01-23,32.33243777,8.405289,10.334544,0.37180328
2017-01-24,32.3792657,9.074834,10.489871,0.251606
2017-01-25,32.34994358,8.916916,10.413599,0.20134354
2017-01-26,32.33374948,8.730691,10.3463125,0.26568985
2017-01-27,,,,
2017-01-28,,,,
2017-01-29,32.38574346,8.854,10.423,0
2017-01-30,,,,
2017-01-31,32.18086083,8.1366005,10.0941,0.003330231
2017-02-01,,,,
2017-02-02,,,,
2017-02-03,,,,
2017-02-04,,,,
2017-02-05,32.11753293,5.623107,10.182885,8.972499
2017-02-06,,,,
2017-02-07,,,,
2017-02-08,32.08566823,11.269813,10.465376,0.005642891
2017-02-09,,,,
2017-02-10,,,,
2017-02-11,31.56129583,8.526561,11.033999,0.00345993
2017-02-12,29.26451056,8.2071495,10.02125,0.002498627
2017-02-13,30.06696735,9.253042,10.257964,0.19091034
2017-02-14,30.48920019,9.8635235,10.3682,0.101400375
2017-02-15,31.53840689,11.7383995,10.6073475,5.623308
2017-02-16,32.44972416,10.158094,10.693676,23.000694
2017-02-17,32.48322802,9.483476,10.657885,0.21194458
2017-02-18,30.73382936,9.490526,10.655038,0.14735794
2017-02-19,30.68616361,8.97357,10.590064,2.040594
2017-02-20,32.36124807,8.135607,10.583204,17.23972
2017-02-21,32.40760849,8.528077,10.66604,8.16372
2017-02-22,31.75906818,7.1720724,10.364006,0.6443263
2017-02-23,31.95538599,5.5406694,10.29744,5.1620727
2017-02-24,32.1568405,5.5517406,10.388254,2.0811644
2017-02-25,32.15006217,5.699177,10.448618,3.2500162
2017-02-26,32.13240105,6.5961976,10.422993,2.8338413
2017-02-27,32.08984437,6.3881187,10.391451,2.13455
2017-02-28,32.06131965,7.626045,10.390551,1.8841686
2017-03-01,32.0595155,8.565286,10.386398,0.62480164
2017-03-02,31.56657853,8.524973,10.159197,0.266222
2017-03-03,31.90692447,8.963638,10.192708,2.3785152
2017-03-04,32.25263783,7.101496,10.244167,5.2758694
2017-03-05,32.20834577,6.0655017,10.192902,1.2988911
2017-03-06,32.31880767,6.142178,10.171074,4.316416
2017-03-07,32.132712,8.393114,10.187454,7.565443
2017-03-08,32.21330003,9.426218,10.27279,1.1791267
2017-03-09,32.36064249,10.03035,10.292515,14.460354
2017-03-10,32.43231694,9.938852,10.36832,8.731792
2017-03-11,32.1527435,9.900669,10.357502,9.94569
2017-03-12,32.18960412,10.379421,10.464868,0.31544304
2017-03-13,31.87539546,10.671847,10.545339,11.222263
2017-03-14,31.97856885,10.936376,10.452424,9.850559
2017-03-15,31.99941754,10.523645,10.455111,29.892374
2017-03-16,31.9737619,8.814082,10.430703,0.23070431
2017-03-17,31.78792949,8.8479,10.440972,3.3960896
2017-03-18,32.14986274,9.855892,10.499466,9.232163
2017-03-19,30.79987153,7.542167,10.3713,0.20919418
2017-03-20,30.87057519,9.587326,10.458969,7.585655
2017-03-21,31.13859027,11.059776,10.5729265,4.735344
2017-03-22,32.33925047,10.129827,10.544763,2.0533218
2017-03-23,32.40416697,9.220313,10.47957,0.63067627
2017-03-24,32.49318515,9.767939,10.424933,3.7520142
2017-03-25,32.2498668,9.133694,10.53886,0.47867584
2017-03-26,32.23477169,9.048144,10.527689,2.1497574
2017-03-27,32.2185581,9.495143,10.533171,2.3955536
2017-03-28,32.14092751,9.852582,10.573085,0.7046776
2017-03-29,31.99888849,10.16211,10.629145,3.1693268
2017-03-30,32.04738166,9.0222025,10.678294,0.7911911
2017-03-31,31.43467565,8.734169,10.796277,0.26647186
2017-04-01,31.21682399,9.615365,10.991606,0.22177124
2017-04-02,31.43038754,9.350246,10.766071,0.31465912
2017-04-03,31.66345321,8.071996,10.76046,0.30290985
2017-04-04,31.60921008,9.918172,10.769941,0.2940178
2017-04-05,31.63765787,10.942662,10.710079,13.72427
2017-04-06,32.07559645,10.885972,10.596084,3.519724
2017-04-07,32.2148179,10.381975,10.548725,9.935113
2017-04-08,32.42298716,8.659169,10.351706,1.6940441
2017-04-09,32.36294715,8.835431,10.368962,3.4842834
2017-04-10,32.40784094,8.907597,10.359291,5.368984
2017-04-11,32.41516117,8.401644,10.40147,1.1799965
2017-04-12,32.35491059,9.589928,10.409162,17.131989
2017-04-13,32.29383579,8.955047,10.463986,2.2227707
2017-04-14,32.24623616,8.8807745,10.599774,0.87244415
2017-04-15,31.99280605,8.83989,10.722941,0.27532196
2017-04-16,31.86285095,10.65869,10.809767,0.3286667
2017-04-17,31.86274511,10.61985,10.83528,6.6160774
2017-04-18,32.01042161,11.095754,10.958456,0.46016312
2017-04-19,32.04575705,11.152023,11.0814705,0.92657125
2017-04-20,32.11514778,10.327282,10.848221,13.282332
2017-04-21,32.13321671,10.700344,11.107548,1.2355976
2017-04-22,31.70572308,11.655563,11.350352,6.4581623
2017-04-23,,10.696177,,1.0989819
2017-04-24,,9.7868595,,5.461952
2017-04-25,,10.014294,,1.3940029
2017-04-26,,10.287809,,3.9146404
2017-04-27,,9.7625065,,5.2680016
2017-04-28,,9.8330965,,1.050003
2017-04-29,,10.28247,,0.8520012
2017-04-30,,10.234525,,2.861351
2017-05-01,,9.478353,,1.1220093
2017-05-02,,11.021138,,0.8220024
2017-05-03,,11.12453,,0.62532425
2017-05-04,,11.010147,,1.4126816
2017-05-05,,11.138958,,0.9673195
2017-05-06,,9.932867,,1.0779762
2017-05-07,,10.516051,,0.60131836
2017-05-08,,10.85328,,0.76002884
2017-05-09,,11.188616,,0.73267746
2017-05-10,,11.580603,,0.6479759
2017-05-11,,11.288288,,12.662678
2017-05-12,,10.430178,,5.9893265
2017-05-13,,10.208789,,2.133336
2017-05-14,,10.4927635,,4.059338
2017-05-15,,10.501191,,0.88399744
2017-05-16,,10.71009,,9.803328
2017-05-17,,11.096221,,0.75399303
2017-05-18,,11.532529,,0.74134445
2017-05-19,,12.762949,,0.47266006
2017-05-20,,12.042356,,0.52333546
2017-05-21,,12.139898,,0.58066654
2017-05-22,,12.576959,,0.52800083
2017-05-23,,12.678233,,0.42066765
2017-05-24,,11.187374,,0.7453356
2017-05-25,,11.170221,,0.69133854
2017-05-26,,11.501028,,0.6853304
2017-05-27,,11.764712,,0.5800066
2017-05-28,,11.49156,,0.66000175
2017-05-29,,12.061141,,0.60466576
2017-05-30,,11.889825,,0.6286688
2017-05-31,,11.994032,,0.54867935
2017-06-01,,12.589249,,0.75932693
2017-06-02,,13.268191,,0.34665966
2017-06-03,,13.666408,,0.36466408
2017-06-04,,13.052343,,0.37667465
2017-06-05,,12.532796,,0.5366583
2017-06-06,,13.250559,,0.487319
2017-06-07,,12.753415,,0.6006708
2017-06-08,,12.607785,,5.1939964
2017-06-09,,12.475842,,1.1313419
2017-06-10,,11.854531,,8.27467
2017-06-11,,13.321323,,0.6360016
2017-06-12,,13.443222,,0.50892067
2017-06-13,,12.988761,,0.55280113
2017-06-14,,12.875517,,0.43345833
2017-06-15,,13.5033655,,1.3116589
2017-06-16,,13.574861,,0.9771118
2017-06-17,,13.459216,,0.4714508
2017-06-18,,14.411667,,0.5043068
2017-06-19,,14.022634,,0.40831184
2017-06-20,,14.012378,,0.47582626
2017-06-21,,13.78953,,0.3574543
2017-06-22,,12.389259,,0.43356133
2017-06-23,,12.539911,,0.49233246
2017-06-24,,13.729763,,0.3848629
2017-06-25,,11.2365265,,0.86696434
2017-06-26,,12.428206,,0.4923401
2017-06-27,,14.681042,,0.4199581
2017-06-28,,14.881651,,0.35378456
2017-06-29,,14.121017,,0.3446865
2017-06-30,,13.146214,,0.46061897
2017-07-01,,12.881427,,0.489151
2017-07-02,,12.910705,,0.41297722
2017-07-03,,13.006316,,0.41734505
2017-07-04,,11.664345,,0.5852566
2017-07-05,,11.041646,,0.5662861
2017-07-06,,11.543235,,0.5018711
2017-07-07,,12.722972,,0.49563217
2017-07-08,,12.326316,,0.37709808
2017-07-09,,11.902363,,0.58916855
2017-07-10,,12.248062,,0.54499435
2017-07-11,,11.99565,,0.5650215
2017-07-12,,12.057329,,0.6838856
2017-07-13,,13.242492,,0.47518158
2017-07-14,,12.655822,,0.46860886
2017-07-15,,12.975663,,0.43371773
2017-07-16,,13.358928,,0.39867592
2017-07-17,,12.791719,,0.41533852
2017-07-18,,12.451483,,0.46801567
2017-07-19,,13.392488,,0.43598938
2017-07-20,,13.98074,,0.5133152
2017-07-21,,13.962749,,0.42399788
2017-07-22,,16.442902,,0.4146557
2017-07-23,,14.920421,,0.35066223
2017-07-24,,11.887898,,0.44667625
2017-07-25,,11.703354,,0.46600914
2017-07-26,,11.73502,,0.58601
2017-07-27,,12.208089,,0.55665207
2017-07-28,,12.366114,,0.502655
2017-07-29,,12.2427435,,0.49332237
2017-07-30,,12.288243,,0.66999626
2017-07-31,,12.714824,,0.4153366
2017-08-01,,12.026305,,0.45801353
2017-08-02,,12.553078,,0.4473343
2017-08-03,,12.494165,,0.51467323
2017-08-04,,12.242742,,0.7047138
2017-08-05,,12.511819,,0.5033207
2017-08-06,,13.268596,,0.47667313
2017-08-07,,13.1556015,,0.45466805
2017-08-08,,12.511691,,0.45547867
2017-08-09,,12.937809,,0.46269417
2017-08-10,,13.449905,,0.4986725
2017-08-11,,13.312307,,0.40333748
2017-08-12,,13.4990015,,0.40198708
2017-08-13,,13.720809,,1.7686691
2017-08-14,,13.510563,,0.4146595
2017-08-15,,13.225431,,0.48467064
2017-08-16,,13.268368,,0.43398666
2017-08-17,,13.20957,,0.47003555
2017-08-18,,13.074769,,0.39466095
2017-08-19,,12.867985,,0.4213543
2017-08-20,,12.222413,,0.4413433
2017-08-21,,11.33828,,0.7273464
2017-08-22,,11.520203,,0.6626873
2017-08-23,,12.360707,,0.5106487
2017-08-24,,12.727391,,0.47468185
2017-08-25,,12.240206,,0.47332764
2017-08-26,,11.995492,,0.50333405
2017-08-27,,11.77635,,0.4306965
2017-08-28,,11.863426,,0.63799095
2017-08-29,,12.164666,,0.5286617
2017-08-30,,13.233151,,0.43667793
2017-08-31,,13.465268,,0.44067192
2017-09-01,,12.666671,,0.43133354
2017-09-02,,12.597723,,0.37267685
2017-09-03,,12.563849,,0.43800545
2017-09-04,,12.664848,,0.4020996
2017-09-05,,13.292663,,0.40076256
2017-09-06,,13.048744,,0.4142952
2017-09-07,,13.1584,,1.6747551
2017-09-08,,13.454044,,2.4860802
2017-09-09,,13.690671,,0.44760895
2017-09-10,,13.38642,,0.8336239
2017-09-11,,13.780507,,0.31674194
2017-09-12,,13.482611,,0.44050217
2017-09-13,,12.630886,,0.4288082
2017-09-14,,12.5070095,,0.43255043
2017-09-15,,11.92324,,0.5422249
2017-09-16,,12.549896,,0.6241741
2017-09-17,,12.835342,,1.8473549
2017-09-18,,12.709649,,3.9639778
2017-09-19,,13.129218,,1.458931
2017-09-20,,12.85409,,18.290247
2017-09-21,,12.166363,,0.68554926
2017-09-22,,12.069597,,0.72967005
2017-09-23,,13.2576065,,0.46527386
2017-09-24,,13.955922,,0.42582417
2017-09-25,,13.986727,,0.42051697
2017-09-26,,14.147333,,0.44730425
2017-09-27,,15.796073,,0.4010043
2017-09-28,,15.927984,,0.33754492
2017-09-29,,14.31594,,4.1727633
2017-09-30,,14.006345,,1.030036
2017-10-01,,14.640762,,0.86890984
2017-10-02,,13.822336,,0.46864128
2017-10-03,,14.053207,,0.40328312
2017-10-04,,14.318896,,0.42782307
2017-10-05,,13.6575985,,0.46429443
2017-10-06,,13.642638,,0.38933277
2017-10-07,,13.88852,,0.9066572
2017-10-08,,13.635642,,1.9513407
2017-10-09,,12.724687,,0.48000145
2017-10-10,,12.525141,,2.2086744
2017-10-11,33.06629492,10.959664,12.528031,9.519674
2017-10-12,32.99580826,11.996887,12.275658,8.926792
2017-10-13,32.61781815,11.90093,12.088525,9.067362
2017-10-14,32.56238291,10.668024,12.051152,2.3611984
2017-10-15,32.91596015,12.1152935,11.972309,0.048189163
2017-10-16,33.11036528,11.993566,12.063973,0.35943604
2017-10-17,33.12460757,11.817739,12.017591,0.56656265
2017-10-18,33.12744022,12.011254,11.736806,0.3012333
2017-10-19,32.48893147,11.955435,11.934101,14.185701
2017-10-20,32.22138296,11.947685,12.0349455,3.676979
2017-10-21,32.29126468,11.715524,11.865887,12.604622
2017-10-22,32.05114184,13.463388,12.639317,10.844725
2017-10-23,32.02413093,12.953093,13.06119,0.52430344
2017-10-24,32.027981,13.866364,13.05333,0.28547192
2017-10-25,32.0695534,13.546416,13.221749,0.38229465
2017-10-26,32.35032603,12.207397,12.494911,0.39112473
2017-10-27,32.51415078,14.470474,12.336587,0.33680153
2017-10-28,32.22203212,12.286172,13.331677,0.44861412
2017-10-29,32.1936632,12.943704,13.452724,0.12153053
2017-10-30,32.21014037,13.123881,13.3593855,0.17217255
2017-10-31,32.30790696,13.03633,13.034877,0.32110977
2017-11-01,32.30490661,12.611717,12.797274,0.37899017
2017-11-02,32.22562269,11.718335,12.279715,1.0730782
2017-11-03,32.4003207,9.9755745,12.067707,2.426981
2017-11-04,32.65464306,9.769502,11.925228,0.4380064
2017-11-05,32.48252619,10.550334,11.947236,4.800662
2017-11-06,32.43545907,9.056259,11.899578,2.8500042
2017-11-07,32.57258222,9.4771595,11.663061,0.2433567
2017-11-08,32.71324063,10.480972,11.5285425,7.9493465
2017-11-09,32.60917708,11.853454,11.610712,10.928017
2017-11-10,32.64580927,11.302433,11.704066,12.42733
2017-11-11,32.75243985,11.395436,11.539303,1.7279999
2017-11-12,32.70553929,12.154615,11.647913,5.2086654
2017-11-13,32.77759109,12.265404,11.858634,3.0960054
2017-11-14,32.86807707,11.555843,11.846725,3.8193417
2017-11-15,32.70021191,11.131227,11.87228,14.87068
2017-11-16,32.66725103,10.018028,11.855292,7.107992
2017-11-17,32.62756951,10.747954,11.67839,2.7173462
2017-11-18,32.70701287,9.57275,11.681081,0.33869553
2017-11-19,32.89837669,9.940251,11.595113,0.33065796
2017-11-20,32.94724952,11.575579,11.650616,0.7786789
2017-11-21,32.88552846,12.904468,11.65424,5.7206497
2017-11-22,32.96228964,13.948875,11.795281,4.933338
2017-11-23,32.89204415,12.889228,11.889253,2.8059769
2017-11-24,32.92635041,11.43466,11.842556,0.87137604
2017-11-25,32.9163084,10.310617,11.819774,1.9413719
2017-11-26,32.9035608,12.295921,11.787912,9.462673
2017-11-27,32.79193157,10.357707,11.762397,7.4839983
2017-11-28,32.75470338,9.984982,11.728165,4.6360006
2017-11-29,32.84380031,10.608787,11.723308,0.3086605
2017-11-30,32.74139979,9.787923,11.666264,3.0366669
2017-12-01,32.59651217,10.552386,11.68694,0.2046547
2017-12-02,32.49784015,9.953521,11.675,22.966002
2017-12-03,32.51941414,9.266943,11.548291,2.5986671
2017-12-04,32.55486451,9.290859,11.426686,0.33136368
2017-12-05,32.23658959,7.5161633,10.981233,0.50400925
2017-12-06,32.19949343,10.925059,10.74133,0.39801407
2017-12-07,32.09153407,11.686081,10.788314,0.3720169
2017-12-08,32.15737605,10.0672035,10.719024,0.46868515
2017-12-09,32.09406913,9.424316,10.503586,0.30399704
2017-12-10,32.28013611,9.191995,10.701319,0.37141418
2017-12-11,32.54837948,8.953115,10.948197,0.5777359
2017-12-12,32.64929381,8.874386,11.226233,0.28604126
2017-12-13,32.73997138,9.222046,11.305841,0.4014969
2017-12-14,32.75160521,9.939889,11.235207,0.4329567
2017-12-15,32.72335026,9.463386,11.191318,0.59192276
2017-12-16,32.51609499,9.629638,10.650073,1.4694939
2017-12-17,32.53572467,9.238912,10.62244,0.3413658
2017-12-18,32.48424141,10.331604,10.9564705,1.0673485
2017-12-19,32.43441693,10.4681225,11.182437,10.958351
2017-12-20,32.42518312,8.69872,11.155874,1.3228788
2017-12-21,32.45085847,6.670746,11.047854,0.5462856
2017-12-22,32.43442368,7.8085284,10.914155,0.3135643
2017-12-23,32.39728617,8.748624,10.863083,10.401157
2017-12-24,32.43014463,6.027122,10.804478,2.8453903
2017-12-25,32.42812001,9.775331,10.761405,1.57621
2017-12-26,32.46567644,6.336402,10.661587,0.50037193
2017-12-27,32.47577343,9.433016,10.596251,0.4475708
2017-12-28,32.45941542,10.380265,10.632436,0.9221096
2017-12-29,32.55043224,11.02688,10.780013,11.317106
2017-12-30,32.58572245,10.427726,10.933551,0.68327713
2017-12-31,32.64184376,9.044191,10.918821,0.41944885
2018-01-01,32.66455031,8.770776,10.893897,0.3458023
2018-01-02,32.71817383,8.911581,10.993753,0.296566
2018-01-03,32.72345694,9.44406,10.921544,0.19367218
2018-01-04,32.7127486,9.714449,10.87478,1.8431892
2018-01-05,32.6540272,10.762362,10.894382,14.297649
2018-01-06,32.72981175,9.255521,11.01338,5.3262835
2018-01-07,32.72322511,9.173872,10.966414,0.33459616
2018-01-08,32.70401223,10.300467,10.894816,0.26741028
2018-01-09,32.64425141,9.384179,10.792113,9.339376
2018-01-10,32.67598367,8.971286,10.794922,6.3815002
2018-01-11,32.68434712,11.0317745,10.796578,8.544003
2018-01-12,32.62710685,10.771455,10.604029,0.4819851
2018-01-13,32.62048277,11.34704,10.635456,0.2473278
2018-01-14,32.66963846,13.038799,10.738531,0.23734283
2018-01-15,32.67039996,11.895478,10.702884,0.21268272
2018-01-16,32.69226876,11.372325,10.788194,2.4026566
2018-01-17,32.73363905,12.409176,11.045985,2.0186615
2018-01-18,32.7300551,11.073834,11.074223,2.0760136
2018-01-19,32.70561706,9.606586,11.046868,0.6866913
2018-01-20,32.70874154,9.575586,10.974815,1.1453323
2018-01-21,32.69054668,10.155575,11.028853,3.6666603
2018-01-22,32.64634694,10.356256,11.12611,0.7419853
2018-01-23,32.69665965,9.818095,11.012077,3.3784065
2018-01-24,32.64464635,9.912894,11.1167145,20.637327
2018-01-25,32.64582858,8.132484,11.099194,4.973339
2018-01-26,32.66433266,8.833701,11.009382,2.6446638
2018-01-27,32.68043717,9.91531,11.00363,4.7833395
2018-01-28,32.70589039,11.443616,11.116778,0.39469528
2018-01-29,32.72698689,11.677287,11.137534,2.4106636
2018-01-30,32.71235197,9.829136,11.105629,6.953333
2018-01-31,32.65283111,9.091363,11.01238,0.78069115
2018-02-01,32.58157506,9.236684,10.905873,0.2233429
2018-02-02,32.5852738,10.403242,10.974106,1.0833511
2018-02-03,32.32888961,9.949091,10.973476,0.36932182
2018-02-04,32.16374609,10.028614,11.055262,0.21065712
2018-02-05,31.79239977,9.1344185,10.967764,0.4347
2018-02-06,32.26275375,8.257362,10.973818,0.36800194
2018-02-07,31.74182474,8.838294,10.804933,0.21064377
2018-02-08,,,,
2018-02-09,,,,
2018-02-10,,,,
2018-02-11,,,,
2018-02-12,,,,
2018-02-13,32.06591312,7.491278,10.26837,0.051008224
2018-02-14,31.97666976,8.314806,10.247835,3.0759926
2018-02-15,32.20409265,8.630349,10.265991,0.32128906
2018-02-16,32.25652235,8.481601,10.3195715,1.6606636
2018-02-17,32.15940078,9.281262,10.233656,1.2273598
2018-02-18,32.09972773,6.5928316,10.165702,2.5119858
2018-02-19,30.0535717,4.72498,9.367438,0.64105225
2018-02-20,31.54571009,4.6794086,9.747614,1.0203018
2018-02-21,30.9107833,4.9467177,9.375066,1.3225365
2018-02-22,30.67105564,4.7137437,9.248521,5.4314117
2018-02-23,31.10824168,4.3626847,9.158305,0.5977478
2018-02-24,30.47054147,7.5486574,8.877047,2.5515556
2018-02-25,31.50159369,8.440062,9.494967,2.5486412
2018-02-26,31.01890466,5.891142,9.146932,2.2600098
2018-02-27,30.70001729,6.720576,8.859635,4.1172028
2018-02-28,30.90532228,7.8268137,8.943045,6.978153
2018-03-01,30.64476153,6.779103,8.843621,10.461744
2018-03-02,31.35141703,5.573856,9.147032,12.913124
2018-03-03,31.8225732,6.470457,9.356435,1.5192223
2018-03-04,31.93467543,6.785232,9.279826,0.31336784
2018-03-05,31.85229583,8.19827,9.321529,2.5394878
2018-03-06,31.9226013,8.314163,9.525478,0.26483154
2018-03-07,31.23730337,9.801155,9.358008,0.269989
2018-03-08,31.88808744,10.565072,9.576006,4.8406525
2018-03-09,32.04077164,8.845067,9.670726,1.1875763
2018-03-10,32.07225651,9.234741,9.746531,0.31902313
2018-03-11,32.08577588,9.540717,10.015451,0.41440582
2018-03-12,32.14437188,11.932366,10.220608,0.3816414
2018-03-13,32.16574626,11.091794,10.263176,4.7134857
2018-03-14,32.15054581,8.980807,10.147783,0.61185837
2018-03-15,32.24294121,7.8506713,10.088495,5.9690933
2018-03-16,32.32182772,7.193981,9.864071,0.6491623
2018-03-17,32.31951124,8.767542,9.984619,0.41360092
2018-03-18,32.27905389,7.904788,10.0439825,4.4023275
2018-03-19,32.27519795,8.167791,9.900503,0.5031308
2018-03-20,32.3228905,9.089982,9.994264,0.33911216
2018-03-21,32.10223467,8.832416,10.103902,1.5718997
2018-03-22,32.13316915,7.62508,10.0679,7.512481
2018-03-23,32.21564349,7.0090103,9.839003,4.87632
2018-03-24,32.13877504,5.744328,9.750339,11.009721
2018-03-25,32.32064258,7.081852,9.942138,1.7185383
2018-03-26,32.35966176,8.58947,10.004636,0.62195206
2018-03-27,32.31411073,9.15484,9.863778,0.6000099
2018-03-28,32.29481467,9.334103,9.953041,0.48399925
2018-03-29,31.6931242,8.8008175,10.045916,0.25933075
2018-03-30,31.81332479,8.617088,9.975715,0.29999924
2018-03-31,31.8054603,9.084565,10.018422,0.28600502
2018-04-01,31.87524276,8.26433,10.011288,0.49934196
2018-04-02,31.80028185,7.747166,9.990691,3.1259975
2018-04-03,31.92086081,7.709468,10.025586,3.512022
2018-04-04,31.76240796,9.323744,10.041625,3.4360046
2018-04-05,31.85708172,10.412518,10.035034,1.0873108
2018-04-06,32.03760072,10.679696,10.167561,1.1159859
2018-04-07,31.95158337,11.404448,10.401864,5.757324
2018-04-08,32.19144228,9.955445,10.16495,11.138641
2018-04-09,32.06068151,9.786604,10.240153,1.9586906
2018-04-10,32.16514943,11.328642,10.389742,5.614727
2018-04-11,32.16608495,9.860845,10.283528,14.932657
2018-04-12,32.14750757,8.5097,10.188299,7.155325
2018-04-13,32.11383866,9.7373495,10.188535,5.227335
2018-04-14,32.27135638,10.572784,10.227918,0.29533195
2018-04-15,32.24028117,8.92721,10.250196,25.513334
2018-04-16,32.25296656,8.17724,10.19025,7.568666
2018-04-17,32.27021832,9.08309,10.225118,0.86201
2018-04-18,32.39772756,9.135399,10.326458,0.2613411
2018-04-19,31.52384328,10.344001,10.724596,0.26866627
2018-04-20,31.42762006,10.021539,11.131426,0.34467602
2018-04-21,31.48487567,10.220588,11.075147,0.64932823
2018-04-22,31.87753778,9.699926,10.720145,0.2800026
2018-04-23,32.03411603,10.962749,10.602223,0.3426609
2018-04-24,32.09179441,14.982833,10.57298,0.34133244
2018-04-25,32.13117564,10.481295,10.661295,0.45533085
2018-04-26,31.74063593,9.947432,10.975898,0.31266212
2018-04-27,31.54619385,10.582465,11.038112,8.091335
2018-04-28,31.3316851,10.775843,10.994024,1.4146748
2018-04-29,30.76519347,10.714012,11.532224,1.7273445
2018-04-30,30.18740696,9.778567,11.578342,0.7479954
2018-05-01,30.17007545,10.084999,11.485271,0.22418022
2018-05-02,31.38323162,10.211965,10.767966,0.2728176
2018-05-03,31.51845616,10.842322,10.872062,0.32390404
2018-05-04,31.17871874,10.645443,11.025387,0.31682968
2018-05-05,30.87244299,11.269138,11.155789,0.48963928
2018-05-06,31.3152991,11.480582,11.016917,0.9900608
2018-05-07,29.6170214,11.525744,12.05926,0.6516628
2018-05-08,29.31555441,11.948367,12.323736,2.7273922
2018-05-09,29.24811188,12.424624,12.212457,0.46717072
2018-05-10,28.54563762,11.926532,12.897502,1.6521206
2018-05-11,29.53993817,11.406541,12.613542,0.5185623
2018-05-12,31.55924284,10.878757,10.805266,0.3033886
2018-05-13,31.86151908,10.338404,10.865334,0.35308266
2018-05-14,31.31491423,11.128406,11.644175,0.39217186
2018-05-15,28.92535134,11.554953,13.071509,0.5299053
2018-05-16,27.95946228,12.158701,13.668582,0.38129425
2018-05-17,25.75815884,12.7683115,14.643865,0.38931084
2018-05-18,22.09200229,12.655331,15.153141,0.37594414
2018-05-19,24.05732965,12.784936,14.438706,0.37638855
2018-05-20,26.89935192,12.629975,13.610006,0.24588585
2018-05-21,29.74187199,12.492752,12.831229,0.31931305
2018-05-22,31.15977472,12.464757,11.9366255,0.40706062
2018-05-23,32.0326947,12.0370655,10.931124,0.3299675
2018-05-24,32.19648552,11.896448,11.112069,0.26018333
2018-05-25,32.2109221,12.0447,10.854341,0.35599518
2018-05-26,32.06904095,11.590301,11.0708885,0.2326622
2018-05-27,31.93797474,12.06625,11.4234705,0.37534332
2018-05-28,32.06513312,12.430864,10.913482,0.3086624
2018-05-29,32.25288107,11.413176,10.1536875,0.40332603
2018-05-30,32.38656733,10.796982,9.932971,0.32133293
2018-05-31,32.5330601,10.61969,9.828666,0.27132034
2018-06-01,32.36284337,10.9942,10.667232,0.28334045
2018-06-02,30.69264509,13.231385,13.318987,0.3466606
2018-06-03,31.00398255,13.268271,12.355068,0.34533882
2018-06-04,31.23913087,12.547472,12.321707,0.34066582
2018-06-05,31.2944651,12.343522,12.174989,0.27066612
2018-06-06,27.91319547,13.25408,15.4311905,0.2746811
2018-06-07,28.91462694,14.163561,15.2737255,0.20332909
2018-06-08,29.77123066,14.206229,14.9447365,3.1680088
2018-06-09,30.06950776,13.051823,14.583441,13.391346
2018-06-10,30.5422112,12.684195,14.008594,5.138649
2018-06-11,30.52983483,12.318346,13.79062,2.1580238
2018-06-12,30.12404758,14.021254,14.143136,0.35072327
2018-06-13,29.79245218,14.298381,14.673934,0.7706795
2018-06-14,30.58140385,13.998535,14.760612,0.38529968
2018-06-15,30.71452533,13.852219,14.69133,0.44600677
2018-06-16,31.56147305,13.70115,12.924451,0.31931686
2018-06-17,31.88422955,13.778939,12.238719,0.41200638
2018-06-18,31.6008866,13.615731,13.35392,0.37001038
2018-06-19,29.29368475,14.15343,15.991485,0.32730865
2018-06-20,29.09556581,15.278993,16.07253,0.27467728
2018-06-21,28.30318169,15.125049,16.320055,0.25699234
2018-06-22,28.66871003,15.493053,16.389143,0.25177765
2018-06-23,29.96741887,15.551374,15.777479,0.56214905
2018-06-24,31.58454252,13.986583,13.143458,0.28398514
2018-06-25,32.21081986,13.814845,12.100664,3.1315575
2018-06-26,32.18459106,13.675005,12.484215,0.29503632
2018-06-27,32.75420165,12.872845,10.688533,0.48088074
2018-06-28,32.70514555,12.554456,11.241814,0.4776497
2018-06-29,32.46685246,13.6087,12.86342,0.2434082
2018-06-30,32.1109943,14.88625,13.814765,0.25949097
2018-07-01,32.03193193,14.838519,13.543871,0.27483368
2018-07-02,31.93639023,14.017045,13.383691,0.37010956
2018-07-03,32.16232019,13.485997,13.009525,0.34387589
2018-07-04,32.43034943,12.908496,12.158622,0.29243088
2018-07-05,32.16501349,12.554995,12.560878,0.15497208
2018-07-06,31.26260237,13.905003,14.322379,0.27880478
2018-07-07,30.21473051,15.181281,16.311626,0.16668701
2018-07-08,29.39806971,15.544831,16.726648,0.43102646
2018-07-09,29.58237185,16.541245,17.006111,0.3371048
2018-07-10,29.93866291,16.43616,17.219603,0.37537766
2018-07-11,31.46119052,15.172668,14.064681,0.39666367
2018-07-12,32.68791134,12.677322,11.000602,0.495327
2018-07-13,33.29712262,12.009182,9.9188595,0.44335938
2018-07-14,33.36098133,11.702393,10.056097,0.4353447
2018-07-15,32.83213206,12.029175,10.5387125,0.38734055
2018-07-16,32.94026587,12.495057,10.668611,0.25533676
2018-07-17,32.83278688,13.386401,10.559967,0.17868042
2018-07-18,33.00465654,13.131284,10.874659,0.1940155
2018-07-19,32.86061939,12.879786,10.589394,0.23266983
2018-07-20,32.97354,12.325073,10.245195,0.22468567
2018-07-21,32.95193415,12.065379,10.061175,0.20599365
2018-07-22,32.83769,11.69643,10.276603,0.39666367
2018-07-23,32.8522238,11.07998,10.162303,0.2126503
2018-07-24,32.86780238,10.981626,10.246429,0.18001556
2018-07-25,32.90959772,10.533935,9.838958,0.17000961
2018-07-26,32.68733932,10.791691,10.261989,0.12734604
2018-07-27,32.8555972,11.803688,10.219298,0.120643616
2018-07-28,32.76146633,13.151772,11.181611,0.13135529
2018-07-29,32.47188447,12.991276,12.595562,0.17133331
2018-07-30,32.62169351,12.721176,12.152195,0.12665176
2018-07-31,32.49221774,13.625857,12.836545,0.09867859
2018-08-01,32.36342903,14.903861,13.443565,0.11000061
2018-08-02,32.19833719,15.058902,14.421994,0.18064499
2018-08-03,31.8707967,15.603443,15.035396,0.29403305
2018-08-04,31.71849865,15.493116,15.072958,0.08899307
2018-08-05,31.62179712,14.804814,15.162111,0.064510345
2018-08-06,31.52936412,14.545504,15.13674,0.07499695
2018-08-07,32.07900989,14.25125,13.902253,0.106025696
2018-08-08,32.58845449,13.088453,12.760804,0.08950424
2018-08-09,32.56762501,13.680755,13.228838,0.08050537
2018-08-10,32.48284408,13.708903,13.38489,0.12649918
2018-08-11,32.23821946,14.756189,14.506029,0.18000793
2018-08-12,32.13072148,15.903746,15.407643,0.10700607
2018-08-13,32.66827936,14.556575,13.440609,0.04933548
2018-08-14,32.79531034,13.937933,13.194044,0.15471649
2018-08-15,32.60678837,13.963517,13.82822,0.10606003
2018-08-16,32.68035367,14.70555,13.577143,0.11604309
2018-08-17,33.22792426,13.901582,12.726934,0.1606865
2018-08-18,33.31349199,13.510636,12.38749,0.24472046
2018-08-19,32.9167868,13.062741,11.7255535,0.13866806
2018-08-20,32.91993494,12.7980795,12.02391,0.1793518
2018-08-21,33.00769829,12.417136,11.255925,0.14334488
2018-08-22,32.6158087,12.54844,11.3994255,0.015995026
2018-08-23,33.01505154,12.569573,11.500454,0.035507202
2018-08-24,33.17709464,13.248113,11.974202,0.025505066
2018-08-25,33.06025098,13.17839,12.03089,0.022994995
2018-08-26,32.87864089,13.922041,12.613898,0.01599884
2018-08-27,32.82890399,14.010078,12.506995,0.03750992
2018-08-28,33.15131757,12.818894,12.294671,0.025009155
2018-08-29,33.29703927,12.326075,12.245185,0.00749588
2018-08-30,33.16092043,12.675675,12.769314,0.022510529
2018-08-31,33.03162187,13.369393,12.93987,0.038021088
2018-09-01,33.09633871,13.748417,12.874329,0.03699875
2018-09-02,33.15273065,12.822347,11.849005,0.002498627
2018-09-03,33.21392612,12.609542,11.072106,0.006507874
2018-09-04,33.25348205,11.471065,10.053731,0.004497528
2018-09-05,33.13521267,11.545305,9.692347,0.008003235
2018-09-06,33.10357651,11.7989025,10.4113245,0.006496429
2018-09-07,33.11151506,12.65139,10.984704,0.03750229
2018-09-08,32.82835261,12.581343,11.753703,0.013004303
2018-09-09,32.64918643,12.049389,12.391792,0.033493042
2018-09-10,32.38408218,13.168884,13.015616,0.01650238
2018-09-11,31.75461507,13.587241,14.314903,0.036499023
2018-09-12,31.47322401,14.059759,14.696175,0.001998901
2018-09-13,31.22132819,14.132916,15.184167,0.5024948
2018-09-14,31.38941673,12.425763,14.999147,0.051006317
2018-09-15,31.40580114,13.170098,15.017458,0.32201385
2018-09-16,31.48441959,14.258556,14.755668,1.6255066
2018-09-17,31.30170122,14.249769,15.595338,0.21050048
2018-09-18,32.46281248,13.837042,13.519459,0.2099998
2018-09-19,32.81491377,13.529023,13.162528,0.10750008
2018-09-20,32.72161634,13.455079,13.812328,0.09600043
2018-09-21,32.75738425,14.387413,14.138792,0.2149992
2018-09-22,32.71375676,14.73744,14.097711,0.23799968
2018-09-23,32.639783,14.219853,14.302551,
2018-09-24,32.79651396,14.178163,14.058878,
2018-09-25,32.63855489,14.114982,13.896054,
2018-09-26,33.04457709,13.447001,12.584033,0.84111786
2018-09-27,33.16894111,13.018799,11.915483,0.66768265
2018-09-28,33.15274783,12.103502,11.848896,0.83278656
2018-09-29,32.97976415,13.045627,11.944069,0.52249146
2018-09-30,32.9632734,13.867145,12.72005,0.6598892
2018-10-01,32.93705687,13.723739,12.883407,1.6166725
2018-10-02,32.65286759,13.652081,13.00264,0.7456436
2018-10-03,32.66866826,13.03986,13.217485,0.8294296
2018-10-04,32.71380156,12.829284,13.03103,3.4964905
2018-10-05,32.68225565,12.258337,13.14532,2.142025
2018-10-06,32.62239312,13.334877,12.274993,2.6221657
2018-10-07,32.83798785,12.05163,12.258617,0.8499069
2018-10-08,32.67205931,13.096448,12.549118,0.9485321
2018-10-09,32.75548192,13.839059,12.716504,0.82398987
2018-10-10,32.85533505,12.31703,12.678425,0.6566696
2018-10-11,32.78007261,13.033996,12.823942,0.8672409
2018-10-12,32.86118806,12.886048,12.713629,0.7322998
2018-10-13,32.89161079,12.315142,12.366449,0.7968826
2018-10-14,33.06739126,14.695792,11.91413,0.6737251
2018-10-15,33.07803774,14.778404,11.928705,0.7451973
2018-10-16,33.041373,14.106942,12.04277,0.90455246
2018-10-17,33.00962101,14.951319,12.2037325,1.0434914
2018-10-18,33.05268283,11.641768,12.468123,0.84897614
2018-10-19,32.99970902,11.660924,12.177815,0.59319687
2018-10-20,32.9783204,11.711406,11.504109,0.5840454
2018-10-21,33.15031925,10.531001,10.9621935,0.8101387
2018-10-22,33.12503941,9.734955,10.93009,0.6165581
2018-10-23,33.00777769,11.037948,11.200108,0.6022873
2018-10-24,32.86324297,11.081097,11.493883,0.64785004
2018-10-25,32.89023535,12.527592,11.399129,8.449356
2018-10-26,32.88891538,12.54769,11.86316,4.993211
2018-10-27,32.84342271,12.642144,11.984546,5.8406653
2018-10-28,32.91395849,12.723014,11.805626,7.2459984
2018-10-29,32.95689063,12.265435,11.703703,1.2693377
2018-10-30,32.939835,11.548782,12.008496,0.6580105
2018-10-31,32.85800653,12.166096,12.2664175,6.341997
2018-11-01,32.80103166,12.924319,12.392124,1.6813278
2018-11-02,32.74100376,13.571346,12.654772,2.1006718
2018-11-03,32.86387993,12.214472,12.334756,0.52866936
2018-11-04,32.84912,13.021645,12.319962,4.284683
2018-11-05,32.84175945,12.733931,12.3200655,0.715992
2018-11-06,32.87741913,12.414567,12.299984,0.6093292
2018-11-07,32.91361875,11.326523,12.392185,0.4379959
2018-11-08,32.86171541,9.960434,12.283344,0.44399643
2018-11-09,32.86083212,10.74879,12.18998,0.46600723
2018-11-10,32.89458387,11.155447,12.072753,0.366642
2018-11-11,32.89356814,10.598348,12.0018215,0.4613533
2018-11-12,32.90964084,12.658322,11.886374,0.4046669
2018-11-13,32.92522911,11.405621,11.82956,0.44000244
2018-11-14,33.01053285,11.45095,11.655145,0.8119736
2018-11-15,32.99471268,10.836629,11.557829,0.48666382
2018-11-16,32.96841121,11.199014,11.565408,0.46333122
2018-11-17,32.96437424,11.356231,11.541474,0.5213356
2018-11-18,32.96546278,11.168842,11.588408,0.47933006
2018-11-19,32.76792227,10.101976,11.450914,0.42401123
2018-11-20,32.66505017,11.046377,11.873256,0.45799255
2018-11-21,32.6371537,11.923511,12.032153,12.219334
2018-11-22,32.66267479,11.110818,11.600489,15.597993
2018-11-23,32.67215416,11.339498,11.593617,7.629333
2018-11-24,32.77157472,10.194886,11.454234,2.4266644
2018-11-25,32.82021811,9.543624,11.420139,0.62400055
2018-11-26,32.87944197,12.246579,11.372798,1.0426626
2018-11-27,33.02730674,12.411255,11.071347,16.48732
2018-11-28,33.04154225,11.189508,10.993717,10.63467
2018-11-29,33.01380875,10.370815,11.009792,0.4879532
2018-11-30,32.99598177,10.647179,11.082058,3.1066704
2018-12-01,32.96557695,8.88746,11.126002,7.2413216
2018-12-02,32.89063815,8.611606,11.202004,6.5826554
2018-12-03,32.95108628,8.052813,10.931354,10.814672
2018-12-04,33.02445851,8.068042,10.641504,0.3660097
2018-12-05,33.092186,7.857915,10.390398,0.63199234
2018-12-06,33.11463293,7.109817,10.223328,0.548007
2018-12-07,33.10467591,7.246637,10.216357,0.47066212
2018-12-08,32.91456156,9.597999,10.815482,1.5820007
2018-12-09,32.84225929,10.680144,10.996565,6.4273357
2018-12-10,32.99196092,10.812465,10.734235,1.1213245
2018-12-11,32.95412916,10.207382,10.768617,4.2806606
2018-12-12,32.83450535,10.698995,10.863479,3.7500057
2018-12-13,32.82267925,10.807596,10.925318,0.4133396
2018-12-14,32.85792989,12.300705,10.881009,0.99401665
2018-12-15,32.79701865,10.226541,11.073288,0.31399536
2018-12-16,32.75815668,12.196688,11.227064,11.073986
2018-12-17,32.71785039,11.074218,11.392472,0.94667435
2018-12-18,32.82114595,11.353467,11.369432,16.074665
2018-12-19,32.86428832,11.6801815,11.438227,4.393326
2018-12-20,32.82974964,12.081377,11.4751835,2.6006908
2018-12-21,32.81772792,9.513508,11.39138,3.8653336
2018-12-22,32.80296656,9.186556,11.36836,0.44599867
2018-12-23,32.73481409,11.471799,11.427412,7.2453327
2018-12-24,32.67844917,10.645049,11.542995,3.1546679
2018-12-25,32.50880056,10.036843,11.5708,1.2453318
2018-12-26,32.56243665,9.569926,11.524828,1.9546642
2018-12-27,32.67025065,10.356122,11.562332,1.1619921
2018-12-28,32.66147181,9.812189,11.456611,1.1439981
2018-12-29,32.68220491,10.803058,11.38083,1.404664
2018-12-30,32.66697657,10.113075,11.295452,4.0140095
2018-12-31,32.52932959,8.329729,11.19351,1.009346
2019-01-01,32.00891835,6.8194704,10.843197,0.6706753
2019-01-02,31.97706757,7.659509,10.436716,0.6613312
2019-01-03,32.21602373,10.249836,10.876069,1.5840034
2019-01-04,32.58905865,10.731372,11.10488,2.9899979
2019-01-05,32.67722663,10.394953,11.050599,2.7720032
2019-01-06,32.68764247,8.979811,11.009704,6.973999
2019-01-07,32.70125773,8.078205,10.975259,1.0339985
2019-01-08,32.68276893,9.389983,10.884247,8.564014
2019-01-09,32.66092436,11.488848,11.028993,3.9819832
2019-01-10,32.67011134,11.8453045,11.162306,0.73867416
2019-01-11,32.63866278,11.662273,11.311095,0.8553238
2019-01-12,32.63194785,11.282226,11.322642,0.69799423
2019-01-13,32.63318742,10.671646,11.307936,0.5966873
2019-01-14,32.63445501,9.836904,11.281265,0.44263077
2019-01-15,32.63555581,9.232225,11.215331,0.31533432
2019-01-16,32.63905237,9.189126,11.203002,0.82598495
2019-01-17,32.6271513,11.376141,11.217326,3.1926575
2019-01-18,32.62463641,10.738719,11.264056,3.861332
2019-01-19,32.63486903,11.728664,11.363434,3.808693
2019-01-20,32.71878169,9.492911,11.631546,12.784006
2019-01-21,32.51932829,9.127417,11.224115,1.3946619
2019-01-22,32.52362405,9.509126,11.137072,0.75599957
2019-01-23,32.65335211,11.37197,11.481002,2.961338
2019-01-24,32.64570037,10.209803,11.727279,0.40999985
2019-01-25,32.2227344,8.765746,11.526508,0.5039978
2019-01-26,30.5344499,9.301361,10.660493,0.43331718
2019-01-27,30.23021715,10.245801,10.552295,0.56666374
2019-01-28,30.65843946,10.425688,10.700934,0.5086727
2019-01-29,31.04355275,10.140913,10.716021,0.65667534
2019-01-30,31.19878152,9.383804,10.594386,0.5099888
2019-01-31,31.49913825,9.892493,10.735205,0.45799828
2019-02-01,31.77474905,10.675695,10.785175,4.428667
2019-02-02,31.94933092,10.1380415,10.876743,1.9146595
2019-02-03,32.07962147,7.9017587,10.861829,0.54932976
2019-02-04,32.15373907,3.930109,10.667293,2.1866608
2019-02-05,32.21842062,5.8122506,10.551225,0.44130898
2019-02-06,32.2112434,5.839234,10.493288,0.41465378
2019-02-07,32.26597959,4.9151173,10.480636,0.34804726
2019-02-08,32.40696159,5.788035,10.688983,0.34333038
2019-02-09,32.38331986,5.985642,10.554137,2.216652
2019-02-10,32.43608315,3.936779,10.573639,0.4073143
2019-02-11,32.48823224,8.939581,10.659726,1.62533
2019-02-12,32.56994218,8.796541,10.812368,29.18799
2019-02-13,32.59507276,7.4491863,10.896591,3.7146657
2019-02-14,32.55513231,7.5867434,10.817835,10.766668
2019-02-15,32.57703691,7.6210275,10.81603,5.1053267
2019-02-16,32.55392517,7.8177085,10.982922,1.6406612
2019-02-17,32.52216131,5.709166,10.964529,8.755333
2019-02-18,32.53726694,6.683452,10.903643,0.38867378
2019-02-19,32.54192633,7.447636,10.849512,1.0239906
2019-02-20,32.53706623,7.8991733,10.852195,3.4620075
2019-02-21,31.44200682,6.5220485,9.873343,0.64668274
2019-02-22,31.36903874,7.514369,9.74319,0.46799088
2019-02-23,31.97182187,7.976005,10.106467,2.043335
2019-02-24,31.84270197,7.1120987,9.816667,12.48465
2019-02-25,31.83570461,5.5112324,9.687535,0.45329666
2019-02-26,31.6814549,4.082698,9.498656,0.38532257
2019-02-27,31.40523139,3.377227,9.167639,0.7373276
2019-02-28,31.56065508,6.1332107,9.264819,2.2806702
2019-03-01,32.08590873,6.9698534,10.006605,6.1766396
2019-03-02,31.80053606,7.8605328,9.7214,2.524025
2019-03-03,31.93541508,6.038759,9.800978,4.7986984
2019-03-04,31.3731741,3.8267887,9.279636,1.8853531
2019-03-05,31.10113643,4.3338337,9.071491,0.9546318
2019-03-06,31.11492342,5.7700677,8.957217,1.0413628
2019-03-07,31.20274917,6.980205,8.916817,8.323994
2019-03-08,31.33743367,6.2542553,9.126954,8.305309
2019-03-09,31.25449927,5.8483872,8.948613,1.1055245
2019-03-10,31.66556079,6.2265654,9.168752,0.32902002
2019-03-11,31.62643511,8.043736,9.12826,0.43137598
2019-03-12,31.88644087,8.208007,9.342956,6.8800683
2019-03-13,32.00443402,8.453296,9.470094,0.31956482
2019-03-14,32.13418205,8.2805395,9.822615,0.37395763
2019-03-15,32.15991499,8.929446,9.873011,0.5792389
2019-03-16,31.86224841,9.702533,9.8002405,0.40557766
2019-03-17,31.6798088,9.856108,9.777608,0.35004997
2019-03-18,31.68323275,13.410563,9.896501,0.34866047
2019-03-19,31.57578553,13.101848,9.982609,0.3433733
2019-03-20,31.58275522,9.146068,10.229261,0.46193027
2019-03-21,31.42050301,10.577415,10.315174,0.41243267
2019-03-22,31.4044387,10.189239,10.525565,2.6701384
2019-03-23,31.68545478,10.22253,10.457359,3.89606
2019-03-24,31.66749246,9.498245,10.673947,0.34227657
2019-03-25,31.82360896,10.78743,10.647645,3.5794935
2019-03-26,32.05161942,9.793792,10.460985,0.3154831
2019-03-27,32.11539536,10.287022,10.543447,1.2655869
2019-03-28,32.10116003,10.720013,10.537622,0.47099304
2019-03-29,32.27284832,10.488798,10.661426,0.40561104
2019-03-30,32.24356652,10.18899,10.843831,0.4197483
2019-03-31,32.00360959,10.23788,10.955538,0.42140007
2019-04-01,31.98095721,10.155112,11.032174,7.613886
2019-04-02,31.87925483,11.1315975,11.17186,17.033018
2019-04-03,32.03298826,10.924364,11.145094,0.6036453
2019-04-04,32.10531758,10.914786,11.1944895,0.67129517
2019-04-05,32.13782739,11.23103,11.176388,6.5771675
2019-04-06,32.21011174,11.078131,10.988144,4.1741242
2019-04-07,32.19395866,10.736663,10.994832,11.487925
2019-04-08,32.24481227,10.916492,10.96914,6.699067
2019-04-09,32.30093056,10.274226,11.00229,0.52373314
2019-04-10,32.26655822,9.703788,11.096922,2.00778
2019-04-11,32.26041504,10.0703535,11.039535,4.2346745
2019-04-12,32.0925012,9.9883,11.204823,0.7786598
2019-04-13,30.32328654,9.533962,11.7619705,1.864027
2019-04-14,30.03745335,9.694805,11.394781,0.5135441
2019-04-15,30.67139414,8.782103,11.299007,2.5977554
2019-04-16,30.41486905,9.951044,11.351319,3.807129
2019-04-17,30.76498456,10.831011,11.538336,0.35440254
2019-04-18,30.08748943,11.794592,12.042836,0.4881382
2019-04-19,30.17809236,11.720391,12.3133135,0.71248055
2019-04-20,31.42988945,10.6138525,11.549843,0.5216961
2019-04-21,30.5825439,10.699972,11.924805,0.02428627