time,Model SST,30m,40m,60m,90m,130m,180m,250m,350m,500m,750m,1000m,met_relwind_speed,shortwave_irradiance,Chlorophyll a,Model Wind Speed,Model Irradiance
2014-01-05,4.428,,,,,,,,,,,,,,,13.590,7.009
2014-01-12,4.278,,,,,,,,,,,,,,,9.185,10.433
2014-01-19,4.295,,,,,,,,,,,,,,,9.761,14.396
2014-01-26,4.196,,,,,,,,,,,,,,,11.020,18.613
2014-02-02,4.096,,,,,,,,,,,,,,,8.672,22.644
2014-02-09,3.991,,,,,,,,,,,,,,,12.589,31.667
2014-02-16,3.901,,,,,,,,,,,,,,,10.532,43.942
2014-02-23,3.828,,,,,,,,,,,,,,,10.386,51.705
2014-03-02,4.012,,,,,,,,,,,,,,,11.251,58.910
2014-03-09,3.832,,,,,,,,,,,,,,,12.321,90.669
2014-03-16,3.920,,,,,,,,,,,,,,,9.822,84.269
2014-03-23,3.883,,,,,,,,,,,,,,,10.604,102.414
2014-03-30,3.829,,,,,,,,,,,,,,,12.499,97.204
2014-04-06,4.057,,,,,,,,,,,,,,,9.015,90.615
2014-04-13,4.209,,,,,,,,,,,,,,,8.135,128.743
2014-04-20,4.248,,,,,,,,,,,,,,,13.204,187.801
2014-04-27,4.438,,,,,,,,,,,,,,,7.079,107.769
2014-05-04,4.671,,,,,,,,,,,,,,,8.963,104.058
2014-05-11,4.837,,,,,,,,,,,,,,,8.024,182.044
2014-05-18,5.324,,,,,,,,,,,,,,,8.633,238.240
2014-05-25,6.111,,,,,,,,,,,,,,,5.161,235.323
2014-06-01,6.417,,,,,,,,,,,,,,,7.813,173.399
2014-06-08,6.501,,,,,,,,,,,,,,,5.244,178.549
2014-06-15,6.727,,,,,,,,,,,,,,,9.141,151.754
2014-06-22,6.962,,,,,,,,,,,,,,,4.958,88.042
2014-06-29,8.197,,,,,,,,,,,,,,,7.094,204.345
2014-07-06,8.508,,,,,,,,,,,,,,,6.604,237.985
2014-07-13,8.834,,,,,,,,,,,,,,,4.420,208.145
2014-07-20,8.873,,,,,,,,,,,,,,,4.164,179.380
2014-07-27,9.360,,,,,,,,,,,,,,,7.449,110.953
2014-08-03,9.193,,,,,,,,,,,,,,,6.562,182.240
2014-08-10,9.366,,,,,,,,,,,,,,,8.332,162.042
2014-08-17,9.847,,,,,,,,,,,,,,,5.324,195.134
2014-08-24,10.056,,,,,,,,,,,,,,,5.168,170.875
2014-08-31,9.846,,,,,,,,,,,,,,,8.537,108.921
2014-09-07,9.176,,,,,,,,,,,,,,,6.009,86.496
2014-09-14,9.245,,,,,,,,,,,,10.476,87.652,,11.169,119.578
2014-09-21,8.404,8.181,7.540,5.317,4.882,4.618,4.373,4.162,4.010,3.858,3.650,3.727,6.996,96.410,1.644,8.256,104.525
2014-09-28,7.988,7.868,7.831,5.925,4.884,4.641,4.416,4.191,4.026,3.882,3.669,3.726,8.898,102.078,1.517,10.098,95.262
2014-10-05,6.962,7.060,7.037,6.119,5.207,4.955,4.711,4.441,4.156,3.944,3.699,3.718,8.953,93.419,1.078,11.955,94.609
2014-10-12,6.605,6.777,6.767,6.109,5.049,4.796,4.545,4.320,4.131,3.958,3.712,3.759,5.645,48.874,1.220,6.578,57.708
2014-10-19,6.402,6.649,6.647,6.325,5.216,4.699,4.460,4.227,4.027,3.855,3.637,3.686,8.507,36.192,0.670,11.062,46.694
2014-10-26,6.279,6.272,6.268,6.208,5.272,4.846,4.589,4.353,4.116,3.932,3.696,3.739,6.612,57.172,0.611,8.833,49.443
2014-11-02,5.946,5.878,5.878,5.877,5.525,4.984,4.693,4.434,4.178,3.990,3.757,3.749,7.738,37.085,0.567,10.383,42.852
2014-11-09,5.858,5.732,5.733,5.734,5.714,5.011,4.695,4.415,4.150,3.950,3.704,3.709,7.131,27.861,0.413,9.101,22.006
2014-11-16,5.795,5.606,5.607,5.609,5.602,5.187,4.819,4.496,4.134,3.877,3.622,3.635,9.648,14.438,0.279,13.012,10.993
2014-11-23,5.377,5.337,5.338,5.341,5.340,5.228,4.576,4.302,4.079,3.910,3.699,3.693,9.072,17.470,0.236,11.194,16.890
2014-11-30,5.043,5.089,5.091,5.094,5.095,5.013,4.591,4.270,4.040,3.857,3.637,3.677,10.106,16.058,0.230,12.080,13.365
2014-12-07,4.702,4.729,4.730,4.732,4.731,4.726,4.668,4.274,4.056,3.874,3.645,3.682,12.409,11.556,0.134,16.315,10.664
2014-12-14,4.390,4.558,4.560,4.562,4.563,4.564,4.563,4.495,4.182,3.932,3.687,3.681,10.583,13.532,0.075,13.568,9.449
2014-12-21,4.113,4.372,4.373,4.377,4.380,4.384,4.388,4.391,4.245,3.962,3.698,3.680,10.007,12.409,0.055,13.353,8.613
2014-12-28,4.224,4.366,4.368,4.371,4.371,4.373,4.373,4.371,4.208,3.804,3.590,3.609,6.137,9.290,0.035,8.184,5.196
2015-01-04,4.098,4.374,4.375,4.376,4.374,4.366,4.343,4.300,4.257,4.112,3.730,3.726,11.166,8.399,0.027,13.469,7.835
2015-01-11,3.886,4.142,4.143,4.147,4.151,4.155,4.159,4.164,4.163,4.015,3.624,3.590,13.233,15.170,0.008,16.785,11.622
2015-01-18,3.808,3.954,3.956,3.959,3.960,3.962,3.964,3.964,3.968,3.962,3.619,3.598,8.332,12.682,-0.002,10.915,10.710
2015-01-25,3.716,3.905,3.907,3.910,3.913,3.917,3.922,3.929,3.935,3.942,3.746,3.604,11.686,19.522,-0.007,14.514,19.982
2015-02-01,3.800,3.913,3.913,3.915,3.914,3.910,3.903,3.888,3.862,3.852,3.791,3.613,8.582,22.715,-0.013,10.736,22.805
2015-02-08,3.773,4.113,4.112,4.111,4.097,4.068,4.018,3.962,3.911,3.849,3.812,3.653,9.985,17.776,-0.006,13.272,18.230
2015-02-15,3.653,4.347,4.348,4.351,4.353,4.362,4.364,4.396,4.300,4.048,3.866,3.746,9.441,33.268,-0.005,10.966,38.464
2015-02-22,3.393,3.731,3.732,3.733,3.733,3.729,3.714,3.706,3.709,3.716,3.721,3.692,17.839,1.437,-0.009,13.810,48.859
2015-03-01,3.286,3.676,3.677,3.681,3.683,3.687,3.691,3.697,3.704,3.714,3.729,3.687,,,-0.007,10.503,60.612
2015-03-08,3.262,3.706,3.707,3.708,3.707,3.708,3.707,3.702,3.699,3.702,3.702,3.694,,,0.014,15.600,79.709
2015-03-15,3.267,3.796,3.795,3.797,3.797,3.795,3.788,3.770,3.739,3.702,3.669,3.666,,,0.109,13.648,108.619
2015-03-22,3.475,3.753,3.752,3.751,3.748,3.744,3.742,3.732,3.716,3.693,3.657,3.672,,,0.972,9.881,98.531
2015-03-29,3.406,3.723,3.724,3.727,3.725,3.723,3.717,3.708,3.710,3.703,3.685,3.679,,,0.468,13.222,137.417
2015-04-05,3.307,3.793,3.793,3.796,3.796,3.792,3.786,3.781,3.764,3.730,3.714,3.683,,,0.134,9.892,125.078
2015-04-12,3.428,3.716,3.715,3.715,3.713,3.711,3.705,3.696,3.688,3.681,3.669,3.633,,,0.159,12.254,164.736
2015-04-19,3.739,3.729,3.728,3.728,3.725,3.719,3.707,3.678,3.645,3.629,3.604,3.547,,,0.216,9.651,127.319
2015-04-26,3.942,3.717,3.693,3.676,3.665,3.659,3.656,3.649,3.633,3.609,3.580,3.549,,,0.302,6.544,163.410
2015-05-03,3.952,4.145,4.124,4.071,3.939,3.837,3.763,3.717,3.685,3.650,3.641,3.653,,,0.561,5.552,224.792
2015-05-10,4.496,4.174,4.109,4.032,3.920,3.867,3.823,3.800,3.764,3.700,3.654,3.640,,,2.465,4.908,238.766
2015-05-17,4.588,4.381,4.357,4.343,4.239,4.100,3.972,3.863,3.787,3.728,3.661,3.612,,,4.645,8.113,236.336
2015-05-24,4.687,4.100,4.089,4.060,3.979,3.819,3.686,3.633,3.611,3.585,3.532,3.524,,,1.845,11.909,211.478
2015-05-31,4.690,4.563,4.541,4.495,4.405,4.183,3.938,3.820,3.748,3.663,3.592,3.577,,,3.258,8.898,233.987
2015-06-07,5.250,4.798,4.713,4.636,4.518,4.210,3.947,3.789,3.684,3.642,3.577,3.493,,,2.339,7.278,218.906
2015-06-14,5.338,5.093,5.060,4.933,4.547,4.200,4.012,3.899,3.787,3.699,3.634,3.578,,,2.056,9.227,221.903
2015-06-21,5.550,5.416,5.351,5.209,4.606,4.347,4.165,4.017,3.885,3.762,3.678,3.619,,,1.022,7.659,159.455
2015-06-28,5.876,5.610,5.587,5.356,4.526,4.275,4.109,3.986,3.859,3.725,3.649,3.566,,,1.025,11.499,120.427
2015-07-05,6.013,6.018,5.943,5.460,4.597,4.317,4.136,3.982,3.848,3.729,3.664,3.596,,,0.923,9.056,146.943
2015-07-12,6.542,6.220,6.152,5.549,4.583,4.335,4.143,3.994,3.856,3.732,3.657,3.576,,,0.829,7.441,170.556
2015-07-19,7.379,6.643,6.291,5.529,4.419,4.191,4.007,3.858,3.742,3.673,3.642,3.569,,,0.938,5.703,239.935
2015-07-26,8.506,6.797,6.292,5.614,4.522,4.266,4.086,3.931,3.772,3.643,3.605,3.499,,,1.013,3.118,230.131
2015-08-02,9.002,7.179,6.534,5.551,4.553,4.321,4.121,3.950,3.807,3.702,3.650,3.595,,,1.254,5.434,203.361
2015-08-09,9.126,7.714,6.567,5.619,4.561,4.392,4.182,3.987,3.824,3.708,3.649,3.592,,,1.275,5.575,175.677
2015-08-16,8.910,8.003,7.425,5.577,4.630,4.341,4.146,3.946,3.796,3.700,3.648,3.583,4.187,74.436,1.244,6.818,203.453
2015-08-23,8.319,7.730,7.134,5.507,4.660,4.376,4.182,3.970,3.782,3.676,3.627,3.549,6.146,124.245,1.265,6.915,124.516
2015-08-30,8.383,8.331,7.572,5.931,5.032,4.683,4.490,4.249,4.007,3.803,3.681,3.613,7.290,125.563,,8.449,140.258
2015-09-06,7.976,8.477,7.354,5.384,4.714,4.448,4.252,4.042,3.851,3.715,3.646,3.562,6.116,68.394,,7.610,59.790
2015-09-13,8.396,8.316,7.437,5.842,5.282,4.982,4.673,4.388,4.082,3.827,3.682,3.616,4.631,124.390,,5.729,134.288
2015-09-20,8.197,8.382,7.683,5.542,4.925,4.614,4.379,4.125,3.906,3.752,3.662,3.601,7.032,80.408,,8.559,75.986
2015-09-27,7.808,7.979,6.723,5.262,4.866,4.596,4.374,4.113,3.896,3.729,3.648,3.570,6.536,91.747,,7.853,91.277
2015-10-04,7.531,7.712,7.475,5.800,5.037,4.722,4.508,4.277,4.051,3.837,3.677,3.608,7.728,101.538,,9.192,95.909
2015-10-11,6.818,7.080,6.926,5.086,4.493,4.262,4.063,3.878,3.746,3.662,3.592,3.491,6.350,59.473,,7.606,59.940
2015-10-18,6.528,6.812,6.776,5.872,5.004,4.687,4.426,4.198,3.945,3.740,3.627,3.509,8.751,39.499,,10.442,47.245
2015-10-25,6.217,6.763,6.767,6.636,5.592,5.086,4.757,4.435,4.130,3.813,3.659,3.596,7.092,37.473,,8.635,54.662
2015-11-01,6.058,6.370,6.371,6.374,5.152,4.604,4.421,4.157,3.946,3.777,3.672,3.622,8.191,25.338,,10.055,23.112
2015-11-08,5.630,5.951,5.954,5.963,5.271,4.833,4.556,4.302,4.057,3.836,3.621,3.605,9.682,19.913,,11.833,23.447
2015-11-15,5.302,5.609,5.616,5.636,5.337,4.777,4.524,4.242,3.968,3.757,3.662,3.599,7.278,19.183,0.612,9.036,22.851
2015-11-22,5.091,5.343,5.345,5.350,5.354,5.162,4.839,4.579,4.273,3.948,3.734,3.668,10.587,18.154,0.479,13.048,18.417
2015-11-29,4.857,4.935,4.937,4.940,4.947,4.952,4.804,4.537,4.252,3.876,3.678,3.635,10.628,13.284,,13.470,12.516
2015-12-06,4.308,4.532,4.534,4.536,4.540,4.542,4.529,4.410,4.096,3.840,3.622,3.544,11.109,13.481,,12.921,11.804
2015-12-13,4.079,4.518,4.516,4.509,4.495,4.477,4.454,4.380,4.111,3.791,3.628,3.518,7.319,10.024,,8.811,8.930
2015-12-20,4.095,4.255,4.259,4.258,4.251,4.232,4.211,4.194,3.956,3.626,3.564,3.439,7.254,5.560,,9.387,3.376
2015-12-27,3.861,4.291,4.290,4.287,4.283,4.275,4.253,4.181,3.959,3.659,3.540,3.441,7.169,9.573,,10.151,7.256
2016-01-03,3.773,4.063,4.063,4.064,4.065,4.066,4.064,4.046,3.899,3.652,3.502,3.411,8.799,7.608,,10.811,7.980
2016-01-10,3.755,3.889,3.890,3.890,3.890,3.891,3.888,3.872,3.823,3.608,3.460,3.396,9.370,8.864,,12.881,8.821
2016-01-17,3.835,3.792,3.792,3.792,3.792,3.792,3.789,3.779,3.740,3.668,3.516,3.414,7.187,9.222,,9.356,9.269
2016-01-24,3.857,3.879,3.875,3.866,3.859,3.850,3.846,3.826,3.771,3.632,3.455,3.393,7.316,11.118,,9.435,11.101
2016-01-31,3.534,4.031,4.032,4.034,4.036,4.038,4.039,4.026,3.974,3.881,3.662,3.556,13.574,19.743,,13.628,27.023
2016-02-07,3.495,3.885,3.886,3.887,3.889,3.892,3.895,3.897,3.898,3.875,3.695,3.573,,,,10.825,29.278
2016-02-14,3.587,3.740,3.741,3.740,3.737,3.735,3.730,3.723,3.715,3.661,3.549,3.443,,,,11.269,28.954
2016-02-21,3.277,3.814,3.815,3.816,3.814,3.812,3.798,3.770,3.742,3.683,3.591,3.495,,,,14.503,60.840
2016-02-28,3.313,3.637,3.638,3.638,3.636,3.634,3.627,3.621,3.612,3.595,3.575,3.515,,,,11.727,53.923
2016-03-06,3.558,3.629,3.629,3.628,3.626,3.622,3.618,3.611,3.598,3.582,3.582,3.541,,,,11.657,67.202
2016-03-13,3.305,3.578,3.579,3.579,3.580,3.582,3.583,3.584,3.584,3.573,3.564,3.553,,,,13.621,87.742
2016-03-20,3.469,3.704,3.704,3.702,3.695,3.684,3.660,3.629,3.604,3.583,3.562,3.550,,,,11.804,61.546
2016-03-27,3.593,3.768,3.766,3.759,3.746,3.715,3.685,3.652,3.614,3.585,3.557,3.534,,,,9.107,116.855
2016-04-03,3.473,3.579,3.577,3.568,3.557,3.542,3.528,3.511,3.481,3.459,3.467,3.428,,,,10.136,99.937
2016-04-10,3.895,3.860,3.853,3.842,3.832,3.822,3.808,3.755,3.672,3.598,3.540,3.501,,,,11.053,137.246
2016-04-17,4.334,3.968,3.936,3.886,3.837,3.802,3.762,3.713,3.662,3.593,3.529,3.484,7.783,0.000,,6.493,208.493
2016-04-24,4.410,4.016,3.991,3.970,3.917,3.809,3.713,3.646,3.593,3.533,3.463,3.427,6.212,0.000,,7.040,173.917
2016-05-01,4.389,4.329,4.250,4.168,4.022,3.902,3.794,3.723,3.654,3.596,3.534,3.478,9.106,0.000,,8.538,143.718
2016-05-08,4.719,4.586,4.535,4.423,4.201,4.061,3.956,3.829,3.726,3.627,3.550,3.492,6.060,0.000,,6.196,240.108
2016-05-15,4.961,4.837,4.680,4.288,3.990,3.898,3.813,3.711,3.637,3.578,3.500,3.442,6.818,0.000,,7.340,149.803
2016-05-22,5.424,5.101,4.841,4.448,4.210,4.081,3.957,3.853,3.756,3.656,3.550,3.489,5.789,0.000,,5.772,154.217
2016-05-29,5.941,5.434,4.982,4.495,4.232,4.109,3.984,3.865,3.765,3.654,3.556,3.498,,,,6.993,234.318
2016-06-05,5.880,5.577,4.924,4.180,3.914,3.831,3.727,3.655,3.607,3.555,3.484,3.438,,,,6.089,173.865
2016-06-12,5.983,6.021,5.286,4.605,4.422,4.254,4.072,3.929,3.789,3.679,3.586,3.525,8.058,0.000,,9.601,95.436
2016-06-19,6.297,5.930,5.190,4.324,4.016,3.852,3.727,3.635,3.576,3.520,3.463,3.422,6.529,0.000,,7.321,130.601
2016-06-26,7.495,6.014,4.816,4.201,3.992,3.861,3.725,3.636,3.574,3.523,3.453,3.410,5.485,0.000,,6.407,205.003
2016-07-03,8.070,6.037,4.816,4.285,4.075,3.916,3.771,3.644,3.570,3.520,3.437,3.389,5.142,0.000,,5.926,219.386
2016-07-10,8.201,6.452,4.902,4.276,4.113,3.958,3.813,3.678,3.604,3.540,3.461,3.406,6.555,3.393,,7.537,221.432
2016-07-17,8.404,6.446,4.747,4.359,4.130,3.976,3.864,3.732,3.644,3.585,3.513,3.455,5.836,73.564,1.984,6.661,158.788
2016-07-24,8.692,7.624,6.056,4.486,4.183,4.013,3.886,3.767,3.668,3.594,3.524,3.479,3.215,133.026,1.869,3.804,187.564
2016-07-31,9.096,7.626,6.497,4.686,4.197,4.008,3.891,3.734,3.608,3.530,3.443,3.379,5.087,121.991,1.613,5.286,161.698
2016-08-07,10.000,8.351,7.146,5.508,4.965,4.715,4.491,4.248,4.040,3.848,3.664,3.581,5.602,172.983,1.527,5.813,216.698
2016-08-14,9.732,8.651,7.159,5.756,5.229,4.935,4.695,4.425,4.170,3.911,3.683,3.591,5.778,72.168,1.624,7.312,73.995
2016-08-21,9.710,7.078,5.984,4.817,4.433,4.194,3.980,3.779,3.608,3.508,3.427,3.368,5.789,125.361,0.933,6.340,141.455
2016-08-28,10.109,8.034,6.529,5.294,4.705,4.386,4.161,3.934,3.735,3.596,3.498,3.431,5.119,142.843,1.353,5.331,158.196
2016-09-04,10.331,8.352,6.636,5.542,4.991,4.651,4.357,4.051,3.814,3.634,3.533,3.451,5.519,131.207,1.429,6.313,132.114
2016-09-11,9.768,8.494,6.647,5.667,5.189,4.866,4.592,4.343,4.085,3.851,3.665,3.554,7.635,125.233,1.320,9.259,123.116
2016-09-18,9.273,8.842,7.042,5.797,5.186,4.788,4.523,4.249,3.946,3.687,3.543,3.458,6.954,77.397,1.498,8.105,86.837
2016-09-25,8.616,8.889,8.377,5.236,4.645,4.379,4.158,3.957,3.723,3.597,3.491,3.433,7.291,112.199,1.543,8.526,110.618
2016-10-02,8.278,8.479,7.485,5.115,4.681,4.398,4.143,3.914,3.735,3.607,3.514,3.439,7.140,84.865,1.557,8.539,87.135
2016-10-09,7.326,7.500,6.371,4.866,4.502,4.246,4.035,3.847,3.665,3.560,3.464,3.388,7.992,55.443,1.096,9.624,52.379
2016-10-16,7.178,7.396,6.903,5.169,4.782,4.535,4.292,4.062,3.847,3.656,3.542,3.459,6.656,47.418,,8.014,52.499
2016-10-23,6.450,6.485,6.254,5.514,4.895,4.633,4.397,4.146,3.913,3.721,3.597,3.498,,44.114,,11.806,50.982
2016-10-30,5.778,5.512,5.509,5.453,4.554,4.196,4.022,3.819,3.654,3.529,3.431,3.366,,40.925,,10.414,47.265
2016-11-06,5.378,5.873,5.856,5.809,5.556,4.978,4.671,4.410,4.127,3.864,3.642,3.545,,23.927,,8.501,18.388
2016-11-13,5.642,5.385,5.382,5.337,4.978,4.415,4.110,3.906,3.675,3.508,3.403,3.348,,26.653,,12.218,26.868
2016-11-20,5.149,5.032,5.031,5.029,4.995,4.784,4.431,4.157,3.900,3.628,3.470,3.387,,22.326,,10.998,21.658
2016-11-27,4.779,4.605,4.608,4.618,4.643,4.520,4.130,3.942,3.735,3.573,3.450,3.375,,8.704,,8.426,6.386
2016-12-04,4.874,4.776,4.775,4.774,4.771,4.754,4.463,4.121,3.829,3.608,3.477,3.395,,10.601,,9.189,8.274
2016-12-11,4.570,4.875,4.875,4.872,4.855,4.777,4.648,4.250,3.900,3.622,3.470,3.384,,7.110,,8.648,4.750
2016-12-18,4.816,4.754,4.755,4.758,4.762,4.770,4.696,4.276,3.894,3.644,3.508,3.421,,9.640,0.152,11.954,8.226
2016-12-25,4.587,4.303,4.304,4.307,4.310,4.314,4.311,4.154,3.885,3.649,3.518,3.431,,10.163,0.119,14.483,8.786
2017-01-01,4.290,3.817,3.818,3.820,3.822,3.827,3.830,3.834,3.795,3.618,3.502,3.424,,10.451,0.091,11.932,8.516
2017-01-08,4.239,4.160,4.158,4.149,4.133,4.123,4.108,4.065,3.949,3.710,3.520,3.431,,8.370,0.099,11.787,7.399
2017-01-15,4.054,4.272,4.271,4.268,4.259,4.245,4.215,4.173,4.072,3.748,3.547,3.435,,17.450,0.096,13.650,8.489
2017-01-22,4.090,3.834,3.835,3.836,3.837,3.837,3.836,3.824,3.811,3.729,3.538,3.446,,,,10.669,10.854
2017-01-29,3.951,4.380,4.377,4.369,4.354,4.333,4.298,4.195,4.048,3.815,3.616,3.503,,,,10.132,18.419
2017-02-05,3.911,4.018,4.006,3.990,3.970,3.946,3.897,3.830,3.765,3.703,3.524,3.419,,,,9.033,23.950
2017-02-12,4.117,4.494,4.488,4.467,4.410,4.332,4.249,4.111,3.928,3.799,3.626,3.479,,,,10.580,29.785
2017-02-19,4.080,4.149,4.141,4.123,4.087,4.023,3.946,3.856,3.785,3.742,3.579,3.455,,,,8.248,26.539
2017-02-26,4.079,4.356,4.355,4.347,4.320,4.296,4.235,4.079,3.869,3.731,3.593,3.467,,,,11.185,69.351
2017-03-05,3.963,4.049,4.047,4.044,4.037,4.025,3.997,3.933,3.808,3.715,3.596,3.446,,,,11.524,68.303
2017-03-12,3.781,3.952,3.948,3.942,3.933,3.924,3.887,3.813,3.744,3.686,3.584,3.460,,,,8.152,73.927
2017-03-19,3.884,3.784,3.784,3.783,3.783,3.783,3.779,3.763,3.733,3.689,3.629,3.480,,,,10.656,116.496
2017-03-26,3.808,3.631,3.630,3.629,3.626,3.625,3.623,3.620,3.618,3.618,3.549,3.392,,,,12.913,110.441
2017-04-02,3.587,3.666,3.663,3.660,3.659,3.660,3.664,3.666,3.649,3.623,3.519,3.401,,,,9.194,87.219
2017-04-09,3.720,3.600,3.600,3.598,3.596,3.598,3.598,3.597,3.581,3.554,3.440,3.357,,,,10.500,122.688
2017-04-16,3.848,3.662,3.655,3.637,3.610,3.602,3.594,3.586,3.572,3.557,3.496,3.372,,,,8.115,122.070
2017-04-23,4.077,3.626,3.621,3.617,3.612,3.614,3.617,3.612,3.596,3.556,3.475,3.381,,,,11.808,183.256
2017-04-30,3.976,3.767,3.759,3.742,3.712,3.677,3.651,3.620,3.573,3.497,3.428,3.361,,,,10.998,195.345
2017-05-07,4.013,4.175,4.142,4.070,4.007,3.940,3.877,3.786,3.688,3.616,3.519,3.421,,109.268,,8.393,154.157
2017-05-14,4.293,4.244,4.171,4.039,3.851,3.731,3.671,3.612,3.588,3.555,3.470,3.383,,,,10.538,207.393
2017-05-21,4.806,4.377,4.341,4.269,4.217,3.979,3.813,3.727,3.661,3.582,3.477,3.397,,,,7.268,178.290
2017-05-28,4.983,4.792,4.678,4.436,4.318,4.193,4.024,3.851,3.698,3.623,3.531,3.439,,126.011,,7.366,124.582
2017-06-04,5.239,4.814,4.727,4.446,4.229,4.002,3.818,3.701,3.627,3.578,3.471,3.385,,160.043,,10.981,161.625
2017-06-11,5.737,4.976,4.909,4.825,4.595,4.343,4.221,4.049,3.872,3.701,3.576,3.472,,239.422,,4.578,253.422
2017-06-18,6.314,5.362,5.008,4.660,4.403,4.243,4.131,4.045,3.948,3.802,3.572,3.467,,152.043,,9.529,187.462
2017-06-25,6.417,6.192,5.631,4.791,4.386,4.162,4.030,3.871,3.722,3.633,3.536,3.416,,182.962,,6.746,230.541
2017-07-02,7.013,6.703,5.917,4.716,4.292,4.085,3.938,3.809,3.687,3.597,3.492,3.397,,,,7.746,224.969
2017-07-09,6.909,6.815,6.440,4.919,4.477,4.252,4.092,3.913,3.739,3.624,3.529,3.422,,,,7.143,182.146
2017-07-16,7.104,6.371,6.133,5.294,4.737,4.469,4.250,4.020,3.828,3.683,3.533,3.432,,,,7.081,167.042
2017-07-23,7.688,7.104,6.818,5.007,4.355,4.122,3.949,3.808,3.697,3.595,3.475,3.396,,,,6.576,178.250
2017-07-30,7.694,7.705,7.071,5.273,4.548,4.221,4.046,3.875,3.740,3.616,3.497,3.400,,241.401,,6.596,185.467
2017-08-06,8.361,7.447,6.705,5.514,4.834,4.444,4.156,3.897,3.716,3.593,3.471,3.373,,101.921,,4.173,168.247
2017-08-13,8.781,6.471,5.812,5.163,4.719,4.394,4.137,3.916,3.730,3.614,3.499,3.396,,132.777,0.965,4.953,115.406
2017-08-20,9.249,6.027,5.368,4.895,4.490,4.225,4.031,3.855,3.709,3.604,,3.375,,,1.266,3.680,185.269
2017-08-27,9.486,6.410,5.578,5.059,4.601,4.317,4.093,3.893,3.738,3.609,,3.391,,,1.703,6.047,71.428
2017-09-03,9.915,6.718,5.838,5.220,4.775,4.499,4.260,4.039,3.836,3.671,,3.436,,,1.484,6.099,171.120
2017-09-10,9.656,6.531,5.771,5.151,4.620,4.306,4.082,3.876,3.713,3.618,,3.417,,,1.524,7.422,137.933
2017-09-17,8.828,7.149,5.549,5.149,4.786,4.500,4.242,3.996,3.797,3.651,,3.406,,,1.221,10.591,108.868
2017-09-24,8.512,8.074,5.979,5.267,4.782,4.457,4.183,3.944,3.758,3.626,,3.392,,,1.364,7.769,116.881
2017-10-01,8.139,7.914,6.358,4.999,4.605,4.289,4.068,3.874,3.726,3.609,,3.381,,,1.465,6.895,102.284
2017-10-08,7.739,7.733,6.093,4.848,4.545,4.286,4.054,3.863,3.700,3.587,,3.365,,,,8.077,51.781
2017-10-15,7.483,7.051,5.716,5.219,4.916,4.630,4.332,4.079,3.831,3.657,,3.399,,,,8.355,60.911
2017-10-22,7.123,6.725,6.108,5.219,4.793,4.471,4.286,4.018,3.803,3.602,,3.374,,,,9.248,48.728
2017-10-29,6.577,6.499,6.142,5.109,4.554,4.330,4.135,3.922,3.635,3.525,,3.309,,,,9.901,25.834
2017-11-05,6.374,6.325,6.264,5.746,4.939,4.692,4.440,4.166,3.933,3.729,,3.480,,,,10.554,33.130
2017-11-12,5.926,5.585,5.583,5.560,4.774,4.404,4.231,3.966,3.780,3.615,,3.358,,,,11.896,30.890
2017-11-19,5.471,5.159,5.158,5.161,5.142,4.565,4.330,4.031,3.838,3.675,,3.427,,,,12.792,23.536
2017-11-26,5.130,4.843,4.841,4.845,4.847,4.687,4.241,3.995,3.789,3.641,,3.411,,,,11.962,12.554
2017-12-03,4.882,4.787,4.782,4.778,4.761,4.696,4.215,3.891,3.656,3.528,,3.337,,,,9.267,6.382
2017-12-10,4.910,4.655,4.654,4.658,4.663,4.591,4.169,3.906,3.668,3.557,,3.356,,,0.324,8.684,7.211
2017-12-17,4.796,4.517,4.516,4.520,4.523,4.506,4.133,3.866,3.691,3.586,,3.350,,,0.286,12.660,6.666
2017-12-24,4.601,4.473,4.470,4.471,4.468,4.423,4.067,3.827,3.642,3.543,,3.342,,,0.256,10.771,7.260
2017-12-31,4.437,4.271,4.270,4.273,4.273,4.260,4.033,3.797,3.651,3.549,,3.343,,,,11.438,6.530
2018-01-07,4.224,4.137,4.136,4.140,4.143,4.146,4.101,3.876,3.699,3.545,,3.340,,,,10.350,6.595
2018-01-14,4.341,4.117,4.117,4.121,4.125,4.131,4.106,3.851,3.685,3.558,,3.349,,,,14.567,11.098
2018-01-21,4.123,3.939,3.938,3.941,3.942,3.941,3.936,3.894,3.717,3.569,,3.351,,,,14.025,14.144
2018-01-28,4.008,3.759,3.758,3.761,3.764,3.766,3.771,3.776,3.693,3.544,,3.332,,,,12.324,19.268
2018-02-04,4.068,3.697,3.696,3.700,3.705,3.708,3.714,3.721,3.719,3.576,,3.336,,,,12.973,22.570
2018-02-11,3.905,4.110,4.109,4.111,4.107,4.086,4.027,3.835,3.714,3.580,,3.352,,,,16.928,37.744
2018-02-18,3.715,3.573,3.572,3.576,3.579,3.580,3.584,3.585,3.576,3.547,,3.338,,,,12.366,43.630
2018-02-25,3.590,3.459,3.453,3.450,3.442,3.435,3.435,3.438,3.442,3.451,,3.330,,,,13.489,65.170
2018-03-04,3.486,3.636,3.625,3.608,3.578,3.554,3.532,3.498,3.459,3.423,,3.360,,,,7.282,59.820
2018-03-11,3.605,3.474,3.469,3.466,3.456,3.436,3.417,3.400,3.391,3.394,,3.359,,,,8.089,94.649
2018-03-18,3.717,3.596,3.589,3.584,3.572,3.547,3.519,3.487,3.455,3.429,,3.374,,,,8.284,89.969
2018-03-25,3.805,4.095,4.086,4.079,4.060,4.019,3.955,3.854,3.734,3.601,,3.426,,,,7.596,117.550
2018-04-01,3.919,3.793,3.777,3.756,3.720,3.674,3.644,3.598,3.549,3.496,,3.390,,,,8.234,148.556
2018-04-08,4.040,3.945,3.922,3.880,3.820,3.766,3.705,3.640,3.579,3.503,,3.385,,,,8.444,158.977
2018-04-15,3.982,3.836,3.831,3.829,3.818,3.772,3.696,3.645,3.593,3.537,,3.412,,,,9.554,194.160
2018-04-22,3.891,3.813,3.802,3.784,3.754,3.695,3.608,3.545,3.491,3.436,,3.338,,,,9.940,88.006
2018-04-29,4.191,3.929,3.867,3.808,3.748,3.700,3.650,3.601,3.540,3.466,,3.356,,,,6.712,166.317
2018-05-06,4.340,3.928,3.912,3.898,3.855,3.751,3.644,3.583,3.533,3.471,,3.357,,,,11.433,266.727
2018-05-13,4.319,3.836,3.824,3.813,3.791,3.758,3.668,3.564,3.513,3.454,,3.357,,,,8.074,201.153
2018-05-20,4.406,3.921,3.908,3.896,3.854,3.769,3.697,3.621,3.543,3.478,,3.361,,,,10.695,204.106
2018-05-27,4.366,4.265,4.246,4.227,4.170,4.038,3.900,3.776,3.645,3.527,,3.372,,,,11.137,223.906
2018-06-03,4.642,4.503,4.483,4.467,4.434,4.285,4.090,3.907,3.732,3.557,,3.368,,,,8.162,147.287
2018-06-10,4.723,4.728,4.611,4.443,4.356,4.274,4.112,3.803,3.649,3.489,,3.310,5.325,128.517,,7.737,123.450
2018-06-17,5.671,5.066,4.918,4.730,4.586,4.391,4.223,4.051,3.844,3.275,,3.412,4.864,199.547,1.286,5.037,194.740
2018-06-24,6.240,4.890,4.625,4.395,4.228,4.079,3.902,3.717,3.557,3.025,,3.306,6.728,148.356,1.443,7.658,184.423
2018-07-01,6.252,6.233,6.000,5.315,5.000,4.752,4.483,4.236,3.960,3.290,,3.457,7.189,158.308,3.448,8.361,179.387
2018-07-08,6.408,5.890,5.422,4.869,4.607,4.397,4.231,4.033,3.804,3.187,,3.386,6.803,146.237,1.771,8.023,148.287
2018-07-15,6.636,6.373,5.840,5.002,4.550,4.328,4.142,3.919,3.720,3.130,,3.337,6.465,202.775,0.610,7.586,214.572
2018-07-22,7.498,6.313,5.800,4.910,4.521,4.292,4.104,3.836,3.656,3.104,,3.323,5.469,181.856,1.190,6.121,204.182
2018-07-29,7.634,6.963,6.437,5.022,4.605,4.380,4.204,4.024,3.829,3.221,,3.418,6.376,181.985,0.939,7.137,218.407
2018-08-05,7.817,7.468,6.308,5.043,4.638,4.391,4.174,4.000,3.823,3.230,,3.414,5.244,168.479,1.078,6.245,182.662
2018-08-12,8.125,7.543,6.666,4.647,4.359,4.181,4.004,3.839,3.670,3.122,,3.346,4.628,162.501,1.146,5.388,147.138
2018-08-19,8.535,7.310,6.435,4.692,4.281,4.123,3.917,3.758,3.615,3.093,,3.330,6.452,134.551,1.257,7.792,131.778
2018-08-26,8.666,7.084,6.090,5.349,5.012,4.726,4.449,4.190,3.933,3.263,,3.418,5.773,132.595,1.555,7.051,136.889
2018-09-02,8.173,7.719,6.869,5.582,5.028,4.758,4.471,4.234,3.989,3.322,,3.439,8.108,124.434,1.312,10.819,144.230
2018-09-09,7.626,7.316,7.022,5.086,4.401,4.166,3.983,3.830,3.652,3.082,,3.317,5.185,101.483,1.218,6.268,117.773
2018-09-16,7.749,7.387,6.538,5.317,4.808,4.518,4.269,4.033,3.808,3.210,,3.382,4.326,128.131,1.304,5.340,130.438
2018-09-23,7.468,7.262,6.443,4.976,4.451,4.244,4.035,3.816,3.643,3.097,,3.323,5.933,85.026,,7.396,102.955
2018-09-30,7.061,6.890,6.771,5.419,4.627,4.352,4.132,3.947,3.759,3.176,,3.358,8.288,80.120,,10.653,88.066
2018-10-07,6.747,6.604,6.597,6.341,4.831,4.420,4.162,3.910,3.735,3.153,,3.353,7.474,90.466,,9.473,88.406
2018-10-14,6.309,6.318,6.317,6.288,5.100,4.689,4.423,4.148,3.846,3.239,,3.394,8.321,80.524,,10.002,75.990
2018-10-21,6.048,5.960,5.959,5.939,4.895,4.506,4.243,4.032,3.776,3.188,,3.368,8.320,56.194,,10.246,52.223
2018-10-28,5.705,5.690,5.679,5.633,5.232,4.490,4.241,3.978,3.757,3.148,,3.350,6.822,34.066,,9.217,35.731
2018-11-04,5.609,5.437,5.436,5.390,4.846,4.426,4.209,3.997,3.787,3.194,,3.349,6.393,47.652,,8.223,42.830
2018-11-11,5.259,5.169,5.169,5.172,5.086,4.574,4.234,4.024,3.828,3.245,,3.438,9.060,28.345,,11.595,21.000
2018-11-18,4.878,5.098,5.098,5.104,5.095,4.633,4.224,3.994,3.809,3.223,,3.395,9.075,17.799,,11.089,13.881
2018-11-25,4.782,4.928,4.929,4.933,4.935,4.774,4.376,4.096,3.857,3.236,,3.399,9.256,14.982,0.356,11.966,13.386
2018-12-02,4.808,4.832,4.833,4.837,4.838,4.670,4.238,4.017,3.819,3.219,,3.363,7.373,15.157,0.325,9.348,12.135
2018-12-09,4.565,4.670,4.672,4.680,4.690,4.660,4.273,4.055,3.820,3.201,,3.355,7.377,11.093,0.284,9.105,6.992
2018-12-16,4.433,4.562,4.563,4.567,4.571,4.464,4.183,3.968,3.771,3.155,,3.333,8.781,10.730,0.230,10.770,4.907
2018-12-23,4.521,4.653,4.652,4.652,4.639,4.633,4.573,4.246,3.903,3.222,,3.327,8.462,12.480,,9.941,6.674
2018-12-30,4.266,4.632,4.632,4.637,4.638,4.630,4.625,4.312,4.005,3.303,,3.401,6.845,11.940,,8.188,6.773
2019-01-06,4.341,4.405,4.405,4.410,4.414,4.419,4.410,4.099,3.882,3.230,,3.364,8.021,11.326,,10.507,7.594
2019-01-13,4.069,4.342,4.344,4.352,4.368,4.401,4.421,4.251,3.958,3.292,,3.401,6.973,11.365,,9.301,5.640
2019-01-20,4.076,4.339,4.339,4.341,4.347,4.353,4.441,4.243,3.948,3.273,,3.396,7.841,13.204,,12.176,11.284
2019-01-27,4.243,3.956,3.956,3.962,3.964,3.967,3.977,3.985,3.723,3.155,,3.356,8.848,14.851,,11.409,16.915
2019-02-03,4.047,3.844,3.845,3.850,3.852,3.856,3.864,3.843,3.683,3.106,,3.329,8.465,20.489,,11.142,24.965
2019-02-10,3.799,3.957,3.957,3.960,3.958,3.951,3.949,3.944,3.885,3.255,,3.399,9.077,22.256,,10.977,27.390
2019-02-17,3.835,3.801,3.804,3.810,3.812,3.815,3.821,3.842,3.720,3.135,,3.345,5.982,39.251,,7.131,44.567
2019-02-24,3.830,3.860,3.859,3.859,3.855,3.849,3.850,3.858,3.954,3.306,,3.434,9.660,40.162,,12.163,41.065
2019-03-03,3.742,3.603,3.602,3.605,3.606,3.609,3.615,3.653,3.701,3.091,,3.315,7.758,63.462,,9.826,57.593
2019-03-10,3.545,3.797,3.796,3.795,3.787,3.782,3.784,3.810,3.886,3.248,,3.381,8.224,57.339,,10.386,68.609
2019-03-17,3.606,3.738,3.738,3.742,3.744,3.746,3.750,3.782,3.956,3.321,,3.437,7.358,72.971,,8.859,81.156
2019-03-24,3.726,3.656,3.656,3.660,3.661,3.662,3.668,3.675,3.859,3.229,,3.371,11.202,92.040,,13.742,111.835
2019-03-31,3.631,3.673,3.670,3.670,3.667,3.666,3.668,3.668,3.717,3.147,,3.337,11.359,95.784,,13.944,124.716
2019-04-07,3.686,3.766,3.762,3.758,3.751,3.744,3.739,3.742,3.763,3.216,,3.369,7.696,106.793,,9.930,108.740
2019-04-14,3.560,3.628,3.620,3.612,3.589,3.546,3.535,3.555,3.670,3.168,,3.358,8.641,91.376,,11.124,96.341
2019-04-21,3.736,3.694,3.676,3.649,3.602,3.529,3.511,3.554,3.653,3.183,,3.398,6.377,155.628,,7.483,165.199
2019-04-28,3.855,3.799,3.787,3.766,3.708,3.580,3.536,3.604,3.653,3.160,,3.354,6.256,146.514,,7.301,179.987
2019-05-05,3.837,3.972,3.951,3.884,3.690,3.600,3.593,3.590,3.592,3.163,,3.337,7.469,117.854,,9.862,98.616
2019-05-12,4.374,4.407,4.328,4.052,3.800,3.731,3.704,3.655,3.733,3.207,,3.347,8.217,182.707,,9.784,200.809
2019-05-19,4.415,4.325,4.300,4.250,3.987,3.804,3.728,3.678,3.669,3.198,,3.342,6.420,164.420,,7.362,124.377
2019-05-26,4.902,4.706,4.655,4.379,3.809,3.684,3.640,3.628,3.650,3.151,,3.324,8.165,114.770,,10.341,100.421
2019-06-02,5.492,5.071,4.806,4.191,3.974,3.900,3.860,3.753,3.696,3.149,,3.328,7.036,234.443,,8.442,225.198
2019-06-09,6.308,5.383,5.253,4.520,4.180,3.990,3.879,3.759,3.702,3.205,,3.356,5.521,170.988,,6.388,216.423
2019-06-16,6.429,5.312,5.101,4.554,4.104,3.881,3.794,3.723,3.656,3.202,,3.376,4.842,179.041,,5.846,207.655
2019-06-23,7.355,5.393,5.120,4.579,4.114,3.869,3.762,3.698,3.636,3.188,,3.374,2.914,123.832,,3.110,207.163
2019-06-30,8.073,5.753,5.375,4.683,4.243,4.100,3.922,3.796,3.761,3.258,,3.390,,,,7.416,163.533
2019-07-07,8.333,5.530,5.152,4.469,3.967,3.803,3.732,3.634,3.535,3.066,,3.333,7.060,205.935,,7.260,178.436
2019-07-14,8.309,6.587,5.688,4.658,4.021,3.851,3.797,3.685,3.647,3.198,,3.344,6.775,133.506,,7.672,139.951
2019-07-21,8.839,6.629,5.470,4.596,4.033,3.872,3.784,3.661,3.594,3.124,,3.330,4.718,158.049,,4.963,193.600
2019-07-28,9.719,6.434,5.430,4.627,4.204,3.986,3.904,3.819,3.683,3.196,,3.347,4.053,156.105,,4.057,171.252
2019-08-04,9.721,6.424,5.670,5.162,4.825,4.515,4.192,3.878,3.712,3.186,,3.413,7.385,135.790,,8.719,144.190
2019-08-11,10.575,6.878,5.336,4.599,4.213,4.028,3.933,3.791,3.676,3.189,,3.354,2.572,104.038,,3.009,163.202
2019-08-18,10.625,,,,,,,,,,,,,,,8.999,177.274
2019-08-25,10.239,,,,,,,,,,,,,,,8.646,147.758
2019-09-01,10.255,,,,,,,,,,,,,,,5.377,171.842
2019-09-08,10.081,,,,,,,,,,,,,,,9.627,113.637
2019-09-15,9.524,,,,,,,,,,,,,,,9.748,123.307
2019-09-22,8.660,,,,,,,,,,,,,,,12.061,48.297
2019-09-29,8.044,,,,,,,,,,,,,,,8.083,53.121
2019-10-06,7.905,,,,,,,,,,,,,,,9.098,43.561
2019-10-13,7.954,,,,,,,,,,,,,,,8.157,63.868
2019-10-20,7.084,,,,,,,,,,,,,,,10.632,42.066
2019-10-27,6.865,,,,,,,,,,,,,,,7.649,48.906
2019-11-03,6.422,,,,,,,,,,,,,,,8.552,20.891
2019-11-10,6.190,,,,,,,,,,,,,,,10.876,21.610
2019-11-17,5.633,,,,,,,,,,,,,,,14.534,19.389
2019-11-24,5.328,,,,,,,,,,,,,,,7.244,16.088
2019-12-01,5.260,,,,,,,,,,,,,,,8.539,9.268
2019-12-08,4.991,,,,,,,,,,,,,,,10.628,7.107
2019-12-15,4.663,,,,,,,,,,,,,,,10.546,7.140
2019-12-22,4.596,,,,,,,,,,,,,,,12.263,7.816
2019-12-29,4.336,,,,,,,,,,,,,,,9.218,5.891
2020-01-05,4.387,,,,,,,,,,,,,,,8.943,6.439