date,Coastal Endurance,Coastal Pioneer,Global Irminger Sea,Global Station Papa
2015-09-01 00:00:00,2.0075,0.0605,1.1374,1.7061
2015-09-01 01:00:00,2.1097,0.0726,NaN,NaN
2015-09-01 02:00:00,1.9491,0.0484,NaN,NaN
2015-09-01 03:00:00,1.7812,0.0726,NaN,NaN
2015-09-01 04:00:00,1.898,0.0968,1.3552,1.694
2015-09-01 05:00:00,1.9637,0.0726,NaN,NaN
2015-09-01 06:00:00,2.0002,0.0968,NaN,NaN
2015-09-01 07:00:00,2.2411,0.0363,NaN,NaN
2015-09-01 08:00:00,1.9491,0.0484,0.8954,1.7666
2015-09-01 09:00:00,1.9345,0.0847,NaN,NaN
2015-09-01 10:00:00,2.0002,0.0847,NaN,NaN
2015-09-01 11:00:00,1.9345,0.0484,NaN,NaN
2015-09-01 12:00:00,1.9345,-0.0968,0.6655,1.7787
2015-09-01 13:00:00,1.9126,0,NaN,NaN
2015-09-01 14:00:00,1.8761,0.5082,NaN,NaN
2015-09-01 15:00:00,2.1754,0.0121,NaN,NaN
2015-09-01 16:00:00,2.1827,-0.4477,0.9559,1.2947
2015-09-01 17:00:00,2.1389,0.0847,NaN,NaN
2015-09-01 18:00:00,2.1754,0.0847,NaN,NaN
2015-09-01 19:00:00,2.0586,0.3509,NaN,NaN
2015-09-01 20:00:00,2.1973,0.0484,0.726,1.331
2015-09-01 21:00:00,2.2995,0.0605,NaN,NaN
2015-09-01 22:00:00,2.2119,0.0484,NaN,NaN
2015-09-01 23:00:00,2.2484,0.0363,NaN,NaN
2015-09-02 00:00:00,1.9564,0.0968,0.8107,1.3794
2015-09-02 01:00:00,1.8469,0.0484,NaN,NaN
2015-09-02 02:00:00,1.8615,0.0605,NaN,NaN
2015-09-02 03:00:00,1.752,0.0847,NaN,NaN
2015-09-02 04:00:00,1.7885,0.0726,0.9801,1.8513
2015-09-02 05:00:00,1.7155,0.0484,NaN,NaN
2015-09-02 06:00:00,1.6863,0.0605,NaN,NaN
2015-09-02 07:00:00,1.7009,0.0726,NaN,NaN
2015-09-02 08:00:00,1.7739,0.0726,0.9559,1.9118
2015-09-02 09:00:00,1.6571,0.0847,NaN,NaN
2015-09-02 10:00:00,1.8031,0.0968,NaN,NaN
2015-09-02 11:00:00,1.7447,0.121,NaN,NaN
2015-09-02 12:00:00,1.7812,0.1089,0.847,1.7182
2015-09-02 13:00:00,1.7593,0.0363,NaN,NaN
2015-09-02 14:00:00,1.8323,0.1936,NaN,NaN
2015-09-02 15:00:00,1.7228,0.0484,NaN,NaN
2015-09-02 16:00:00,1.533,0.0605,1.2342,1.7908
2015-09-02 17:00:00,1.6133,0.0484,NaN,NaN
2015-09-02 18:00:00,1.5111,0.0363,NaN,NaN
2015-09-02 19:00:00,1.7885,0.1694,NaN,NaN
2015-09-02 20:00:00,1.4892,0.0484,1.3068,1.7182
2015-09-02 21:00:00,1.4892,0.0847,NaN,NaN
2015-09-02 22:00:00,1.4162,0.0484,NaN,NaN
2015-09-02 23:00:00,1.606,0.1089,NaN,NaN
2015-09-03 00:00:00,1.752,0.0847,1.0648,1.5125
2015-09-03 01:00:00,1.7374,0.0968,NaN,NaN
2015-09-03 02:00:00,1.679,0.0605,NaN,NaN
2015-09-03 03:00:00,1.6717,0.0968,NaN,NaN
2015-09-03 04:00:00,1.7082,0.0242,0.7744,1.936
2015-09-03 05:00:00,1.7228,0.0605,NaN,NaN
2015-09-03 06:00:00,1.7593,0.0484,NaN,NaN
2015-09-03 07:00:00,1.6279,0.0726,NaN,NaN
2015-09-03 08:00:00,1.7301,0.0484,0.7502,2.1054
2015-09-03 09:00:00,1.825,0.0484,NaN,NaN
2015-09-03 10:00:00,1.8396,0.0847,NaN,NaN
2015-09-03 11:00:00,1.898,0.0484,NaN,NaN
2015-09-03 12:00:00,1.7593,0.0968,0.7744,1.8634
2015-09-03 13:00:00,1.7009,0.0605,NaN,NaN
2015-09-03 14:00:00,1.6936,0.0605,NaN,NaN
2015-09-03 15:00:00,1.6863,0.0968,NaN,NaN
2015-09-03 16:00:00,1.6279,0.0605,0.9438,1.7182
2015-09-03 17:00:00,1.5841,-0.0242,NaN,NaN
2015-09-03 18:00:00,1.7885,-0.2783,NaN,NaN
2015-09-03 19:00:00,1.7228,0.0847,NaN,NaN
2015-09-03 20:00:00,1.5549,0.0726,1.1495,1.4762
2015-09-03 21:00:00,1.5184,0.0968,NaN,NaN
2015-09-03 22:00:00,1.5476,0.1573,NaN,NaN
2015-09-03 23:00:00,1.6717,0.0605,NaN,NaN
2015-09-04 00:00:00,1.7885,0.0968,1.1253,1.5609
2015-09-04 01:00:00,1.9345,0.363,NaN,NaN
2015-09-04 02:00:00,2.0148,0.0605,NaN,NaN
2015-09-04 03:00:00,1.9272,0.0968,NaN,NaN
2015-09-04 04:00:00,1.8688,0.0484,0.8712,1.8271
2015-09-04 05:00:00,1.8323,0.1089,NaN,NaN
2015-09-04 06:00:00,1.7958,0.0847,NaN,NaN
2015-09-04 07:00:00,1.8177,0.0363,NaN,NaN
2015-09-04 08:00:00,1.8396,0.0484,1.0164,1.6698
2015-09-04 09:00:00,1.7009,0.0847,NaN,NaN
2015-09-04 10:00:00,1.6717,0.0242,NaN,NaN
2015-09-04 11:00:00,1.7739,0.0726,NaN,NaN
2015-09-04 12:00:00,1.8469,0.0121,1.331,1.5851
2015-09-04 13:00:00,1.7958,1.0527,NaN,NaN
2015-09-04 14:00:00,1.7301,0.3388,NaN,NaN
2015-09-04 15:00:00,1.8104,0.0363,NaN,NaN
2015-09-04 16:00:00,1.8031,0.242,1.3189,1.7787
2015-09-04 17:00:00,1.8542,0.1331,NaN,NaN
2015-09-04 18:00:00,2.044,0.0726,NaN,NaN
2015-09-04 19:00:00,1.8615,0.121,NaN,NaN
2015-09-04 20:00:00,1.5257,0.0968,1.1858,1.4036
2015-09-04 21:00:00,1.5841,0.1331,NaN,NaN
2015-09-04 22:00:00,1.5695,0.0968,NaN,NaN
2015-09-04 23:00:00,1.6425,0.121,NaN,NaN
2015-09-05 00:00:00,1.5987,0.0968,1.1495,1.2947
2015-09-05 01:00:00,2.1535,0.1089,NaN,NaN
2015-09-05 02:00:00,1.9199,0.0726,NaN,NaN
2015-09-05 03:00:00,1.9783,0.0726,NaN,NaN
2015-09-05 04:00:00,2.0367,0.0726,1.0527,1.8634
2015-09-05 05:00:00,1.9783,0.0968,NaN,NaN
2015-09-05 06:00:00,2.0075,0.0484,NaN,NaN
2015-09-05 07:00:00,2.6134,0.0605,NaN,NaN
2015-09-05 08:00:00,2.3652,0.0726,0.9922,1.8513
2015-09-05 09:00:00,3.8763,0.0968,NaN,NaN
2015-09-05 10:00:00,4.0442,0.0484,NaN,NaN
2015-09-05 11:00:00,4.0077,0.1089,NaN,NaN
2015-09-05 12:00:00,3.6719,0.0242,1.1132,1.3068
2015-09-05 13:00:00,2.3579,0.0242,NaN,NaN
2015-09-05 14:00:00,2.1389,0.0484,NaN,NaN
2015-09-05 15:00:00,2.2703,0.1089,NaN,NaN
2015-09-05 16:00:00,2.1535,0.9075,1.2342,2.0207
2015-09-05 17:00:00,1.9345,-0.0242,NaN,NaN
2015-09-05 18:00:00,1.5476,0.7865,NaN,NaN
2015-09-05 19:00:00,1.6279,0.3872,NaN,NaN
2015-09-05 20:00:00,1.6206,0.0121,0.9559,1.573
2015-09-05 21:00:00,1.7082,0.0484,NaN,NaN
2015-09-05 22:00:00,2.5039,0.0968,NaN,NaN
2015-09-05 23:00:00,2.2922,0.0484,NaN,NaN
2015-09-06 00:00:00,2.4601,0.0847,0.8712,1.4157
2015-09-06 01:00:00,2.8251,0.0726,NaN,NaN
2015-09-06 02:00:00,2.8032,0.0726,NaN,NaN
2015-09-06 03:00:00,2.3214,0.0605,NaN,NaN
2015-09-06 04:00:00,2.6134,0.0363,0.9196,1.6335
2015-09-06 05:00:00,2.4893,0.0484,NaN,NaN
2015-09-06 06:00:00,1.9053,0.0363,NaN,NaN
2015-09-06 07:00:00,2.1827,0.0242,NaN,NaN
2015-09-06 08:00:00,2.1243,0.0847,0.8712,1.7908
2015-09-06 09:00:00,2.1316,0.0605,NaN,NaN
2015-09-06 10:00:00,1.8469,0.0363,NaN,NaN
2015-09-06 11:00:00,1.5768,0.0726,NaN,NaN
2015-09-06 12:00:00,1.5038,0.0242,0.7744,1.5004
2015-09-06 13:00:00,1.3432,-0.0847,NaN,NaN
2015-09-06 14:00:00,1.314,0.1331,NaN,NaN
2015-09-06 15:00:00,1.3651,0.0121,NaN,NaN
2015-09-06 16:00:00,1.4308,-0.2057,0.847,1.2342
2015-09-06 17:00:00,1.387,-0.4477,NaN,NaN
2015-09-06 18:00:00,1.314,-0.0121,NaN,NaN
2015-09-06 19:00:00,1.3432,-0.6292,NaN,NaN
2015-09-06 20:00:00,1.387,-0.2662,0.9317,1.5488
2015-09-06 21:00:00,1.5038,0.0242,NaN,NaN
2015-09-06 22:00:00,1.6279,0.0484,NaN,NaN
2015-09-06 23:00:00,1.6425,0.1089,NaN,NaN
2015-09-07 00:00:00,1.6936,0.0605,0.8954,1.4883
2015-09-07 01:00:00,1.7812,0.0847,NaN,NaN
2015-09-07 02:00:00,1.606,0.0484,NaN,NaN
2015-09-07 03:00:00,1.4162,0.0363,NaN,NaN
2015-09-07 04:00:00,1.4308,0.0484,0.8591,1.5972
2015-09-07 05:00:00,1.3213,0.0484,NaN,NaN
2015-09-07 06:00:00,1.2556,0.0605,NaN,NaN
2015-09-07 07:00:00,1.3067,0.0726,NaN,NaN
2015-09-07 08:00:00,1.3067,0.0726,0.8107,1.3915
2015-09-07 09:00:00,1.4673,0.0484,NaN,NaN
2015-09-07 10:00:00,1.6863,0.0484,NaN,NaN
2015-09-07 11:00:00,1.7009,0.0726,NaN,NaN
2015-09-07 12:00:00,1.7666,0.0847,0.9196,NaN
2015-09-07 13:00:00,1.6717,0.1573,NaN,NaN
2015-09-07 14:00:00,1.9272,0.0242,NaN,NaN
2015-09-07 15:00:00,1.6863,0.0968,NaN,NaN
2015-09-07 16:00:00,1.5914,0.1089,0.8954,1.2947
2015-09-07 17:00:00,1.4819,0.0363,NaN,NaN
2015-09-07 18:00:00,1.3213,-0.0242,NaN,NaN
2015-09-07 19:00:00,1.2921,0.484,NaN,NaN
2015-09-07 20:00:00,1.2775,0.0121,1.0769,NaN
2015-09-07 21:00:00,1.3286,0.0484,NaN,NaN
2015-09-07 22:00:00,1.3505,0.0363,NaN,NaN
2015-09-07 23:00:00,1.314,0.0242,NaN,NaN
2015-09-08 00:00:00,1.4162,0.0363,1.089,1.6093
2015-09-08 01:00:00,1.4162,0.0363,NaN,NaN
2015-09-08 02:00:00,1.4235,0.0484,NaN,NaN
2015-09-08 03:00:00,1.4381,0.0484,NaN,NaN
2015-09-08 04:00:00,1.4527,0.0484,1.4036,1.5125
2015-09-08 05:00:00,1.4454,0.0847,NaN,NaN
2015-09-08 06:00:00,1.3651,0.0242,NaN,NaN
2015-09-08 07:00:00,1.4162,0.0484,NaN,NaN
2015-09-08 08:00:00,1.5038,0.0605,1.3552,1.1858
2015-09-08 09:00:00,1.4819,0.0363,NaN,NaN
2015-09-08 10:00:00,1.4746,0.0484,NaN,NaN
2015-09-08 11:00:00,1.4965,0.0484,NaN,NaN
2015-09-08 12:00:00,1.3578,-0.0242,1.4036,1.2463
2015-09-08 13:00:00,1.3651,0.0968,NaN,NaN
2015-09-08 14:00:00,1.3432,0.121,NaN,NaN
2015-09-08 15:00:00,1.387,0.0121,NaN,NaN
2015-09-08 16:00:00,1.3724,-0.0242,1.4157,1.2947
2015-09-08 17:00:00,1.3943,-0.0242,NaN,NaN
2015-09-08 18:00:00,1.4527,0.2057,NaN,NaN
2015-09-08 19:00:00,1.3578,0.0121,NaN,NaN
2015-09-08 20:00:00,1.5476,0.0363,1.4762,1.1616
2015-09-08 21:00:00,1.9053,-0.2299,NaN,NaN
2015-09-08 22:00:00,2.0221,0.0605,NaN,NaN
2015-09-08 23:00:00,3.5624,0.0363,NaN,NaN
2015-09-09 00:00:00,2.2922,0.0242,1.5246,1.3915
2015-09-09 01:00:00,2.3944,0.0363,NaN,NaN
2015-09-09 02:00:00,1.6425,0.0363,NaN,NaN
2015-09-09 03:00:00,1.3651,0.0242,NaN,NaN
2015-09-09 04:00:00,1.3505,0.0363,1.3794,1.0648
2015-09-09 05:00:00,1.4162,0.0605,NaN,NaN
2015-09-09 06:00:00,1.3359,0.0484,NaN,NaN
2015-09-09 07:00:00,1.4089,0.0363,NaN,NaN
2015-09-09 08:00:00,1.4527,0.0484,1.4399,1.1979
2015-09-09 09:00:00,1.4381,0.0726,NaN,NaN
2015-09-09 10:00:00,1.4527,0.0484,NaN,NaN
2015-09-09 11:00:00,1.5841,0.0363,NaN,NaN
2015-09-09 12:00:00,2.4747,0.0968,1.5004,1.2584
2015-09-09 13:00:00,2.9346,0.0242,NaN,NaN
2015-09-09 14:00:00,2.6134,0,NaN,NaN
2015-09-09 15:00:00,2.3433,0.0242,NaN,NaN
2015-09-09 16:00:00,2.1462,-0.3146,1.6214,1.1616
2015-09-09 17:00:00,1.6863,0.0605,NaN,NaN
2015-09-09 18:00:00,1.5403,0.0242,NaN,NaN
2015-09-09 19:00:00,1.4965,0.2178,NaN,NaN
2015-09-09 20:00:00,1.4746,0.0726,1.6698,1.089
2015-09-09 21:00:00,1.5257,0.1694,NaN,NaN
2015-09-09 22:00:00,1.5111,0.1089,NaN,NaN
2015-09-09 23:00:00,1.46,0.0968,NaN,NaN
2015-09-10 00:00:00,1.6863,0.0242,1.8392,1.3189
2015-09-10 01:00:00,1.7301,0.0605,NaN,NaN
2015-09-10 02:00:00,1.7228,0.0726,NaN,NaN
2015-09-10 03:00:00,1.7374,0.0726,NaN,NaN
2015-09-10 04:00:00,1.8396,0.0605,1.7303,1.1858
2015-09-10 05:00:00,1.7666,0.0726,NaN,NaN
2015-09-10 06:00:00,1.7885,0.0847,NaN,NaN
2015-09-10 07:00:00,1.7301,0.0726,NaN,NaN
2015-09-10 08:00:00,1.9783,0.121,1.4399,1.1737
2015-09-10 09:00:00,1.7228,0.0363,NaN,NaN
2015-09-10 10:00:00,1.7301,0.0484,NaN,NaN
2015-09-10 11:00:00,1.5768,0.0605,NaN,NaN
2015-09-10 12:00:00,1.679,0.0726,1.7303,1.1132
2015-09-10 13:00:00,1.7082,-0.0242,NaN,NaN
2015-09-10 14:00:00,1.679,0.1089,NaN,NaN
2015-09-10 15:00:00,1.7666,0.0121,NaN,NaN
2015-09-10 16:00:00,1.7447,-0.2178,1.9602,0.9922
2015-09-10 17:00:00,1.7447,0.0121,NaN,NaN
2015-09-10 18:00:00,1.7228,0.6655,NaN,NaN
2015-09-10 19:00:00,1.6863,-0.0968,NaN,NaN
2015-09-10 20:00:00,1.6644,0.242,1.9723,1.1616
2015-09-10 21:00:00,1.7301,0.0363,NaN,NaN
2015-09-10 22:00:00,1.8031,0.0484,NaN,NaN
2015-09-10 23:00:00,2.0513,0.0363,NaN,NaN
2015-09-11 00:00:00,2.4163,0.0605,1.8029,1.5609
2015-09-11 01:00:00,2.0878,0.0242,NaN,NaN
2015-09-11 02:00:00,1.9345,0.0605,NaN,NaN
2015-09-11 03:00:00,1.8323,0.0242,NaN,NaN
2015-09-11 04:00:00,1.9783,0.0605,1.9481,1.0043
2015-09-11 05:00:00,1.9126,0.0484,NaN,NaN
2015-09-11 06:00:00,1.8761,0.0726,NaN,NaN
2015-09-11 07:00:00,1.8688,0.0726,NaN,NaN
2015-09-11 08:00:00,1.8761,0.0726,1.8876,1.2342
2015-09-11 09:00:00,1.8396,0.0847,NaN,NaN
2015-09-11 10:00:00,1.8469,0.0363,NaN,NaN
2015-09-11 11:00:00,1.8104,0.0484,NaN,NaN
2015-09-11 12:00:00,1.7812,0.0605,1.6335,0.7623
2015-09-11 13:00:00,1.8834,0.0605,NaN,NaN
2015-09-11 14:00:00,1.9491,0.1089,NaN,NaN
2015-09-11 15:00:00,1.8688,0.0968,NaN,NaN
2015-09-11 16:00:00,1.8542,0.0847,1.9965,1.0164
2015-09-11 17:00:00,1.7009,0.0363,NaN,NaN
2015-09-11 18:00:00,1.4673,0.0605,NaN,NaN
2015-09-11 19:00:00,1.314,0.0726,NaN,NaN
2015-09-11 20:00:00,1.3213,0.0968,1.4157,1.3068
2015-09-11 21:00:00,1.46,0.1452,NaN,NaN
2015-09-11 22:00:00,1.4016,0.1089,NaN,NaN
2015-09-11 23:00:00,1.5257,0.0968,NaN,NaN
2015-09-12 00:00:00,1.3432,0.121,1.1011,1.1132
2015-09-12 01:00:00,1.4454,0.0847,NaN,NaN
2015-09-12 02:00:00,1.4089,0.0847,NaN,NaN
2015-09-12 03:00:00,1.4673,0.0968,NaN,NaN
2015-09-12 04:00:00,1.4527,0.1089,1.4036,NaN
2015-09-12 05:00:00,1.4819,0.0847,NaN,NaN
2015-09-12 06:00:00,1.4089,0.0968,NaN,NaN
2015-09-12 07:00:00,1.4308,0.121,NaN,NaN
2015-09-12 08:00:00,1.5111,0.0605,0.6655,1.6093
2015-09-12 09:00:00,1.533,0.0847,NaN,NaN
2015-09-12 10:00:00,1.5841,0.0605,NaN,NaN
2015-09-12 11:00:00,1.6936,0.0968,NaN,NaN
2015-09-12 12:00:00,1.9126,0.0847,1.0648,1.6577
2015-09-12 13:00:00,1.8104,0.1694,NaN,NaN
2015-09-12 14:00:00,1.6863,0.0242,NaN,NaN
2015-09-12 15:00:00,1.7009,0.0847,NaN,NaN
2015-09-12 16:00:00,1.7885,-0.0242,0.9922,1.4883
2015-09-12 17:00:00,1.8615,0.3267,NaN,NaN
2015-09-12 18:00:00,2.0586,0.7018,NaN,NaN
2015-09-12 19:00:00,1.6352,0.0726,NaN,NaN
2015-09-12 20:00:00,1.5987,0.1573,0.9075,1.5972
2015-09-12 21:00:00,1.7082,0.1452,NaN,NaN
2015-09-12 22:00:00,1.7447,0.0726,NaN,NaN
2015-09-12 23:00:00,1.7593,0.0847,NaN,NaN
2015-09-13 00:00:00,2.1462,0.0726,0.9438,1.5972
2015-09-13 01:00:00,2.0951,0.0726,NaN,NaN
2015-09-13 02:00:00,1.6863,0.0484,NaN,NaN
2015-09-13 03:00:00,1.6279,0.0726,NaN,NaN
2015-09-13 04:00:00,1.7739,0.0484,0.9801,1.5246
2015-09-13 05:00:00,1.7082,0.0605,NaN,NaN
2015-09-13 06:00:00,1.6498,0.0726,NaN,NaN
2015-09-13 07:00:00,1.679,0.121,NaN,NaN
2015-09-13 08:00:00,1.5403,0.0605,0.9075,1.6456
2015-09-13 09:00:00,1.4892,0.0847,NaN,NaN
2015-09-13 10:00:00,1.4381,0.0484,NaN,NaN
2015-09-13 11:00:00,1.4381,0.0484,NaN,NaN
2015-09-13 12:00:00,1.6352,0.0847,1.2584,1.6577
2015-09-13 13:00:00,1.6863,0.0847,NaN,NaN
2015-09-13 14:00:00,1.6425,0.0968,NaN,NaN
2015-09-13 15:00:00,1.6863,0.121,NaN,NaN
2015-09-13 16:00:00,1.6425,0.0605,1.1979,1.5367
2015-09-13 17:00:00,1.5695,0.0726,NaN,NaN
2015-09-13 18:00:00,1.5987,0.0484,NaN,NaN
2015-09-13 19:00:00,1.6425,0.0968,NaN,NaN
2015-09-13 20:00:00,1.606,0.0968,1.5367,1.2584
2015-09-13 21:00:00,1.5768,0.1331,NaN,NaN
2015-09-13 22:00:00,1.7447,0.1331,NaN,NaN
2015-09-13 23:00:00,1.8323,0.121,NaN,NaN
2015-09-14 00:00:00,1.7739,0.0847,1.331,1.5972
2015-09-14 01:00:00,1.7885,0.1331,NaN,NaN
2015-09-14 02:00:00,1.7447,0.121,NaN,NaN
2015-09-14 03:00:00,1.6717,0.0968,NaN,NaN
2015-09-14 04:00:00,1.6644,0.1089,1.4883,1.8513
2015-09-14 05:00:00,1.679,0.0847,NaN,NaN
2015-09-14 06:00:00,1.8177,0.5687,NaN,NaN
2015-09-14 07:00:00,1.7155,0.0605,NaN,NaN
2015-09-14 08:00:00,1.7958,0.0605,1.3068,1.7424
2015-09-14 09:00:00,1.8615,0.0968,NaN,NaN
2015-09-14 10:00:00,1.9272,0.1089,NaN,NaN
2015-09-14 11:00:00,1.8323,0.0726,NaN,NaN
2015-09-14 12:00:00,1.7885,0.1089,1.5609,1.1132
2015-09-14 13:00:00,1.8031,0.0726,NaN,NaN
2015-09-14 14:00:00,1.7666,0.0605,NaN,NaN
2015-09-14 15:00:00,1.825,0.0847,NaN,NaN
2015-09-14 16:00:00,1.7228,0.1331,1.7061,1.1616
2015-09-14 17:00:00,1.6644,0.0726,NaN,NaN
2015-09-14 18:00:00,1.6279,0.0968,NaN,NaN
2015-09-14 19:00:00,1.6206,0.0847,NaN,NaN
2015-09-14 20:00:00,1.4162,0.0968,1.6214,1.4278
2015-09-14 21:00:00,1.5257,0.0847,NaN,NaN
2015-09-14 22:00:00,1.5111,0.121,NaN,NaN
2015-09-14 23:00:00,1.8177,0.3388,NaN,NaN
2015-09-15 00:00:00,1.8104,0.0968,1.8392,1.4762
2015-09-15 01:00:00,1.9126,0.0726,NaN,NaN
2015-09-15 02:00:00,2.0878,0.0847,NaN,NaN
2015-09-15 03:00:00,1.8907,0.0847,NaN,NaN
2015-09-15 04:00:00,1.8907,0.0847,1.5246,1.5246
2015-09-15 05:00:00,1.9199,0.0847,NaN,NaN
2015-09-15 06:00:00,1.971,0.121,NaN,NaN
2015-09-15 07:00:00,1.8615,0.0726,NaN,NaN
2015-09-15 08:00:00,1.8907,0.0847,1.452,1.1495
2015-09-15 09:00:00,1.9783,0.1089,NaN,NaN
2015-09-15 10:00:00,1.9418,0.0847,NaN,NaN
2015-09-15 11:00:00,1.8615,0.0847,NaN,NaN
2015-09-15 12:00:00,1.8761,-0.2783,1.3068,1.5367
2015-09-15 13:00:00,1.825,0.121,NaN,NaN
2015-09-15 14:00:00,1.8834,-0.0242,NaN,NaN
2015-09-15 15:00:00,1.8469,-0.0605,NaN,NaN
2015-09-15 16:00:00,1.6279,0.1936,1.3068,1.331
2015-09-15 17:00:00,1.8031,-0.1694,NaN,NaN
2015-09-15 18:00:00,1.5695,0.0242,NaN,NaN
2015-09-15 19:00:00,1.8104,-0.0121,NaN,NaN
2015-09-15 20:00:00,1.5257,-0.3872,1.3915,1.2463
2015-09-15 21:00:00,1.7082,-0.0242,NaN,NaN
2015-09-15 22:00:00,1.7666,0.0968,NaN,NaN
2015-09-15 23:00:00,1.8542,0.0484,NaN,NaN
2015-09-16 00:00:00,1.9564,0.0363,1.4036,1.3431
2015-09-16 01:00:00,1.9345,0.0605,NaN,NaN
2015-09-16 02:00:00,1.9929,0.0363,NaN,NaN
2015-09-16 03:00:00,1.8761,0.0605,NaN,NaN
2015-09-16 04:00:00,1.8615,0.0726,1.3794,1.4278
2015-09-16 05:00:00,1.8469,0.0726,NaN,NaN
2015-09-16 06:00:00,1.8907,0.0242,NaN,NaN
2015-09-16 07:00:00,1.9564,0.0726,NaN,NaN
2015-09-16 08:00:00,1.9856,0.0605,1.2826,1.9481
2015-09-16 09:00:00,1.9491,0.0363,NaN,NaN
2015-09-16 10:00:00,1.971,0.0363,NaN,NaN
2015-09-16 11:00:00,2.0002,0.0726,NaN,NaN
2015-09-16 12:00:00,2.0294,0.1331,1.2584,1.9239
2015-09-16 13:00:00,2.0002,0.7744,NaN,NaN
2015-09-16 14:00:00,2.0878,0.4719,NaN,NaN
2015-09-16 15:00:00,2.0951,-0.3388,NaN,NaN
2015-09-16 16:00:00,2.044,0.2178,1.2826,1.5488
2015-09-16 17:00:00,2.1097,-0.1694,NaN,NaN
2015-09-16 18:00:00,1.9272,0.0847,NaN,NaN
2015-09-16 19:00:00,1.9637,0.1331,NaN,NaN
2015-09-16 20:00:00,1.7374,0.0484,1.4157,1.5367
2015-09-16 21:00:00,1.606,0.0363,NaN,NaN
2015-09-16 22:00:00,1.5768,0.0726,NaN,NaN
2015-09-16 23:00:00,1.7082,0.0363,NaN,NaN
2015-09-17 00:00:00,1.7374,0.0484,2.057,1.7182
2015-09-17 01:00:00,1.752,0.0605,NaN,NaN
2015-09-17 02:00:00,1.8323,0.0363,NaN,NaN
2015-09-17 03:00:00,1.8615,0.0605,NaN,NaN
2015-09-17 04:00:00,1.8323,0.0484,1.452,2.1417
2015-09-17 05:00:00,1.8469,0.0242,NaN,NaN
2015-09-17 06:00:00,1.8396,0.0242,NaN,NaN
2015-09-17 07:00:00,1.9126,0.0726,NaN,NaN
2015-09-17 08:00:00,1.7958,0.0605,1.4399,2.3837
2015-09-17 09:00:00,1.8177,0.0242,NaN,NaN
2015-09-17 10:00:00,2.0294,0.0242,NaN,NaN
2015-09-17 11:00:00,2.0075,0.0605,NaN,NaN
2015-09-17 12:00:00,1.8834,0.0726,1.4399,2.0328
2015-09-17 13:00:00,1.9272,0.0726,NaN,NaN
2015-09-17 14:00:00,1.9345,0.1089,NaN,NaN
2015-09-17 15:00:00,1.8834,0.0847,NaN,NaN
2015-09-17 16:00:00,1.8834,0.0242,1.4762,1.694
2015-09-17 17:00:00,1.7082,0.0363,NaN,NaN
2015-09-17 18:00:00,1.5549,0.0484,NaN,NaN
2015-09-17 19:00:00,1.5257,0.0968,NaN,NaN
2015-09-17 20:00:00,1.5768,0.0726,1.5004,1.5851
2015-09-17 21:00:00,1.46,0.1089,NaN,NaN
2015-09-17 22:00:00,1.6936,0.0605,NaN,NaN
2015-09-17 23:00:00,1.7885,0.0484,NaN,NaN
2015-09-18 00:00:00,1.6279,0.0605,1.4641,1.815
2015-09-18 01:00:00,1.5987,0.0847,NaN,NaN
2015-09-18 02:00:00,1.5768,0.0605,NaN,NaN
2015-09-18 03:00:00,1.6133,0.0605,NaN,NaN
2015-09-18 04:00:00,1.5403,0.0847,1.4278,2.0933
2015-09-18 05:00:00,1.5914,0.0968,NaN,NaN
2015-09-18 06:00:00,1.6352,0.0847,NaN,NaN
2015-09-18 07:00:00,1.6863,0.0726,NaN,NaN
2015-09-18 08:00:00,1.6133,0.0968,1.2705,1.8634
2015-09-18 09:00:00,1.5111,0.0847,NaN,NaN
2015-09-18 10:00:00,1.5476,0.0726,NaN,NaN
2015-09-18 11:00:00,1.6936,0.0847,NaN,NaN
2015-09-18 12:00:00,1.6936,0.0726,1.2463,1.3068
2015-09-18 13:00:00,1.6717,0.121,NaN,NaN
2015-09-18 14:00:00,1.6498,0.1089,NaN,NaN
2015-09-18 15:00:00,1.5914,0.0726,NaN,NaN
2015-09-18 16:00:00,1.5695,0.0121,1.3189,1.8392
2015-09-18 17:00:00,1.6352,0.0242,NaN,NaN
2015-09-18 18:00:00,1.679,0.1452,NaN,NaN
2015-09-18 19:00:00,1.7374,0.0484,NaN,NaN
2015-09-18 20:00:00,1.8031,0.0726,1.3189,2.178
2015-09-18 21:00:00,1.5622,-0.1452,NaN,NaN
2015-09-18 22:00:00,1.5841,0.0363,NaN,NaN
2015-09-18 23:00:00,1.6498,0.0726,NaN,NaN
2015-09-19 00:00:00,1.5841,0.0726,1.3794,2.1296
2015-09-19 01:00:00,1.7228,0.0363,NaN,NaN
2015-09-19 02:00:00,1.8542,0.0605,NaN,NaN
2015-09-19 03:00:00,1.9929,0.0242,NaN,NaN
2015-09-19 04:00:00,1.9491,0.363,1.2947,2.2869
2015-09-19 05:00:00,1.9783,0.0605,NaN,NaN
2015-09-19 06:00:00,1.971,0.0363,NaN,NaN
2015-09-19 07:00:00,1.8542,0.0484,NaN,NaN
2015-09-19 08:00:00,1.9783,0.0363,1.2705,2.4926
2015-09-19 09:00:00,1.971,0.1089,NaN,NaN
2015-09-19 10:00:00,1.8834,0.0726,NaN,NaN
2015-09-19 11:00:00,1.8907,0.0605,NaN,NaN
2015-09-19 12:00:00,1.8031,0.0968,1.1495,2.2506
2015-09-19 13:00:00,1.8323,0.1089,NaN,NaN
2015-09-19 14:00:00,1.6498,0.121,NaN,NaN
2015-09-19 15:00:00,1.6352,-0.5324,NaN,NaN
2015-09-19 16:00:00,1.5257,-0.0363,1.2221,2.1296
2015-09-19 17:00:00,1.4673,0.0242,NaN,NaN
2015-09-19 18:00:00,1.4454,0.0484,NaN,NaN
2015-09-19 19:00:00,1.4454,0.0121,NaN,NaN
2015-09-19 20:00:00,1.4673,0.0847,1.2221,2.1538
2015-09-19 21:00:00,1.5184,0.121,NaN,NaN
2015-09-19 22:00:00,1.5695,0.121,NaN,NaN
2015-09-19 23:00:00,1.606,0.0605,NaN,NaN
2015-09-20 00:00:00,1.606,0.0968,1.0648,2.1054
2015-09-20 01:00:00,1.5914,0.0605,NaN,NaN
2015-09-20 02:00:00,1.6425,0.0605,NaN,NaN
2015-09-20 03:00:00,1.6425,0.0484,NaN,NaN
2015-09-20 04:00:00,1.679,0.0726,1.0769,2.3595
2015-09-20 05:00:00,1.7009,0.0605,NaN,NaN
2015-09-20 06:00:00,1.6498,0.0847,NaN,NaN
2015-09-20 07:00:00,1.6717,0.0726,NaN,NaN
2015-09-20 08:00:00,1.5257,0.1452,1.0769,2.8072
2015-09-20 09:00:00,1.4965,0.0847,NaN,NaN
2015-09-20 10:00:00,1.4673,0.0726,NaN,NaN
2015-09-20 11:00:00,1.3943,0.7865,NaN,NaN
2015-09-20 12:00:00,1.4089,0.1331,1.0648,2.1659
2015-09-20 13:00:00,1.4308,0.1089,NaN,NaN
2015-09-20 14:00:00,1.4308,0.0726,NaN,NaN
2015-09-20 15:00:00,1.4527,0.0605,NaN,NaN
2015-09-20 16:00:00,1.4016,0.0605,0.4235,1.9844
2015-09-20 17:00:00,1.4819,0.0605,NaN,NaN
2015-09-20 18:00:00,1.4527,0.121,NaN,NaN
2015-09-20 19:00:00,1.4673,0.0968,NaN,NaN
2015-09-20 20:00:00,1.4892,0.0484,1.2221,2.1659
2015-09-20 21:00:00,1.5184,0.1089,NaN,NaN
2015-09-20 22:00:00,1.5768,0.1089,NaN,NaN
2015-09-20 23:00:00,1.606,0.0484,NaN,NaN
2015-09-21 00:00:00,1.679,0.0968,0.4719,2.4684
2015-09-21 01:00:00,1.5841,0.0726,NaN,NaN
2015-09-21 02:00:00,1.606,0.0847,NaN,NaN
2015-09-21 03:00:00,1.6644,0.0968,NaN,NaN
2015-09-21 04:00:00,1.7155,0.0726,1.1132,2.178
2015-09-21 05:00:00,1.6717,0.1089,NaN,NaN
2015-09-21 06:00:00,1.6425,0.0847,NaN,NaN
2015-09-21 07:00:00,1.6206,0.0847,NaN,NaN
2015-09-21 08:00:00,1.6717,0.0847,1.1495,2.6983
2015-09-21 09:00:00,1.6936,0.1089,NaN,NaN
2015-09-21 10:00:00,1.7155,0.0847,NaN,NaN
2015-09-21 11:00:00,1.6936,0.1452,NaN,NaN
2015-09-21 12:00:00,1.6863,0.1452,1.1495,2.6862
2015-09-21 13:00:00,1.7447,0.7139,NaN,NaN
2015-09-21 14:00:00,1.6863,-0.4114,NaN,NaN
2015-09-21 15:00:00,1.6425,1.0043,NaN,NaN
2015-09-21 16:00:00,1.6206,0.7865,1.2463,2.3232
2015-09-21 17:00:00,1.4454,3.3396,NaN,NaN
2015-09-21 18:00:00,1.3724,0.0847,NaN,NaN
2015-09-21 19:00:00,1.4016,0.1452,NaN,NaN
2015-09-21 20:00:00,1.4089,0.1815,1.3068,2.1175
2015-09-21 21:00:00,1.3432,0.1573,NaN,NaN
2015-09-21 22:00:00,1.3724,0.1452,NaN,NaN
2015-09-21 23:00:00,1.4454,0.0968,NaN,NaN
2015-09-22 00:00:00,1.4527,0.121,1.3673,3.2549
2015-09-22 01:00:00,1.5622,0.0968,NaN,NaN
2015-09-22 02:00:00,1.5914,0.121,NaN,NaN
2015-09-22 03:00:00,1.6352,0.0968,NaN,NaN
2015-09-22 04:00:00,1.7301,0.0968,1.3431,2.1054
2015-09-22 05:00:00,1.6863,0.0968,NaN,NaN
2015-09-22 06:00:00,1.7301,0.0968,NaN,NaN
2015-09-22 07:00:00,1.7447,0.0605,NaN,NaN
2015-09-22 08:00:00,1.7812,0.0726,1.3189,2.4926
2015-09-22 09:00:00,1.6863,0.121,NaN,NaN
2015-09-22 10:00:00,1.7009,0.1089,NaN,NaN
2015-09-22 11:00:00,1.6498,0.121,NaN,NaN
2015-09-22 12:00:00,1.7009,0.1331,1.331,2.1054
2015-09-22 13:00:00,1.679,0.0605,NaN,NaN
2015-09-22 14:00:00,1.6498,0.0726,NaN,NaN
2015-09-22 15:00:00,1.4454,0.1452,NaN,NaN
2015-09-22 16:00:00,1.4892,0.3751,1.4036,1.9602
2015-09-22 17:00:00,1.3505,0.0726,NaN,NaN
2015-09-22 18:00:00,1.3578,1.4883,NaN,NaN
2015-09-22 19:00:00,1.2921,0.0726,NaN,NaN
2015-09-22 20:00:00,1.3578,0.1694,1.3915,1.9239
2015-09-22 21:00:00,1.3286,0.1452,NaN,NaN
2015-09-22 22:00:00,1.3651,0.1331,NaN,NaN
2015-09-22 23:00:00,1.5768,0.1089,NaN,NaN
2015-09-23 00:00:00,1.7082,0.1331,1.4399,1.4762
2015-09-23 01:00:00,1.5768,0.0847,NaN,NaN
2015-09-23 02:00:00,1.6571,0.0726,NaN,NaN
2015-09-23 03:00:00,1.752,0.0968,NaN,NaN
2015-09-23 04:00:00,1.8323,0.0726,1.3068,2.0933
2015-09-23 05:00:00,1.7739,0.0847,NaN,NaN
2015-09-23 06:00:00,1.8323,0.1089,NaN,NaN
2015-09-23 07:00:00,1.7812,0.1089,NaN,NaN
2015-09-23 08:00:00,1.8615,0.1089,0.8833,2.3474
2015-09-23 09:00:00,1.7374,0.0968,NaN,NaN
2015-09-23 10:00:00,1.7447,0.1331,NaN,NaN
2015-09-23 11:00:00,1.7228,0.1573,NaN,NaN
2015-09-23 12:00:00,1.6571,0.0847,1.1253,2.0933
2015-09-23 13:00:00,1.7812,0.4961,NaN,NaN
2015-09-23 14:00:00,NaN,0.6413,NaN,NaN
2015-09-23 15:00:00,NaN,-0.4356,NaN,NaN
2015-09-23 16:00:00,NaN,-0.0242,1.3552,1.6093
2015-09-23 17:00:00,NaN,1.4278,NaN,NaN
2015-09-23 18:00:00,NaN,0.0484,NaN,NaN
2015-09-23 19:00:00,NaN,0.8349,NaN,NaN
2015-09-23 20:00:00,NaN,0.0968,1.4157,1.7787
2015-09-23 21:00:00,NaN,0.0726,NaN,NaN
2015-09-23 22:00:00,NaN,0.0726,NaN,NaN
2015-09-23 23:00:00,NaN,0.0242,NaN,NaN
2015-09-24 00:00:00,NaN,0.1089,1.0527,1.9602
2015-09-24 01:00:00,NaN,0.0726,NaN,NaN
2015-09-24 02:00:00,NaN,0.0605,NaN,NaN
2015-09-24 03:00:00,NaN,0.6776,NaN,NaN
2015-09-24 04:00:00,NaN,-0.0121,1.1253,2.0086
2015-09-24 05:00:00,NaN,0.0363,NaN,NaN
2015-09-24 06:00:00,NaN,0.0484,NaN,NaN
2015-09-24 07:00:00,NaN,0.0242,NaN,NaN
2015-09-24 08:00:00,NaN,0.0363,1.1011,2.2143
2015-09-24 09:00:00,NaN,0.0605,NaN,NaN
2015-09-24 10:00:00,NaN,0.0847,NaN,NaN
2015-09-24 11:00:00,NaN,0.0847,NaN,NaN
2015-09-24 12:00:00,NaN,0.0363,1.0406,1.8876
2015-09-24 13:00:00,NaN,0.1089,NaN,NaN
2015-09-24 14:00:00,NaN,1.0043,NaN,NaN
2015-09-24 15:00:00,NaN,0.5324,NaN,NaN
2015-09-24 16:00:00,NaN,1.3189,1.4883,1.5609
2015-09-24 17:00:00,NaN,0.9196,NaN,NaN
2015-09-24 18:00:00,NaN,0.8591,NaN,NaN
2015-09-24 19:00:00,NaN,0.1089,NaN,NaN
2015-09-24 20:00:00,NaN,0.0605,1.2584,1.7303
2015-09-24 21:00:00,NaN,0.0726,NaN,NaN
2015-09-24 22:00:00,NaN,0.0847,NaN,NaN
2015-09-24 23:00:00,NaN,0.0605,NaN,NaN
2015-09-25 00:00:00,NaN,0.121,0.4356,1.6698
2015-09-25 01:00:00,NaN,0.0726,NaN,NaN
2015-09-25 02:00:00,NaN,0.0968,NaN,NaN
2015-09-25 03:00:00,NaN,0.0363,NaN,NaN
2015-09-25 04:00:00,NaN,0.0605,0.1694,1.8634
2015-09-25 05:00:00,NaN,0.0968,NaN,NaN
2015-09-25 06:00:00,NaN,0.0726,NaN,NaN
2015-09-25 07:00:00,NaN,0.0726,NaN,NaN
2015-09-25 08:00:00,NaN,0.0968,1.2584,2.0449
2015-09-25 09:00:00,NaN,0.0726,NaN,NaN
2015-09-25 10:00:00,NaN,0.0605,NaN,NaN
2015-09-25 11:00:00,NaN,0.0847,NaN,NaN
2015-09-25 12:00:00,NaN,0.1089,1.0164,1.9481
2015-09-25 13:00:00,NaN,0.4719,NaN,NaN
2015-09-25 14:00:00,NaN,1.0164,NaN,NaN
2015-09-25 15:00:00,NaN,2.2022,NaN,NaN
2015-09-25 16:00:00,NaN,-0.0242,0.2662,1.452
2015-09-25 17:00:00,NaN,0.9075,NaN,NaN
2015-09-25 18:00:00,NaN,-0.3388,NaN,NaN
2015-09-25 19:00:00,NaN,0.8228,NaN,NaN
2015-09-25 20:00:00,NaN,0.1331,1.3673,1.5004
2015-09-25 21:00:00,NaN,0.1089,NaN,NaN
2015-09-25 22:00:00,NaN,0.0847,NaN,NaN
2015-09-25 23:00:00,NaN,0.0968,NaN,NaN
2015-09-26 00:00:00,NaN,0.0726,1.2826,1.7424
2015-09-26 01:00:00,NaN,0.121,NaN,NaN
2015-09-26 02:00:00,NaN,0.0726,NaN,NaN
2015-09-26 03:00:00,NaN,0.0968,NaN,NaN
2015-09-26 04:00:00,NaN,0.0484,1.3068,2.5047
2015-09-26 05:00:00,NaN,0.0847,NaN,NaN
2015-09-26 06:00:00,NaN,0.0968,NaN,NaN
2015-09-26 07:00:00,NaN,0.1089,NaN,NaN
2015-09-26 08:00:00,NaN,0.0847,0.8349,2.3474
2015-09-26 09:00:00,NaN,0.0968,NaN,NaN
2015-09-26 10:00:00,NaN,0.0847,NaN,NaN
2015-09-26 11:00:00,NaN,0.0847,NaN,NaN
2015-09-26 12:00:00,NaN,0.1089,1.7424,1.8029
2015-09-26 13:00:00,NaN,0.0726,NaN,NaN
2015-09-26 14:00:00,NaN,0.1815,NaN,NaN
2015-09-26 15:00:00,NaN,-0.1694,NaN,NaN
2015-09-26 16:00:00,NaN,0.7018,1.5972,1.7303
2015-09-26 17:00:00,NaN,1.2584,NaN,NaN
2015-09-26 18:00:00,NaN,0.1573,NaN,NaN
2015-09-26 19:00:00,NaN,1.0285,NaN,NaN
2015-09-26 20:00:00,NaN,0.0847,1.4762,1.694
2015-09-26 21:00:00,NaN,0.1452,NaN,NaN
2015-09-26 22:00:00,NaN,0.0968,NaN,NaN
2015-09-26 23:00:00,NaN,0.1089,NaN,NaN
2015-09-27 00:00:00,NaN,0.1089,1.6335,1.6577
2015-09-27 01:00:00,NaN,0.1331,NaN,NaN
2015-09-27 02:00:00,NaN,0.0847,NaN,NaN
2015-09-27 03:00:00,NaN,0.0968,NaN,NaN
2015-09-27 04:00:00,NaN,0.0968,1.1374,2.1175
2015-09-27 05:00:00,NaN,0.0726,NaN,NaN
2015-09-27 06:00:00,NaN,0.0968,NaN,NaN
2015-09-27 07:00:00,NaN,0.1089,NaN,NaN
2015-09-27 08:00:00,NaN,0.1089,0.4961,2.0812
2015-09-27 09:00:00,NaN,0.1089,NaN,NaN
2015-09-27 10:00:00,NaN,0.0968,NaN,NaN
2015-09-27 11:00:00,NaN,0.1089,NaN,NaN
2015-09-27 12:00:00,NaN,0.1089,1.6577,2.0812
2015-09-27 13:00:00,NaN,-0.0242,NaN,NaN
2015-09-27 14:00:00,NaN,0,NaN,NaN
2015-09-27 15:00:00,NaN,-0.5929,NaN,NaN
2015-09-27 16:00:00,NaN,0.0484,1.7424,1.6819
2015-09-27 17:00:00,NaN,-0.0242,NaN,NaN
2015-09-27 18:00:00,NaN,1.0164,NaN,NaN
2015-09-27 19:00:00,NaN,0.0968,NaN,NaN
2015-09-27 20:00:00,NaN,0.0484,0.242,1.4036
2015-09-27 21:00:00,NaN,0.1089,NaN,NaN
2015-09-27 22:00:00,NaN,0.0847,NaN,NaN
2015-09-27 23:00:00,NaN,0.1694,NaN,NaN
2015-09-28 00:00:00,NaN,0.0847,1.2584,1.6577
2015-09-28 01:00:00,NaN,0.121,NaN,NaN
2015-09-28 02:00:00,NaN,0.0847,NaN,NaN
2015-09-28 03:00:00,NaN,0.0968,NaN,NaN
2015-09-28 04:00:00,NaN,0.0968,0.9196,1.9723
2015-09-28 05:00:00,NaN,0.1089,NaN,NaN
2015-09-28 06:00:00,NaN,0.0847,NaN,NaN
2015-09-28 07:00:00,NaN,0.1331,NaN,NaN
2015-09-28 08:00:00,NaN,0.0968,0.6171,2.3837
2015-09-28 09:00:00,NaN,0.0726,NaN,NaN
2015-09-28 10:00:00,NaN,0.0847,NaN,NaN
2015-09-28 11:00:00,NaN,0.121,NaN,NaN
2015-09-28 12:00:00,NaN,0.1089,1.6093,1.8029
2015-09-28 13:00:00,NaN,0.121,NaN,NaN
2015-09-28 14:00:00,NaN,0.0484,NaN,NaN
2015-09-28 15:00:00,NaN,-0.2541,NaN,NaN
2015-09-28 16:00:00,NaN,0.0968,1.6819,1.6093
2015-09-28 17:00:00,NaN,0.2904,NaN,NaN
2015-09-28 18:00:00,NaN,0.0847,NaN,NaN
2015-09-28 19:00:00,NaN,-0.5687,NaN,NaN
2015-09-28 20:00:00,NaN,0.0968,1.5972,1.452
2015-09-28 21:00:00,NaN,0.0847,NaN,NaN
2015-09-28 22:00:00,NaN,0.1089,NaN,NaN
2015-09-28 23:00:00,NaN,0.0847,NaN,NaN
2015-09-29 00:00:00,NaN,0.0605,1.6214,1.452
2015-09-29 01:00:00,NaN,0.0847,NaN,NaN
2015-09-29 02:00:00,NaN,0.0726,NaN,NaN
2015-09-29 03:00:00,NaN,0.0363,NaN,NaN
2015-09-29 04:00:00,NaN,0.0484,1.6214,1.8876
2015-09-29 05:00:00,NaN,0.0484,NaN,NaN
2015-09-29 06:00:00,NaN,0.1452,NaN,NaN
2015-09-29 07:00:00,NaN,0.0726,NaN,NaN
2015-09-29 08:00:00,NaN,0.0726,1.5488,2.1175
2015-09-29 09:00:00,NaN,0.0484,NaN,NaN
2015-09-29 10:00:00,NaN,0.0605,NaN,NaN
2015-09-29 11:00:00,NaN,0.0484,NaN,NaN
2015-09-29 12:00:00,NaN,0.0484,1.5609,1.694
2015-09-29 13:00:00,NaN,0.0726,NaN,NaN
2015-09-29 14:00:00,NaN,0.0968,NaN,NaN
2015-09-29 15:00:00,NaN,0.0605,NaN,NaN
2015-09-29 16:00:00,NaN,-0.0242,1.5972,1.6819
2015-09-29 17:00:00,NaN,-0.3267,NaN,NaN
2015-09-29 18:00:00,NaN,1.8392,NaN,NaN
2015-09-29 19:00:00,NaN,-0.2904,NaN,NaN
2015-09-29 20:00:00,NaN,0.0242,1.3794,1.3794
2015-09-29 21:00:00,NaN,0.0847,NaN,NaN
2015-09-29 22:00:00,NaN,0.0605,NaN,NaN
2015-09-29 23:00:00,NaN,0.0605,NaN,NaN
2015-09-30 00:00:00,NaN,0.0726,1.3794,1.5004
2015-09-30 01:00:00,NaN,0.1089,NaN,NaN
2015-09-30 02:00:00,NaN,0.0726,NaN,NaN
2015-09-30 03:00:00,NaN,0.0968,NaN,NaN
2015-09-30 04:00:00,NaN,0.0847,1.2342,1.6819
2015-09-30 05:00:00,NaN,0.0968,NaN,NaN
2015-09-30 06:00:00,NaN,0.0847,NaN,NaN
2015-09-30 07:00:00,NaN,0.1089,NaN,NaN
2015-09-30 08:00:00,NaN,0.1573,1.815,2.0691
2015-09-30 09:00:00,NaN,0.1089,NaN,NaN
2015-09-30 10:00:00,NaN,0.0726,NaN,NaN
2015-09-30 11:00:00,NaN,0.0605,NaN,NaN
2015-09-30 12:00:00,NaN,0.1089,1.3189,1.7303
2015-09-30 13:00:00,NaN,0.0968,NaN,NaN
2015-09-30 14:00:00,NaN,0.0847,NaN,NaN
2015-09-30 15:00:00,NaN,0.1331,NaN,NaN
2015-09-30 16:00:00,NaN,0.0484,1.815,1.2826
2015-09-30 17:00:00,NaN,0.1573,NaN,NaN
2015-09-30 18:00:00,NaN,0.121,NaN,NaN
2015-09-30 19:00:00,NaN,0.121,NaN,NaN
2015-09-30 20:00:00,NaN,0.1694,1.3915,1.5488
2015-09-30 21:00:00,NaN,0.1452,NaN,NaN
2015-09-30 22:00:00,NaN,0.1573,NaN,NaN
2015-09-30 23:00:00,NaN,0.1573,NaN,NaN
2015-10-01 00:00:00,NaN,0.1331,1.5851,1.4762
2015-10-01 01:00:00,NaN,0.121,NaN,NaN
2015-10-01 02:00:00,NaN,0.121,NaN,NaN
2015-10-01 03:00:00,NaN,0.1694,NaN,NaN
2015-10-01 04:00:00,NaN,0.1331,1.573,1.815
2015-10-01 05:00:00,NaN,0.1694,NaN,NaN
2015-10-01 06:00:00,NaN,0.1573,NaN,NaN
2015-10-01 07:00:00,NaN,0.1694,NaN,NaN
2015-10-01 08:00:00,NaN,0.1694,1.6093,1.9602
2015-10-01 09:00:00,NaN,0.1452,NaN,NaN
2015-10-01 10:00:00,NaN,0.1089,NaN,NaN
2015-10-01 11:00:00,NaN,0.1331,NaN,NaN
2015-10-01 12:00:00,NaN,0.1331,0.9438,1.7666
2015-10-01 13:00:00,NaN,0.1452,NaN,NaN
2015-10-01 14:00:00,NaN,0.1573,NaN,NaN
2015-10-01 15:00:00,NaN,0.1815,NaN,NaN
2015-10-01 16:00:00,NaN,0.2541,1.7666,1.573
2015-10-01 17:00:00,NaN,0.2299,NaN,NaN
2015-10-01 18:00:00,NaN,0.2057,NaN,NaN
2015-10-01 19:00:00,NaN,0.242,NaN,NaN
2015-10-01 20:00:00,NaN,0.2783,1.7424,1.3431
2015-10-01 21:00:00,NaN,0.2904,NaN,NaN
2015-10-01 22:00:00,NaN,0.242,NaN,NaN
2015-10-01 23:00:00,NaN,0.2178,NaN,NaN
2015-10-02 00:00:00,NaN,0.2178,1.7303,1.5609
2015-10-02 01:00:00,NaN,0.2178,NaN,NaN
2015-10-02 02:00:00,NaN,0.2662,NaN,NaN
2015-10-02 03:00:00,NaN,0.2057,NaN,NaN
2015-10-02 04:00:00,NaN,0.2299,1.815,2.1175
2015-10-02 05:00:00,NaN,0.2541,NaN,NaN
2015-10-02 06:00:00,NaN,0.2541,NaN,NaN
2015-10-02 07:00:00,NaN,0.1936,NaN,NaN
2015-10-02 08:00:00,NaN,0.2057,1.0648,2.0449
2015-10-02 09:00:00,NaN,0.1815,NaN,NaN
2015-10-02 10:00:00,NaN,0.1936,NaN,NaN
2015-10-02 11:00:00,NaN,0.1815,NaN,NaN
2015-10-02 12:00:00,NaN,0.2057,0.2783,2.1538
2015-10-02 13:00:00,NaN,0.2783,NaN,NaN
2015-10-02 14:00:00,NaN,0.1936,NaN,NaN
2015-10-02 15:00:00,NaN,0.2783,NaN,NaN
2015-10-02 16:00:00,NaN,0.3025,1.573,1.7787
2015-10-02 17:00:00,NaN,0.3751,NaN,NaN
2015-10-02 18:00:00,NaN,0.3509,NaN,NaN
2015-10-02 19:00:00,NaN,0.3146,NaN,NaN
2015-10-02 20:00:00,NaN,0.2904,1.8513,1.3068
2015-10-02 21:00:00,NaN,0.2541,NaN,NaN
2015-10-02 22:00:00,NaN,0.2541,NaN,NaN
2015-10-02 23:00:00,NaN,0.2783,NaN,NaN
2015-10-03 00:00:00,NaN,0.2299,0.2541,1.452
2015-10-03 01:00:00,NaN,0.2541,NaN,NaN
2015-10-03 02:00:00,NaN,0.2178,NaN,NaN
2015-10-03 03:00:00,NaN,0.242,NaN,NaN
2015-10-03 04:00:00,NaN,0.242,1.8755,1.4278
2015-10-03 05:00:00,NaN,0.1936,NaN,NaN
2015-10-03 06:00:00,NaN,0.2299,NaN,NaN
2015-10-03 07:00:00,NaN,0.2299,NaN,NaN
2015-10-03 08:00:00,NaN,0.1815,1.7061,2.178
2015-10-03 09:00:00,NaN,0.2541,NaN,NaN
2015-10-03 10:00:00,NaN,0.3025,NaN,NaN
2015-10-03 11:00:00,NaN,0.2299,NaN,NaN
2015-10-03 12:00:00,NaN,0.2541,1.4157,1.3794
2015-10-03 13:00:00,NaN,0.2904,NaN,NaN
2015-10-03 14:00:00,NaN,0.3267,NaN,NaN
2015-10-03 15:00:00,NaN,0.3388,NaN,NaN
2015-10-03 16:00:00,NaN,0.3388,1.6456,1.5246
2015-10-03 17:00:00,NaN,0.3993,NaN,NaN
2015-10-03 18:00:00,NaN,0.4356,NaN,NaN
2015-10-03 19:00:00,NaN,0.4235,NaN,NaN
2015-10-03 20:00:00,NaN,0.4598,1.6335,1.2947
2015-10-03 21:00:00,NaN,0.4235,NaN,NaN
2015-10-03 22:00:00,NaN,0.3993,NaN,NaN
2015-10-03 23:00:00,NaN,0.3267,NaN,NaN
2015-10-04 00:00:00,NaN,0.363,1.6456,1.4278
2015-10-04 01:00:00,NaN,0.3146,NaN,NaN
2015-10-04 02:00:00,NaN,0.3146,NaN,NaN
2015-10-04 03:00:00,NaN,0.3025,NaN,NaN
2015-10-04 04:00:00,NaN,0.3267,1.4762,1.5972
2015-10-04 05:00:00,NaN,0.3388,NaN,NaN
2015-10-04 06:00:00,NaN,0.3388,NaN,NaN
2015-10-04 07:00:00,NaN,0.3146,NaN,NaN
2015-10-04 08:00:00,NaN,0.2662,1.3068,1.8997
2015-10-04 09:00:00,NaN,0.2783,NaN,NaN
2015-10-04 10:00:00,NaN,0.3025,NaN,NaN
2015-10-04 11:00:00,NaN,0.3025,NaN,NaN
2015-10-04 12:00:00,NaN,0.3025,1.2947,1.3431
2015-10-04 13:00:00,NaN,0.3509,NaN,NaN
2015-10-04 14:00:00,NaN,0.3388,NaN,NaN
2015-10-04 15:00:00,NaN,0.3267,NaN,NaN
2015-10-04 16:00:00,NaN,0.4114,1.1858,1.5004
2015-10-04 17:00:00,NaN,0.4235,NaN,NaN
2015-10-04 18:00:00,NaN,0.3872,NaN,NaN
2015-10-04 19:00:00,NaN,0.4477,NaN,NaN
2015-10-04 20:00:00,NaN,0.484,1.3068,1.4278
2015-10-04 21:00:00,NaN,0.5324,NaN,NaN
2015-10-04 22:00:00,NaN,0.4719,NaN,NaN
2015-10-04 23:00:00,NaN,0.4356,NaN,NaN
2015-10-05 00:00:00,NaN,0.4598,1.3068,1.7061
2015-10-05 01:00:00,NaN,0.4235,NaN,NaN
2015-10-05 02:00:00,NaN,0.3993,NaN,NaN
2015-10-05 03:00:00,NaN,0.3993,NaN,NaN
2015-10-05 04:00:00,NaN,0.4356,1.21,1.7787
2015-10-05 05:00:00,NaN,0.3872,NaN,NaN
2015-10-05 06:00:00,NaN,0.4235,NaN,NaN
2015-10-05 07:00:00,NaN,0.3872,NaN,NaN
2015-10-05 08:00:00,NaN,0.363,1.2705,1.694
2015-10-05 09:00:00,NaN,0.4114,NaN,NaN
2015-10-05 10:00:00,NaN,0.4114,NaN,NaN
2015-10-05 11:00:00,NaN,0.1573,NaN,NaN
2015-10-05 12:00:00,NaN,0.3751,1.2463,1.5609
2015-10-05 13:00:00,NaN,0.4719,NaN,NaN
2015-10-05 14:00:00,NaN,0.4477,NaN,NaN
2015-10-05 15:00:00,NaN,0.4235,NaN,NaN
2015-10-05 16:00:00,NaN,0.5324,1.2947,1.3673
2015-10-05 17:00:00,NaN,0.5324,NaN,NaN
2015-10-05 18:00:00,NaN,0.5687,NaN,NaN
2015-10-05 19:00:00,NaN,0.6413,NaN,NaN
2015-10-05 20:00:00,NaN,0.5929,1.3189,1.3673
2015-10-05 21:00:00,NaN,0.5203,NaN,NaN
2015-10-05 22:00:00,NaN,0.484,NaN,NaN
2015-10-05 23:00:00,NaN,0.4477,NaN,NaN
2015-10-06 00:00:00,NaN,0.3993,1.331,1.3068
2015-10-06 01:00:00,NaN,0.3872,NaN,NaN
2015-10-06 02:00:00,NaN,0.4477,NaN,NaN
2015-10-06 03:00:00,NaN,0.4356,NaN,NaN
2015-10-06 04:00:00,NaN,0.4356,1.2705,1.7303
2015-10-06 05:00:00,NaN,0.4235,NaN,NaN
2015-10-06 06:00:00,NaN,0.4598,NaN,NaN
2015-10-06 07:00:00,NaN,0.4114,NaN,NaN
2015-10-06 08:00:00,NaN,0.4235,1.1858,1.7666
2015-10-06 09:00:00,NaN,0.4356,NaN,NaN
2015-10-06 10:00:00,NaN,0.3509,NaN,NaN
2015-10-06 11:00:00,NaN,0.3509,NaN,NaN
2015-10-06 12:00:00,NaN,0.4114,1.2221,1.5851
2015-10-06 13:00:00,NaN,0.5203,NaN,NaN
2015-10-06 14:00:00,NaN,0.4114,NaN,NaN
2015-10-06 15:00:00,NaN,0.4961,NaN,NaN
2015-10-06 16:00:00,NaN,0.5082,1.331,1.4762
2015-10-06 17:00:00,NaN,0.605,NaN,NaN
2015-10-06 18:00:00,NaN,0.6534,NaN,NaN
2015-10-06 19:00:00,NaN,0.5324,NaN,NaN
2015-10-06 20:00:00,NaN,0.6655,1.5488,1.6456
2015-10-06 21:00:00,NaN,0.6897,NaN,NaN
2015-10-06 22:00:00,NaN,0.6534,NaN,NaN
2015-10-06 23:00:00,NaN,0.5566,NaN,NaN
2015-10-07 00:00:00,NaN,0.5929,1.7908,1.936
2015-10-07 01:00:00,NaN,0.5929,NaN,NaN
2015-10-07 02:00:00,NaN,0.5566,NaN,NaN
2015-10-07 03:00:00,NaN,0.5445,NaN,NaN
2015-10-07 04:00:00,NaN,0.5687,1.8029,1.573
2015-10-07 05:00:00,NaN,0.5082,NaN,NaN
2015-10-07 06:00:00,NaN,0.5082,NaN,NaN
2015-10-07 07:00:00,NaN,0.4961,NaN,NaN
2015-10-07 08:00:00,NaN,0.4477,1.815,1.4278
2015-10-07 09:00:00,NaN,0.4598,NaN,NaN
2015-10-07 10:00:00,NaN,0.484,NaN,NaN
2015-10-07 11:00:00,NaN,0.4477,NaN,NaN
2015-10-07 12:00:00,NaN,0.4114,1.5246,1.4883
2015-10-07 13:00:00,NaN,0.2904,NaN,NaN
2015-10-07 14:00:00,NaN,0.242,NaN,NaN
2015-10-07 15:00:00,NaN,0.0726,NaN,NaN
2015-10-07 16:00:00,NaN,0.3872,1.8271,1.452
2015-10-07 17:00:00,NaN,0.1089,NaN,NaN
2015-10-07 18:00:00,NaN,0.0363,NaN,NaN
2015-10-07 19:00:00,NaN,0.2783,NaN,NaN
2015-10-07 20:00:00,NaN,0.242,1.7666,1.5246
2015-10-07 21:00:00,NaN,0.2662,NaN,NaN
2015-10-07 22:00:00,NaN,0.3388,NaN,NaN
2015-10-07 23:00:00,NaN,0.3267,NaN,NaN
2015-10-08 00:00:00,NaN,0.3388,1.1132,1.7303
2015-10-08 01:00:00,NaN,0.4235,NaN,NaN
2015-10-08 02:00:00,NaN,0.4598,NaN,NaN
2015-10-08 03:00:00,NaN,0.4598,NaN,NaN
2015-10-08 04:00:00,NaN,0.3872,1.6456,1.5488
2015-10-08 05:00:00,NaN,0.3993,NaN,NaN
2015-10-08 06:00:00,NaN,0.3388,NaN,NaN
2015-10-08 07:00:00,NaN,0.3388,NaN,NaN
2015-10-08 08:00:00,NaN,0.2662,1.452,1.7545
2015-10-08 09:00:00,NaN,0.2299,NaN,NaN
2015-10-08 10:00:00,NaN,0.3146,NaN,NaN
2015-10-08 11:00:00,NaN,0.3146,NaN,NaN
2015-10-08 12:00:00,NaN,0.4961,1.5609,1.6577
2015-10-08 13:00:00,NaN,1.1374,NaN,NaN
2015-10-08 14:00:00,NaN,0.5203,NaN,NaN
2015-10-08 15:00:00,NaN,-0.0726,NaN,NaN
2015-10-08 16:00:00,NaN,1.5367,1.5851,1.8513
2015-10-08 17:00:00,NaN,0.242,NaN,NaN
2015-10-08 18:00:00,NaN,-0.1452,NaN,NaN
2015-10-08 19:00:00,NaN,0.1936,NaN,NaN
2015-10-08 20:00:00,NaN,0.2662,1.5972,1.5488
2015-10-08 21:00:00,NaN,0.4598,NaN,NaN
2015-10-08 22:00:00,NaN,0.2783,NaN,NaN
2015-10-08 23:00:00,NaN,0.2541,NaN,NaN
2015-10-09 00:00:00,NaN,0.2178,1.3552,1.815
2015-10-09 01:00:00,NaN,0.1694,NaN,NaN
2015-10-09 02:00:00,NaN,0.2299,NaN,NaN
2015-10-09 03:00:00,NaN,0.242,NaN,NaN
2015-10-09 04:00:00,NaN,0.2299,1.5246,2.3958
2015-10-09 05:00:00,NaN,0.1936,NaN,NaN
2015-10-09 06:00:00,NaN,0.2178,NaN,NaN
2015-10-09 07:00:00,NaN,0.1936,NaN,NaN
2015-10-09 08:00:00,NaN,0.2662,1.8634,2.3111
2015-10-09 09:00:00,NaN,0.2662,NaN,NaN
2015-10-09 10:00:00,NaN,0.242,NaN,NaN
2015-10-09 11:00:00,NaN,0.2057,NaN,NaN
2015-10-09 12:00:00,NaN,0.2057,1.6456,1.694
2015-10-09 13:00:00,NaN,0.1573,NaN,NaN
2015-10-09 14:00:00,NaN,0.1089,NaN,NaN
2015-10-09 15:00:00,NaN,0.0726,NaN,NaN
2015-10-09 16:00:00,NaN,0.0605,1.936,1.4762
2015-10-09 17:00:00,NaN,0.1089,NaN,NaN
2015-10-09 18:00:00,NaN,0.121,NaN,NaN
2015-10-09 19:00:00,NaN,-0.4114,NaN,NaN
2015-10-09 20:00:00,NaN,0.2783,1.9239,1.9965
2015-10-09 21:00:00,NaN,0.2299,NaN,NaN
2015-10-09 22:00:00,NaN,0.3146,NaN,NaN
2015-10-09 23:00:00,NaN,0.3025,NaN,NaN
2015-10-10 00:00:00,NaN,0.363,1.9239,1.6214
2015-10-10 01:00:00,NaN,0.2178,NaN,NaN
2015-10-10 02:00:00,NaN,0.242,NaN,NaN
2015-10-10 03:00:00,NaN,0.242,NaN,NaN
2015-10-10 04:00:00,NaN,0.2662,1.8997,1.7303
2015-10-10 05:00:00,NaN,0.3025,NaN,NaN
2015-10-10 06:00:00,NaN,0.3509,NaN,NaN
2015-10-10 07:00:00,NaN,0.363,NaN,NaN
2015-10-10 08:00:00,NaN,0.3509,1.8271,1.8755
2015-10-10 09:00:00,NaN,0.2904,NaN,NaN
2015-10-10 10:00:00,NaN,0.3267,NaN,NaN
2015-10-10 11:00:00,NaN,0.363,NaN,NaN
2015-10-10 12:00:00,NaN,0.4477,1.3673,1.9965
2015-10-10 13:00:00,NaN,0.484,NaN,NaN
2015-10-10 14:00:00,NaN,0.3751,NaN,NaN
2015-10-10 15:00:00,NaN,-0.4114,NaN,NaN
2015-10-10 16:00:00,NaN,0.5687,1.8755,1.8392
2015-10-10 17:00:00,NaN,0.2299,NaN,NaN
2015-10-10 18:00:00,NaN,0.4114,NaN,NaN
2015-10-10 19:00:00,NaN,0.5445,NaN,NaN
2015-10-10 20:00:00,NaN,0.6292,1.8876,2.0691
2015-10-10 21:00:00,NaN,0.6655,NaN,NaN
2015-10-10 22:00:00,NaN,0.605,NaN,NaN
2015-10-10 23:00:00,NaN,0.5082,NaN,NaN
2015-10-11 00:00:00,NaN,0.4961,1.5367,1.7666
2015-10-11 01:00:00,NaN,0.4719,NaN,NaN
2015-10-11 02:00:00,NaN,0.5082,NaN,NaN
2015-10-11 03:00:00,NaN,0.5082,NaN,NaN
2015-10-11 04:00:00,NaN,0.5203,1.5488,2.7951
2015-10-11 05:00:00,NaN,0.5082,NaN,NaN
2015-10-11 06:00:00,NaN,0.6171,NaN,NaN
2015-10-11 07:00:00,NaN,0.6292,NaN,NaN
2015-10-11 08:00:00,NaN,0.6897,1.7061,2.3595
2015-10-11 09:00:00,NaN,0.6897,NaN,NaN
2015-10-11 10:00:00,NaN,0.7623,NaN,NaN
2015-10-11 11:00:00,NaN,0.7502,NaN,NaN
2015-10-11 12:00:00,NaN,0.7865,1.6335,2.2022
2015-10-11 13:00:00,NaN,0.8349,NaN,NaN
2015-10-11 14:00:00,NaN,0.3993,NaN,NaN
2015-10-11 15:00:00,NaN,0.3872,NaN,NaN
2015-10-11 16:00:00,NaN,0.4961,1.8755,2.0449
2015-10-11 17:00:00,NaN,0.484,NaN,NaN
2015-10-11 18:00:00,NaN,0.4114,NaN,NaN
2015-10-11 19:00:00,NaN,0.6171,NaN,NaN
2015-10-11 20:00:00,NaN,0.6897,1.6214,1.21
2015-10-11 21:00:00,NaN,0.7865,NaN,NaN
2015-10-11 22:00:00,NaN,0.8833,NaN,NaN
2015-10-11 23:00:00,NaN,0.8954,NaN,NaN
2015-10-12 00:00:00,NaN,0.8107,1.7182,1.7303
2015-10-12 01:00:00,NaN,0.8107,NaN,NaN
2015-10-12 02:00:00,NaN,0.8712,NaN,NaN
2015-10-12 03:00:00,NaN,0.8591,NaN,NaN
2015-10-12 04:00:00,NaN,0.8107,1.6577,2.1175
2015-10-12 05:00:00,NaN,0.8349,NaN,NaN
2015-10-12 06:00:00,NaN,0.7502,NaN,NaN
2015-10-12 07:00:00,NaN,0.7502,NaN,NaN
2015-10-12 08:00:00,NaN,0.7623,1.573,1.9118
2015-10-12 09:00:00,NaN,0.605,NaN,NaN
2015-10-12 10:00:00,NaN,0.5929,NaN,NaN
2015-10-12 11:00:00,NaN,0.4235,NaN,NaN
2015-10-12 12:00:00,NaN,0.3872,1.5367,1.452
2015-10-12 13:00:00,NaN,0.3509,NaN,NaN
2015-10-12 14:00:00,NaN,0.3267,NaN,NaN
2015-10-12 15:00:00,NaN,0.3146,NaN,NaN
2015-10-12 16:00:00,NaN,0.2299,1.4036,1.5972
2015-10-12 17:00:00,NaN,0.0242,NaN,NaN
2015-10-12 18:00:00,NaN,0.3025,NaN,NaN
2015-10-12 19:00:00,NaN,0.6292,NaN,NaN
2015-10-12 20:00:00,NaN,0.7139,1.3794,1.5004
2015-10-12 21:00:00,NaN,0.7502,NaN,NaN
2015-10-12 22:00:00,NaN,0.7139,NaN,NaN
2015-10-12 23:00:00,NaN,0.7865,NaN,NaN
2015-10-13 00:00:00,NaN,0.3872,1.4399,1.331
2015-10-13 01:00:00,NaN,0.3146,NaN,NaN
2015-10-13 02:00:00,NaN,0.4114,NaN,NaN
2015-10-13 03:00:00,NaN,0.4114,NaN,NaN
2015-10-13 04:00:00,NaN,0.4719,1.3915,1.6093
2015-10-13 05:00:00,NaN,0.5808,NaN,NaN
2015-10-13 06:00:00,NaN,0.5808,NaN,NaN
2015-10-13 07:00:00,NaN,0.6171,NaN,NaN
2015-10-13 08:00:00,NaN,0.5687,1.2221,1.7545
2015-10-13 09:00:00,NaN,0.4114,NaN,NaN
2015-10-13 10:00:00,NaN,0.3025,NaN,NaN
2015-10-13 11:00:00,NaN,0.1815,NaN,NaN
2015-10-13 12:00:00,NaN,0.2662,1.1616,1.5972
2015-10-13 13:00:00,NaN,0.2057,NaN,NaN
2015-10-13 14:00:00,NaN,0.2057,NaN,NaN
2015-10-13 15:00:00,NaN,0.2299,NaN,NaN
2015-10-13 16:00:00,NaN,0.1936,1.3189,1.2947
2015-10-13 17:00:00,NaN,0.1936,NaN,NaN
2015-10-13 18:00:00,2.6136,0.1936,NaN,NaN
2015-10-13 19:00:00,2.7709,0.2541,NaN,NaN
2015-10-13 20:00:00,3.146,0.2904,1.2705,1.4036
2015-10-13 21:00:00,3.1581,0.3146,NaN,NaN
2015-10-13 22:00:00,2.4926,0.242,NaN,NaN
2015-10-13 23:00:00,2.6741,0.3509,NaN,NaN
2015-10-14 00:00:00,2.6741,0.242,1.3068,1.6819
2015-10-14 01:00:00,2.1659,0.242,NaN,NaN
2015-10-14 02:00:00,2.0328,0.242,NaN,NaN
2015-10-14 03:00:00,2.0812,0.2178,NaN,NaN
2015-10-14 04:00:00,2.1296,0.2541,1.1616,1.8029
2015-10-14 05:00:00,1.8997,0.242,NaN,NaN
2015-10-14 06:00:00,2.3111,0.2541,NaN,NaN
2015-10-14 07:00:00,2.2143,0.2662,NaN,NaN
2015-10-14 08:00:00,2.0691,0.3025,1.1858,1.7303
2015-10-14 09:00:00,2.2748,0.3025,NaN,NaN
2015-10-14 10:00:00,2.0207,0.3146,NaN,NaN
2015-10-14 11:00:00,1.9481,0.2783,NaN,NaN
2015-10-14 12:00:00,1.9965,0.3509,1.3068,2.662
2015-10-14 13:00:00,2.1175,0.4235,NaN,NaN
2015-10-14 14:00:00,1.7424,0.2783,NaN,NaN
2015-10-14 15:00:00,1.9239,0.3872,NaN,NaN
2015-10-14 16:00:00,1.9723,0.4719,1.3189,1.6214
2015-10-14 17:00:00,2.0449,0.3509,NaN,NaN
2015-10-14 18:00:00,1.8997,0.4114,NaN,NaN
2015-10-14 19:00:00,2.1901,0.3388,NaN,NaN
2015-10-14 20:00:00,2.0933,0.5203,1.3068,1.5125
2015-10-14 21:00:00,2.0086,0.4235,NaN,NaN
2015-10-14 22:00:00,2.1054,0.4356,NaN,NaN
2015-10-14 23:00:00,2.4805,0.3993,NaN,NaN
2015-10-15 00:00:00,2.2022,0.3872,1.2705,1.5004
2015-10-15 01:00:00,2.2143,0.3872,NaN,NaN
2015-10-15 02:00:00,1.9723,0.363,NaN,NaN
2015-10-15 03:00:00,1.8634,0.363,NaN,NaN
2015-10-15 04:00:00,1.7908,0.4114,1.2584,1.573
2015-10-15 05:00:00,1.8997,0.363,NaN,NaN
2015-10-15 06:00:00,1.6698,0.363,NaN,NaN
2015-10-15 07:00:00,1.7182,0.3993,NaN,NaN
2015-10-15 08:00:00,1.8271,0.3509,1.1616,2.3837
2015-10-15 09:00:00,1.8271,0.3267,NaN,NaN
2015-10-15 10:00:00,1.815,0.3509,NaN,NaN
2015-10-15 11:00:00,1.7787,0.4114,NaN,NaN
2015-10-15 12:00:00,1.7182,0.3993,1.1616,1.6093
2015-10-15 13:00:00,1.815,0.3267,NaN,NaN
2015-10-15 14:00:00,1.8029,0.2783,NaN,NaN
2015-10-15 15:00:00,1.8029,0.3267,NaN,NaN
2015-10-15 16:00:00,1.5972,0.3388,1.2463,1.452
2015-10-15 17:00:00,1.7545,0.2299,NaN,NaN
2015-10-15 18:00:00,1.8029,0.363,NaN,NaN
2015-10-15 19:00:00,1.6335,1.1737,NaN,NaN
2015-10-15 20:00:00,1.6577,0.4114,1.1858,1.4278
2015-10-15 21:00:00,1.573,0.4235,NaN,NaN
2015-10-15 22:00:00,1.9118,0.3872,NaN,NaN
2015-10-15 23:00:00,2.0207,0.605,NaN,NaN
2015-10-16 00:00:00,2.1054,0.7744,1.089,1.7908
2015-10-16 01:00:00,1.8029,0.7502,NaN,NaN
2015-10-16 02:00:00,1.9239,0.7502,NaN,NaN
2015-10-16 03:00:00,2.1417,0.7018,NaN,NaN
2015-10-16 04:00:00,2.1175,0.7502,0.8591,1.6456
2015-10-16 05:00:00,1.815,0.5082,NaN,NaN
2015-10-16 06:00:00,2.2506,0.5082,NaN,NaN
2015-10-16 07:00:00,1.8392,0.6292,NaN,NaN
2015-10-16 08:00:00,1.5851,0.4961,0.9801,1.7424
2015-10-16 09:00:00,1.452,0.5203,NaN,NaN
2015-10-16 10:00:00,1.6214,0.5808,NaN,NaN
2015-10-16 11:00:00,1.573,0.5808,NaN,NaN
2015-10-16 12:00:00,1.5488,0.605,0.9075,1.7303
2015-10-16 13:00:00,1.8029,0.7381,NaN,NaN
2015-10-16 14:00:00,1.7424,0.5203,NaN,NaN
2015-10-16 15:00:00,1.5367,0.8591,NaN,NaN
2015-10-16 16:00:00,1.6335,0.6655,1.1979,1.6698
2015-10-16 17:00:00,1.8997,0.7018,NaN,NaN
2015-10-16 18:00:00,1.6698,0.6171,NaN,NaN
2015-10-16 19:00:00,1.8755,1.1495,NaN,NaN
2015-10-16 20:00:00,1.7061,1.1132,1.1858,1.1979
2015-10-16 21:00:00,1.7061,1.1253,NaN,NaN
2015-10-16 22:00:00,2.2506,1.1616,NaN,NaN
2015-10-16 23:00:00,1.8997,1.0527,NaN,NaN
2015-10-17 00:00:00,1.5972,0.8107,1.2221,1.3915
2015-10-17 01:00:00,1.4762,0.8107,NaN,NaN
2015-10-17 02:00:00,1.5125,0.7502,NaN,NaN
2015-10-17 03:00:00,1.3068,0.7018,NaN,NaN
2015-10-17 04:00:00,1.089,0.7139,0.9559,1.7545
2015-10-17 05:00:00,1.4036,0.7502,NaN,NaN
2015-10-17 06:00:00,1.4036,0.6776,NaN,NaN
2015-10-17 07:00:00,0.9801,0.7018,NaN,NaN
2015-10-17 08:00:00,1.3431,0.7139,1.0406,1.7182
2015-10-17 09:00:00,1.2463,0.6655,NaN,NaN
2015-10-17 10:00:00,1.5004,0.7381,NaN,NaN
2015-10-17 11:00:00,1.1374,0.7865,NaN,NaN
2015-10-17 12:00:00,0.9075,0.7623,1.0406,1.8271
2015-10-17 13:00:00,0.9196,0.8712,NaN,NaN
2015-10-17 14:00:00,1.0285,0.8833,NaN,NaN
2015-10-17 15:00:00,0.9922,0.8712,NaN,NaN
2015-10-17 16:00:00,1.0527,0.726,1.0648,1.4883
2015-10-17 17:00:00,1.0527,1.0527,NaN,NaN
2015-10-17 18:00:00,1.2705,0.968,NaN,NaN
2015-10-17 19:00:00,1.1616,0.968,NaN,NaN
2015-10-17 20:00:00,1.331,1.4399,1.0043,1.2947
2015-10-17 21:00:00,1.5972,1.6456,NaN,NaN
2015-10-17 22:00:00,1.1737,1.815,NaN,NaN
2015-10-17 23:00:00,1.2463,1.7182,NaN,NaN
2015-10-18 00:00:00,1.0285,1.7424,1.0527,1.6819
2015-10-18 01:00:00,1.2463,1.6335,NaN,NaN
2015-10-18 02:00:00,1.0769,1.7787,NaN,NaN
2015-10-18 03:00:00,1.0043,1.5125,NaN,NaN
2015-10-18 04:00:00,1.0285,1.3915,1.0527,1.6819
2015-10-18 05:00:00,0.7986,1.3794,NaN,NaN
2015-10-18 06:00:00,0.9438,1.452,NaN,NaN
2015-10-18 07:00:00,1.2342,1.4278,NaN,NaN
2015-10-18 08:00:00,0.968,1.3915,1.0527,1.7061
2015-10-18 09:00:00,1.3673,1.4278,NaN,NaN
2015-10-18 10:00:00,0.9317,1.5851,NaN,NaN
2015-10-18 11:00:00,1.0527,1.4278,NaN,NaN
2015-10-18 12:00:00,1.0285,1.5125,NaN,2.4442
2015-10-18 13:00:00,1.0406,1.4883,NaN,NaN
2015-10-18 14:00:00,1.0406,1.5488,NaN,NaN
2015-10-18 15:00:00,1.089,1.4036,NaN,NaN
2015-10-18 16:00:00,1.1374,1.4762,1.1132,2.1901
2015-10-18 17:00:00,1.0164,1.7182,NaN,NaN
2015-10-18 18:00:00,1.0043,1.5972,NaN,NaN
2015-10-18 19:00:00,1.1616,1.5609,NaN,NaN
2015-10-18 20:00:00,1.089,1.8029,1.0164,1.3552
2015-10-18 21:00:00,1.1011,1.7303,NaN,NaN
2015-10-18 22:00:00,1.0164,1.4762,NaN,NaN
2015-10-18 23:00:00,1.1616,1.4883,NaN,NaN
2015-10-19 00:00:00,1.1374,1.4036,0.9317,1.2584
2015-10-19 01:00:00,1.1616,1.2826,NaN,NaN
2015-10-19 02:00:00,1.2463,1.3068,NaN,NaN
2015-10-19 03:00:00,1.0648,1.1616,NaN,NaN
2015-10-19 04:00:00,1.0285,1.1737,1.089,1.5609
2015-10-19 05:00:00,1.1374,1.1011,NaN,NaN
2015-10-19 06:00:00,1.1132,1.0406,NaN,NaN
2015-10-19 07:00:00,0.9559,1.089,NaN,NaN
2015-10-19 08:00:00,1.0043,1.2947,1.0164,1.8271
2015-10-19 09:00:00,0.9559,1.089,NaN,NaN
2015-10-19 10:00:00,0.9922,1.089,NaN,NaN
2015-10-19 11:00:00,1.0164,1.7908,NaN,NaN
2015-10-19 12:00:00,1.0285,0.9922,0.9922,1.7061
2015-10-19 13:00:00,1.0043,1.0648,NaN,NaN
2015-10-19 14:00:00,1.0285,1.2221,NaN,NaN
2015-10-19 15:00:00,0.9801,0.968,NaN,NaN
2015-10-19 16:00:00,0.968,0.9317,1.1011,1.5851
2015-10-19 17:00:00,0.8712,1.0769,NaN,NaN
2015-10-19 18:00:00,0.7865,1.3673,NaN,NaN
2015-10-19 19:00:00,0.8349,1.8271,NaN,NaN
2015-10-19 20:00:00,0.8228,1.1858,0.8954,1.8997
2015-10-19 21:00:00,0.7139,1.331,NaN,NaN
2015-10-19 22:00:00,0.9317,1.0285,NaN,NaN
2015-10-19 23:00:00,1.0406,0.9801,NaN,NaN
2015-10-20 00:00:00,1.0527,0.9438,1.0527,1.8029
2015-10-20 01:00:00,1.0648,1.0769,NaN,NaN
2015-10-20 02:00:00,1.2342,0.9075,NaN,NaN
2015-10-20 03:00:00,1.2584,1.1253,NaN,NaN
2015-10-20 04:00:00,1.4036,0.9922,NaN,1.8513
2015-10-20 05:00:00,1.1979,1.0164,NaN,NaN
2015-10-20 06:00:00,1.452,0.8833,NaN,NaN
2015-10-20 07:00:00,1.694,0.8107,NaN,NaN
2015-10-20 08:00:00,1.3552,1.1132,0.9196,1.815
2015-10-20 09:00:00,1.7303,0.847,NaN,NaN
2015-10-20 10:00:00,1.8392,1.0769,NaN,NaN
2015-10-20 11:00:00,1.8634,0.8228,NaN,NaN
2015-10-20 12:00:00,1.7787,0.7623,0.8712,1.7424
2015-10-20 13:00:00,1.6698,0.7502,NaN,NaN
2015-10-20 14:00:00,1.6456,0.7986,NaN,NaN
2015-10-20 15:00:00,1.3915,0.9075,NaN,NaN
2015-10-20 16:00:00,1.1011,0.6776,1.0769,1.694
2015-10-20 17:00:00,0.968,0.7744,NaN,NaN
2015-10-20 18:00:00,1.0527,0.8954,NaN,NaN
2015-10-20 19:00:00,1.0406,0.968,NaN,NaN
2015-10-20 20:00:00,2.0812,1.0406,0.968,1.3915
2015-10-20 21:00:00,2.9887,1.089,NaN,NaN
2015-10-20 22:00:00,2.7104,0.9438,NaN,NaN
2015-10-20 23:00:00,1.9965,0.6776,NaN,NaN
2015-10-21 00:00:00,1.8029,1.21,0.9438,1.5851
2015-10-21 01:00:00,1.6214,0.9196,NaN,NaN
2015-10-21 02:00:00,1.9481,0.9438,NaN,NaN
2015-10-21 03:00:00,0.8833,0.8349,NaN,NaN
2015-10-21 04:00:00,1.1858,0.9438,1.0164,1.9723
2015-10-21 05:00:00,1.1616,1.1737,NaN,NaN
2015-10-21 06:00:00,1.1858,0.9196,NaN,NaN
2015-10-21 07:00:00,1.1495,1.2705,NaN,NaN
2015-10-21 08:00:00,1.1011,0.9317,0.968,1.6819
2015-10-21 09:00:00,1.3189,1.1011,NaN,NaN
2015-10-21 10:00:00,1.1132,0.847,NaN,NaN
2015-10-21 11:00:00,1.1979,1.3552,NaN,NaN
2015-10-21 12:00:00,0.8228,0.968,0.9317,1.5851
2015-10-21 13:00:00,1.0769,1.1011,NaN,NaN
2015-10-21 14:00:00,1.1011,1.1011,NaN,NaN
2015-10-21 15:00:00,1.3189,1.1979,NaN,NaN
2015-10-21 16:00:00,1.2584,1.4036,1.0527,1.331
2015-10-21 17:00:00,1.2221,1.0406,NaN,NaN
2015-10-21 18:00:00,1.1616,1.3673,NaN,NaN
2015-10-21 19:00:00,1.089,1.5004,NaN,NaN
2015-10-21 20:00:00,1.1495,1.7666,1.1858,1.5246
2015-10-21 21:00:00,1.4157,1.6819,NaN,NaN
2015-10-21 22:00:00,1.3673,1.4762,NaN,NaN
2015-10-21 23:00:00,1.4762,1.7061,NaN,NaN
2015-10-22 00:00:00,1.331,1.5004,0.8228,1.573
2015-10-22 01:00:00,2.3474,1.1737,NaN,NaN
2015-10-22 02:00:00,1.5125,0.8349,NaN,NaN
2015-10-22 03:00:00,1.9239,0.8833,NaN,NaN
2015-10-22 04:00:00,1.5367,1.0406,0.7381,1.573
2015-10-22 05:00:00,1.5851,1.0285,NaN,NaN
2015-10-22 06:00:00,1.6819,0.8833,NaN,NaN
2015-10-22 07:00:00,1.2826,1.0527,NaN,NaN
2015-10-22 08:00:00,1.4641,1.573,0.7986,1.6093
2015-10-22 09:00:00,1.6577,0.9075,NaN,NaN
2015-10-22 10:00:00,1.0648,0.8349,NaN,NaN
2015-10-22 11:00:00,1.2826,0.8954,NaN,NaN
2015-10-22 12:00:00,1.3915,1.0406,0.8833,1.8029
2015-10-22 13:00:00,1.2584,0.9196,NaN,NaN
2015-10-22 14:00:00,1.1979,1.2705,NaN,NaN
2015-10-22 15:00:00,1.2463,1.0164,NaN,NaN
2015-10-22 16:00:00,1.4399,1.1495,1.0769,1.5367
2015-10-22 17:00:00,1.5851,0.6292,NaN,NaN
2015-10-22 18:00:00,1.4762,0.5687,NaN,NaN
2015-10-22 19:00:00,1.6214,0.8591,NaN,NaN
2015-10-22 20:00:00,2.0933,1.1979,NaN,1.452
2015-10-22 21:00:00,2.2627,1.1011,NaN,NaN
2015-10-22 22:00:00,2.1659,1.1495,NaN,NaN
2015-10-22 23:00:00,1.9602,1.2342,NaN,NaN
2015-10-23 00:00:00,1.7787,NaN,NaN,2.299
2015-10-23 01:00:00,1.815,NaN,NaN,NaN
2015-10-23 02:00:00,1.573,NaN,NaN,NaN
2015-10-23 03:00:00,1.5972,NaN,NaN,NaN
2015-10-23 04:00:00,1.4157,NaN,NaN,1.936
2015-10-23 05:00:00,1.4883,NaN,NaN,NaN
2015-10-23 06:00:00,1.3431,NaN,NaN,NaN
2015-10-23 07:00:00,1.4883,NaN,NaN,NaN
2015-10-23 08:00:00,1.21,NaN,0.9438,1.7908
2015-10-23 09:00:00,1.0648,NaN,NaN,NaN
2015-10-23 10:00:00,1.2584,NaN,NaN,NaN
2015-10-23 11:00:00,1.5004,NaN,NaN,NaN
2015-10-23 12:00:00,1.3915,NaN,0.9196,1.8271
2015-10-23 13:00:00,1.3431,NaN,NaN,NaN
2015-10-23 14:00:00,1.4278,NaN,NaN,NaN
2015-10-23 15:00:00,1.3794,NaN,NaN,NaN
2015-10-23 16:00:00,1.4641,NaN,0.9438,1.6335
2015-10-23 17:00:00,1.5488,NaN,NaN,NaN
2015-10-23 18:00:00,1.5246,NaN,NaN,NaN
2015-10-23 19:00:00,1.4883,NaN,NaN,NaN
2015-10-23 20:00:00,1.6577,NaN,0.9317,1.5004
2015-10-23 21:00:00,1.3552,NaN,NaN,NaN
2015-10-23 22:00:00,1.3673,NaN,NaN,NaN
2015-10-23 23:00:00,1.3189,NaN,NaN,NaN
2015-10-24 00:00:00,1.331,NaN,0.8712,1.5851
2015-10-24 01:00:00,1.8634,NaN,NaN,NaN
2015-10-24 02:00:00,1.7303,NaN,NaN,NaN
2015-10-24 03:00:00,1.5367,NaN,NaN,NaN
2015-10-24 04:00:00,1.4278,NaN,1.0406,1.8392
2015-10-24 05:00:00,1.331,NaN,NaN,NaN
2015-10-24 06:00:00,1.4157,NaN,NaN,NaN
2015-10-24 07:00:00,1.4883,NaN,NaN,NaN
2015-10-24 08:00:00,1.3189,NaN,0.8107,1.9965
2015-10-24 09:00:00,1.2947,NaN,NaN,NaN
2015-10-24 10:00:00,1.2947,NaN,NaN,NaN
2015-10-24 11:00:00,1.1858,NaN,NaN,NaN
2015-10-24 12:00:00,1.2705,NaN,NaN,1.9602
2015-10-24 13:00:00,1.4157,NaN,NaN,NaN
2015-10-24 14:00:00,1.4278,NaN,NaN,NaN
2015-10-24 15:00:00,1.2826,NaN,NaN,NaN
2015-10-24 16:00:00,1.21,NaN,0.9317,1.7182
2015-10-24 17:00:00,1.3794,NaN,NaN,NaN
2015-10-24 18:00:00,1.2342,NaN,NaN,NaN
2015-10-24 19:00:00,1.2584,NaN,NaN,NaN
2015-10-24 20:00:00,1.2463,NaN,1.0648,1.7424
2015-10-24 21:00:00,1.331,NaN,NaN,NaN
2015-10-24 22:00:00,1.3794,NaN,NaN,NaN
2015-10-24 23:00:00,1.4883,NaN,NaN,NaN
2015-10-25 00:00:00,1.331,NaN,1.1011,1.5851
2015-10-25 01:00:00,1.4278,NaN,NaN,NaN
2015-10-25 02:00:00,1.5488,NaN,NaN,NaN
2015-10-25 03:00:00,1.3068,NaN,NaN,NaN
2015-10-25 04:00:00,1.2342,NaN,NaN,1.9481
2015-10-25 05:00:00,1.21,NaN,NaN,NaN
2015-10-25 06:00:00,1.1495,NaN,NaN,NaN
2015-10-25 07:00:00,1.1374,NaN,NaN,NaN
2015-10-25 08:00:00,1.1737,NaN,0.9317,2.0691
2015-10-25 09:00:00,1.1616,NaN,NaN,NaN
2015-10-25 10:00:00,1.1737,NaN,NaN,NaN
2015-10-25 11:00:00,1.1011,NaN,NaN,NaN
2015-10-25 12:00:00,1.1011,NaN,0.9317,1.9481
2015-10-25 13:00:00,1.0769,NaN,NaN,NaN
2015-10-25 14:00:00,1.1737,NaN,NaN,NaN
2015-10-25 15:00:00,1.2584,NaN,NaN,NaN
2015-10-25 16:00:00,1.1011,NaN,0.9438,1.8997
2015-10-25 17:00:00,1.0769,NaN,NaN,NaN
2015-10-25 18:00:00,1.1858,NaN,NaN,NaN
2015-10-25 19:00:00,1.1132,NaN,NaN,NaN
2015-10-25 20:00:00,1.2342,NaN,0.9801,1.694
2015-10-25 21:00:00,1.1979,NaN,NaN,NaN
2015-10-25 22:00:00,1.3068,NaN,NaN,NaN
2015-10-25 23:00:00,1.1979,NaN,NaN,NaN
2015-10-26 00:00:00,1.0769,NaN,0.9075,2.8193
2015-10-26 01:00:00,1.0043,NaN,NaN,NaN
2015-10-26 02:00:00,0.9438,NaN,NaN,NaN
2015-10-26 03:00:00,0.8833,NaN,NaN,NaN
2015-10-26 04:00:00,0.9317,NaN,0.9559,2.1054
2015-10-26 05:00:00,0.9317,NaN,NaN,NaN
2015-10-26 06:00:00,0.9075,NaN,NaN,NaN
2015-10-26 07:00:00,0.968,NaN,NaN,NaN
2015-10-26 08:00:00,1.0043,NaN,0.9317,2.2869
2015-10-26 09:00:00,1.0406,NaN,NaN,NaN
2015-10-26 10:00:00,1.0406,NaN,NaN,NaN
2015-10-26 11:00:00,1.0043,NaN,NaN,NaN
2015-10-26 12:00:00,0.9559,NaN,0.9801,1.815
2015-10-26 13:00:00,0.9317,NaN,NaN,NaN
2015-10-26 14:00:00,0.8954,NaN,NaN,NaN
2015-10-26 15:00:00,0.9196,NaN,NaN,NaN
2015-10-26 16:00:00,0.8833,NaN,0.9075,1.7545
2015-10-26 17:00:00,0.9801,NaN,NaN,NaN
2015-10-26 18:00:00,1.1253,NaN,NaN,NaN
2015-10-26 19:00:00,1.2342,NaN,NaN,NaN
2015-10-26 20:00:00,1.1979,NaN,1.0406,1.7787
2015-10-26 21:00:00,1.1616,NaN,NaN,NaN
2015-10-26 22:00:00,1.4278,NaN,NaN,NaN
2015-10-26 23:00:00,1.573,NaN,NaN,NaN
2015-10-27 00:00:00,1.573,NaN,0.9196,2.0086
2015-10-27 01:00:00,1.5246,NaN,NaN,NaN
2015-10-27 02:00:00,1.4641,NaN,NaN,NaN
2015-10-27 03:00:00,1.4762,NaN,NaN,NaN
2015-10-27 04:00:00,1.331,NaN,1.0043,1.8876
2015-10-27 05:00:00,1.3431,NaN,NaN,NaN
2015-10-27 06:00:00,1.3431,NaN,NaN,NaN
2015-10-27 07:00:00,1.3552,NaN,NaN,NaN
2015-10-27 08:00:00,1.3915,NaN,0.8833,1.815
2015-10-27 09:00:00,1.3794,NaN,NaN,NaN
2015-10-27 10:00:00,1.4399,NaN,NaN,NaN
2015-10-27 11:00:00,1.2584,NaN,NaN,NaN
2015-10-27 12:00:00,1.2463,NaN,0.8349,2.3595
2015-10-27 13:00:00,1.1737,NaN,NaN,NaN
2015-10-27 14:00:00,1.1132,NaN,NaN,NaN
2015-10-27 15:00:00,1.1253,NaN,NaN,NaN
2015-10-27 16:00:00,1.1737,NaN,0.8954,1.694
2015-10-27 17:00:00,1.331,NaN,NaN,NaN
2015-10-27 18:00:00,1.4157,NaN,NaN,NaN
2015-10-27 19:00:00,1.331,NaN,NaN,NaN
2015-10-27 20:00:00,1.3552,NaN,0.9075,1.8392
2015-10-27 21:00:00,1.5609,NaN,NaN,NaN
2015-10-27 22:00:00,1.6698,NaN,NaN,NaN
2015-10-27 23:00:00,1.5488,NaN,NaN,NaN
2015-10-28 00:00:00,1.6214,NaN,0.7865,1.8513
2015-10-28 01:00:00,1.694,NaN,NaN,NaN
2015-10-28 02:00:00,1.6335,NaN,NaN,NaN
2015-10-28 03:00:00,1.6214,NaN,NaN,NaN
2015-10-28 04:00:00,1.5851,NaN,0.8833,2.4563
2015-10-28 05:00:00,1.5004,NaN,NaN,NaN
2015-10-28 06:00:00,1.452,NaN,NaN,NaN
2015-10-28 07:00:00,1.4278,NaN,NaN,NaN
2015-10-28 08:00:00,1.5125,NaN,NaN,1.9965
2015-10-28 09:00:00,1.5125,NaN,NaN,NaN
2015-10-28 10:00:00,1.4762,NaN,NaN,NaN
2015-10-28 11:00:00,1.4399,NaN,NaN,NaN
2015-10-28 12:00:00,1.4036,NaN,NaN,1.8513
2015-10-28 13:00:00,1.3794,NaN,NaN,NaN
2015-10-28 14:00:00,1.331,NaN,NaN,NaN
2015-10-28 15:00:00,1.3915,NaN,NaN,NaN
2015-10-28 16:00:00,1.331,NaN,NaN,1.7787
2015-10-28 17:00:00,1.4762,NaN,NaN,NaN
2015-10-28 18:00:00,1.1858,NaN,NaN,NaN
2015-10-28 19:00:00,1.1374,NaN,NaN,NaN
2015-10-28 20:00:00,1.573,NaN,NaN,1.6819
2015-10-28 21:00:00,1.3068,NaN,NaN,NaN
2015-10-28 22:00:00,1.8029,NaN,NaN,NaN
2015-10-28 23:00:00,1.9723,NaN,NaN,NaN
2015-10-29 00:00:00,1.8876,NaN,NaN,1.936
2015-10-29 01:00:00,1.8392,NaN,NaN,NaN
2015-10-29 02:00:00,1.7303,NaN,NaN,NaN
2015-10-29 03:00:00,1.5488,NaN,NaN,NaN
2015-10-29 04:00:00,1.6214,NaN,0.8228,2.8193
2015-10-29 05:00:00,1.5972,NaN,NaN,NaN
2015-10-29 06:00:00,1.5609,NaN,NaN,NaN
2015-10-29 07:00:00,1.7182,NaN,NaN,NaN
2015-10-29 08:00:00,1.5367,NaN,NaN,3.0855
2015-10-29 09:00:00,1.5004,NaN,NaN,NaN
2015-10-29 10:00:00,1.5004,NaN,NaN,NaN
2015-10-29 11:00:00,1.5488,NaN,NaN,NaN
2015-10-29 12:00:00,1.4883,NaN,NaN,1.9118
2015-10-29 13:00:00,1.331,NaN,NaN,NaN
2015-10-29 14:00:00,1.452,NaN,NaN,NaN
2015-10-29 15:00:00,1.4883,NaN,NaN,NaN
2015-10-29 16:00:00,1.573,NaN,NaN,2.1175
2015-10-29 17:00:00,1.6819,NaN,NaN,NaN
2015-10-29 18:00:00,1.6456,NaN,NaN,NaN
2015-10-29 19:00:00,1.5972,NaN,NaN,NaN
2015-10-29 20:00:00,1.452,NaN,NaN,1.7908
2015-10-29 21:00:00,1.7908,NaN,NaN,NaN
2015-10-29 22:00:00,1.9481,NaN,NaN,NaN
2015-10-29 23:00:00,2.0086,NaN,NaN,NaN
2015-10-30 00:00:00,1.9602,NaN,NaN,2.0933
2015-10-30 01:00:00,1.8755,NaN,NaN,NaN
2015-10-30 02:00:00,1.8029,NaN,NaN,NaN
2015-10-30 03:00:00,1.7545,NaN,NaN,NaN
2015-10-30 04:00:00,1.7424,NaN,NaN,2.0207
2015-10-30 05:00:00,1.8271,NaN,NaN,NaN
2015-10-30 06:00:00,1.7908,NaN,NaN,NaN
2015-10-30 07:00:00,1.6335,NaN,NaN,NaN
2015-10-30 08:00:00,1.7061,NaN,NaN,2.2143
2015-10-30 09:00:00,1.6214,NaN,NaN,NaN
2015-10-30 10:00:00,1.6093,NaN,NaN,NaN
2015-10-30 11:00:00,1.4641,NaN,NaN,NaN
2015-10-30 12:00:00,1.4399,NaN,NaN,2.178
2015-10-30 13:00:00,1.4036,NaN,NaN,NaN
2015-10-30 14:00:00,1.3794,NaN,NaN,NaN
2015-10-30 15:00:00,1.3673,NaN,NaN,NaN
2015-10-30 16:00:00,1.2463,NaN,0.847,2.0812
2015-10-30 17:00:00,1.3794,NaN,NaN,NaN
2015-10-30 18:00:00,1.6214,NaN,NaN,NaN
2015-10-30 19:00:00,1.6456,NaN,NaN,NaN
2015-10-30 20:00:00,1.6456,NaN,NaN,2.1296
2015-10-30 21:00:00,1.8392,NaN,NaN,NaN
2015-10-30 22:00:00,1.8876,NaN,NaN,NaN
2015-10-30 23:00:00,1.7545,NaN,NaN,NaN
2015-10-31 00:00:00,1.8634,NaN,NaN,1.815
2015-10-31 01:00:00,1.7908,NaN,NaN,NaN
2015-10-31 02:00:00,1.7666,NaN,NaN,NaN
2015-10-31 03:00:00,1.694,NaN,NaN,NaN
2015-10-31 04:00:00,1.6698,NaN,NaN,2.057
2015-10-31 05:00:00,1.6214,NaN,NaN,NaN
2015-10-31 06:00:00,1.5851,NaN,NaN,NaN
2015-10-31 07:00:00,1.5367,NaN,NaN,NaN
2015-10-31 08:00:00,1.4762,NaN,0.9559,2.1901
2015-10-31 09:00:00,1.4157,NaN,NaN,NaN
2015-10-31 10:00:00,1.331,NaN,NaN,NaN
2015-10-31 11:00:00,1.2463,NaN,NaN,NaN
2015-10-31 12:00:00,1.2342,NaN,0.8591,2.2506
2015-10-31 13:00:00,1.1979,NaN,NaN,NaN
2015-10-31 14:00:00,1.21,NaN,NaN,NaN
2015-10-31 15:00:00,1.1737,NaN,NaN,NaN
2015-10-31 16:00:00,1.1616,NaN,NaN,1.7666
2015-10-31 17:00:00,1.1616,NaN,NaN,NaN
2015-10-31 18:00:00,1.1737,NaN,NaN,NaN
2015-10-31 19:00:00,1.1011,NaN,NaN,NaN
2015-10-31 20:00:00,1.1979,NaN,NaN,1.8755
2015-10-31 21:00:00,1.2705,NaN,NaN,NaN
2015-10-31 22:00:00,1.2826,NaN,NaN,NaN
2015-10-31 23:00:00,1.2342,NaN,NaN,NaN
2015-11-01 00:00:00,1.2947,NaN,NaN,1.7908
2015-11-01 01:00:00,1.3794,NaN,NaN,NaN
2015-11-01 02:00:00,1.3189,NaN,NaN,NaN
2015-11-01 03:00:00,1.3794,NaN,NaN,NaN
2015-11-01 04:00:00,1.3431,NaN,NaN,2.0449
2015-11-01 05:00:00,1.5004,NaN,NaN,NaN
2015-11-01 06:00:00,1.6214,NaN,NaN,NaN
2015-11-01 07:00:00,1.5972,NaN,NaN,NaN
2015-11-01 08:00:00,1.2826,NaN,NaN,2.1417
2015-11-01 09:00:00,1.2221,NaN,NaN,NaN
2015-11-01 10:00:00,1.3068,NaN,NaN,NaN
2015-11-01 11:00:00,1.5004,NaN,NaN,NaN
2015-11-01 12:00:00,1.5972,NaN,NaN,1.9965
2015-11-01 13:00:00,1.4883,NaN,NaN,NaN
2015-11-01 14:00:00,1.2705,NaN,NaN,NaN
2015-11-01 15:00:00,1.3431,NaN,NaN,NaN
2015-11-01 16:00:00,1.3068,NaN,NaN,1.7061
2015-11-01 17:00:00,1.3673,NaN,NaN,NaN
2015-11-01 18:00:00,1.5488,NaN,NaN,NaN
2015-11-01 19:00:00,1.936,NaN,NaN,NaN
2015-11-01 20:00:00,2.3837,NaN,NaN,1.6577
2015-11-01 21:00:00,2.5289,NaN,NaN,NaN
2015-11-01 22:00:00,2.6983,NaN,NaN,NaN
2015-11-01 23:00:00,2.8193,NaN,NaN,NaN
2015-11-02 00:00:00,2.8677,NaN,NaN,1.7182
2015-11-02 01:00:00,2.6862,NaN,NaN,NaN
2015-11-02 02:00:00,2.42,NaN,NaN,NaN
2015-11-02 03:00:00,2.4079,NaN,NaN,NaN
2015-11-02 04:00:00,2.5047,NaN,NaN,1.9118
2015-11-02 05:00:00,1.8271,NaN,NaN,NaN
2015-11-02 06:00:00,1.7908,NaN,NaN,NaN
2015-11-02 07:00:00,1.3794,NaN,NaN,NaN
2015-11-02 08:00:00,2.0449,NaN,NaN,1.8755
2015-11-02 09:00:00,2.541,NaN,NaN,NaN
2015-11-02 10:00:00,2.8314,NaN,NaN,NaN
2015-11-02 11:00:00,2.2627,NaN,NaN,NaN
2015-11-02 12:00:00,3.0613,NaN,NaN,1.7787
2015-11-02 13:00:00,2.3353,NaN,NaN,NaN
2015-11-02 14:00:00,2.0691,NaN,NaN,NaN
2015-11-02 15:00:00,2.178,NaN,NaN,NaN
2015-11-02 16:00:00,2.0207,NaN,NaN,1.6335
2015-11-02 17:00:00,2.3232,NaN,NaN,NaN
2015-11-02 18:00:00,3.2549,NaN,NaN,NaN
2015-11-02 19:00:00,3.3154,NaN,NaN,NaN
2015-11-02 20:00:00,3.5937,NaN,NaN,1.6456
2015-11-02 21:00:00,3.6179,NaN,NaN,NaN
2015-11-02 22:00:00,3.1702,NaN,NaN,NaN
2015-11-02 23:00:00,3.3396,NaN,NaN,NaN
2015-11-03 00:00:00,3.146,NaN,NaN,1.8513
2015-11-03 01:00:00,3.4364,NaN,NaN,NaN
2015-11-03 02:00:00,2.057,NaN,NaN,NaN
2015-11-03 03:00:00,2.5289,NaN,NaN,NaN
2015-11-03 04:00:00,2.7467,NaN,NaN,1.7787
2015-11-03 05:00:00,3.8962,NaN,NaN,NaN
2015-11-03 06:00:00,3.5332,NaN,NaN,NaN
2015-11-03 07:00:00,3.2428,NaN,NaN,NaN
2015-11-03 08:00:00,3.0008,NaN,NaN,1.8513
2015-11-03 09:00:00,2.8314,NaN,NaN,NaN
2015-11-03 10:00:00,2.5894,NaN,NaN,NaN
2015-11-03 11:00:00,3.2065,NaN,NaN,NaN
2015-11-03 12:00:00,3.3154,NaN,NaN,1.6456
2015-11-03 13:00:00,4.0656,NaN,NaN,NaN
2015-11-03 14:00:00,3.0492,NaN,NaN,NaN
2015-11-03 15:00:00,2.3716,NaN,NaN,NaN
2015-11-03 16:00:00,2.3716,NaN,NaN,1.6577
2015-11-03 17:00:00,2.2627,NaN,NaN,NaN
2015-11-03 18:00:00,2.2264,NaN,NaN,NaN
2015-11-03 19:00:00,2.0207,NaN,NaN,NaN
2015-11-03 20:00:00,1.8755,NaN,NaN,1.4762
2015-11-03 21:00:00,1.9723,NaN,NaN,NaN
2015-11-03 22:00:00,2.3474,NaN,NaN,NaN
2015-11-03 23:00:00,3.4001,NaN,NaN,NaN
2015-11-04 00:00:00,2.7951,NaN,NaN,1.5609
2015-11-04 01:00:00,3.1823,NaN,NaN,NaN
2015-11-04 02:00:00,3.2428,NaN,NaN,NaN
2015-11-04 03:00:00,2.7588,NaN,NaN,NaN
2015-11-04 04:00:00,3.3275,NaN,NaN,1.8271
2015-11-04 05:00:00,3.4364,NaN,NaN,NaN
2015-11-04 06:00:00,2.8798,NaN,NaN,NaN
2015-11-04 07:00:00,2.8798,NaN,NaN,NaN
2015-11-04 08:00:00,1.7666,NaN,NaN,1.6335
2015-11-04 09:00:00,1.5609,NaN,NaN,NaN
2015-11-04 10:00:00,1.7787,NaN,NaN,NaN
2015-11-04 11:00:00,1.936,NaN,NaN,NaN
2015-11-04 12:00:00,2.0933,NaN,NaN,1.5367
2015-11-04 13:00:00,2.1417,NaN,NaN,NaN
2015-11-04 14:00:00,2.2869,NaN,NaN,NaN
2015-11-04 15:00:00,2.2506,NaN,NaN,NaN
2015-11-04 16:00:00,2.0691,NaN,NaN,1.8634
2015-11-04 17:00:00,2.178,NaN,NaN,NaN
2015-11-04 18:00:00,2.9403,NaN,NaN,NaN
2015-11-04 19:00:00,2.5652,NaN,NaN,NaN
2015-11-04 20:00:00,2.178,NaN,NaN,1.7303
2015-11-04 21:00:00,2.4684,NaN,NaN,NaN
2015-11-04 22:00:00,2.3111,NaN,NaN,NaN
2015-11-04 23:00:00,1.9844,NaN,NaN,NaN
2015-11-05 00:00:00,2.8193,NaN,NaN,1.6698
2015-11-05 01:00:00,2.4563,NaN,NaN,NaN
2015-11-05 02:00:00,2.5531,NaN,NaN,NaN
2015-11-05 03:00:00,2.5047,NaN,NaN,NaN
2015-11-05 04:00:00,2.2627,NaN,NaN,1.7908
2015-11-05 05:00:00,2.6499,NaN,NaN,NaN
2015-11-05 06:00:00,2.5894,NaN,NaN,NaN
2015-11-05 07:00:00,2.6378,NaN,NaN,NaN
2015-11-05 08:00:00,2.2506,NaN,NaN,2.1538
2015-11-05 09:00:00,2.4805,NaN,NaN,NaN
2015-11-05 10:00:00,2.3837,NaN,NaN,NaN
2015-11-05 11:00:00,2.3716,NaN,NaN,NaN
2015-11-05 12:00:00,2.0812,NaN,NaN,1.8876
2015-11-05 13:00:00,2.5289,NaN,NaN,NaN
2015-11-05 14:00:00,2.6136,NaN,NaN,NaN
2015-11-05 15:00:00,2.5168,NaN,NaN,NaN
2015-11-05 16:00:00,2.5531,NaN,NaN,1.815
2015-11-05 17:00:00,2.1901,NaN,NaN,NaN
2015-11-05 18:00:00,2.2264,NaN,NaN,NaN
2015-11-05 19:00:00,2.6015,NaN,NaN,NaN
2015-11-05 20:00:00,2.3595,NaN,NaN,1.7182
2015-11-05 21:00:00,1.8513,NaN,NaN,NaN
2015-11-05 22:00:00,2.2869,NaN,NaN,NaN
2015-11-05 23:00:00,2.4442,NaN,NaN,NaN
2015-11-06 00:00:00,2.6741,NaN,NaN,1.8271
2015-11-06 01:00:00,2.178,NaN,NaN,NaN
2015-11-06 02:00:00,2.1296,NaN,NaN,NaN
2015-11-06 03:00:00,1.8634,NaN,NaN,NaN
2015-11-06 04:00:00,1.9723,NaN,NaN,2.299
2015-11-06 05:00:00,2.057,NaN,NaN,NaN
2015-11-06 06:00:00,1.8876,NaN,NaN,NaN
2015-11-06 07:00:00,2.1296,NaN,NaN,NaN
2015-11-06 08:00:00,2.0933,NaN,NaN,2.3474
2015-11-06 09:00:00,2.0449,NaN,NaN,NaN
2015-11-06 10:00:00,1.9723,NaN,NaN,NaN
2015-11-06 11:00:00,1.9481,NaN,NaN,NaN
2015-11-06 12:00:00,1.9239,NaN,NaN,1.8755
2015-11-06 13:00:00,2.1175,NaN,NaN,NaN
2015-11-06 14:00:00,2.0207,NaN,NaN,NaN
2015-11-06 15:00:00,2.3111,NaN,NaN,NaN
2015-11-06 16:00:00,2.4805,NaN,NaN,1.8634
2015-11-06 17:00:00,2.42,NaN,NaN,NaN
2015-11-06 18:00:00,2.3716,NaN,NaN,NaN
2015-11-06 19:00:00,2.1901,NaN,NaN,NaN
2015-11-06 20:00:00,2.3474,NaN,NaN,1.8392
2015-11-06 21:00:00,2.178,NaN,NaN,NaN
2015-11-06 22:00:00,2.2385,NaN,NaN,NaN
2015-11-06 23:00:00,1.9118,NaN,NaN,NaN
2015-11-07 00:00:00,2.9887,NaN,NaN,1.8029
2015-11-07 01:00:00,2.8677,NaN,NaN,NaN
2015-11-07 02:00:00,2.7225,NaN,NaN,NaN
2015-11-07 03:00:00,2.6983,NaN,NaN,NaN
2015-11-07 04:00:00,2.1901,NaN,NaN,1.9844
2015-11-07 05:00:00,2.299,NaN,NaN,NaN
2015-11-07 06:00:00,2.7225,NaN,NaN,NaN
2015-11-07 07:00:00,2.4926,NaN,NaN,NaN
2015-11-07 08:00:00,2.5168,NaN,NaN,2.057
2015-11-07 09:00:00,2.6499,NaN,NaN,NaN
2015-11-07 10:00:00,2.3595,NaN,NaN,NaN
2015-11-07 11:00:00,2.2143,NaN,NaN,NaN
2015-11-07 12:00:00,2.3111,NaN,NaN,1.8029
2015-11-07 13:00:00,2.2869,NaN,NaN,NaN
2015-11-07 14:00:00,2.4321,NaN,NaN,NaN
2015-11-07 15:00:00,2.7225,NaN,NaN,NaN
2015-11-07 16:00:00,2.3595,NaN,NaN,1.6214
2015-11-07 17:00:00,2.3595,NaN,NaN,NaN
2015-11-07 18:00:00,2.4079,NaN,NaN,NaN
2015-11-07 19:00:00,2.3353,NaN,NaN,NaN
2015-11-07 20:00:00,2.5047,NaN,NaN,1.6577
2015-11-07 21:00:00,2.2506,NaN,NaN,NaN
2015-11-07 22:00:00,2.1417,NaN,NaN,NaN
2015-11-07 23:00:00,2.5773,NaN,NaN,NaN
2015-11-08 00:00:00,2.5894,NaN,NaN,1.9965
2015-11-08 01:00:00,2.6136,NaN,NaN,NaN
2015-11-08 02:00:00,2.4926,NaN,NaN,NaN
2015-11-08 03:00:00,2.9282,NaN,NaN,NaN
2015-11-08 04:00:00,2.4805,NaN,NaN,1.8271
2015-11-08 05:00:00,2.4442,NaN,NaN,NaN
2015-11-08 06:00:00,2.4442,NaN,NaN,NaN
2015-11-08 07:00:00,2.7467,NaN,NaN,NaN
2015-11-08 08:00:00,2.662,NaN,NaN,1.7303
2015-11-08 09:00:00,2.1901,NaN,NaN,NaN
2015-11-08 10:00:00,2.1296,NaN,NaN,NaN
2015-11-08 11:00:00,1.8755,NaN,NaN,NaN
2015-11-08 12:00:00,1.9239,NaN,NaN,1.6335
2015-11-08 13:00:00,1.8755,NaN,NaN,NaN
2015-11-08 14:00:00,1.9844,NaN,NaN,NaN
2015-11-08 15:00:00,1.8876,NaN,NaN,NaN
2015-11-08 16:00:00,2.0086,NaN,NaN,1.5125
2015-11-08 17:00:00,1.8755,NaN,NaN,NaN
2015-11-08 18:00:00,2.2385,NaN,NaN,NaN
2015-11-08 19:00:00,2.5894,NaN,NaN,NaN
2015-11-08 20:00:00,2.1417,NaN,NaN,1.6819
2015-11-08 21:00:00,2.4442,NaN,NaN,NaN
2015-11-08 22:00:00,2.3716,NaN,NaN,NaN
2015-11-08 23:00:00,3.0613,NaN,NaN,NaN
2015-11-09 00:00:00,3.2791,NaN,NaN,2.0691
2015-11-09 01:00:00,3.0371,NaN,NaN,NaN
2015-11-09 02:00:00,2.5773,NaN,NaN,NaN
2015-11-09 03:00:00,2.0691,NaN,NaN,NaN
2015-11-09 04:00:00,2.3474,NaN,NaN,1.815
2015-11-09 05:00:00,2.1901,NaN,NaN,NaN
2015-11-09 06:00:00,1.8392,NaN,NaN,NaN
2015-11-09 07:00:00,1.8755,NaN,NaN,NaN
2015-11-09 08:00:00,2.0086,NaN,NaN,1.8755
2015-11-09 09:00:00,2.178,NaN,NaN,NaN
2015-11-09 10:00:00,2.42,NaN,NaN,NaN
2015-11-09 11:00:00,2.3111,NaN,NaN,NaN
2015-11-09 12:00:00,2.3716,NaN,NaN,2.2022
2015-11-09 13:00:00,2.2869,NaN,NaN,NaN
2015-11-09 14:00:00,2.299,NaN,NaN,NaN
2015-11-09 15:00:00,2.3111,NaN,NaN,NaN
2015-11-09 16:00:00,2.4079,NaN,NaN,1.9602
2015-11-09 17:00:00,2.7588,NaN,NaN,NaN
2015-11-09 18:00:00,2.8556,NaN,NaN,NaN
2015-11-09 19:00:00,3.025,NaN,NaN,NaN
2015-11-09 20:00:00,2.6136,NaN,NaN,1.7908
2015-11-09 21:00:00,3.1218,NaN,NaN,NaN
2015-11-09 22:00:00,3.1581,NaN,NaN,NaN
2015-11-09 23:00:00,2.7225,NaN,NaN,NaN
2015-11-10 00:00:00,2.6136,NaN,NaN,1.4641
2015-11-10 01:00:00,2.4079,NaN,NaN,NaN
2015-11-10 02:00:00,2.3474,NaN,NaN,NaN
2015-11-10 03:00:00,2.3595,NaN,NaN,NaN
2015-11-10 04:00:00,2.1296,NaN,NaN,1.5488
2015-11-10 05:00:00,2.6015,NaN,NaN,NaN
2015-11-10 06:00:00,2.2748,NaN,NaN,NaN
2015-11-10 07:00:00,2.5531,NaN,NaN,NaN
2015-11-10 08:00:00,2.1175,NaN,NaN,1.4157
2015-11-10 09:00:00,2.1296,NaN,NaN,NaN
2015-11-10 10:00:00,2.178,NaN,NaN,NaN
2015-11-10 11:00:00,2.2869,NaN,NaN,NaN
2015-11-10 12:00:00,2.1659,NaN,NaN,1.5851
2015-11-10 13:00:00,2.541,NaN,NaN,NaN
2015-11-10 14:00:00,2.178,NaN,NaN,NaN
2015-11-10 15:00:00,2.4926,NaN,NaN,NaN
2015-11-10 16:00:00,2.0086,NaN,NaN,1.4883
2015-11-10 17:00:00,2.3958,NaN,NaN,NaN
2015-11-10 18:00:00,2.057,NaN,NaN,NaN
2015-11-10 19:00:00,2.4442,NaN,NaN,NaN
2015-11-10 20:00:00,2.6378,NaN,NaN,1.4641
2015-11-10 21:00:00,2.6862,NaN,NaN,NaN
2015-11-10 22:00:00,2.3353,NaN,NaN,NaN
2015-11-10 23:00:00,2.5531,NaN,NaN,NaN
2015-11-11 00:00:00,2.8556,NaN,NaN,1.3673
2015-11-11 01:00:00,2.2869,NaN,NaN,NaN
2015-11-11 02:00:00,2.2264,NaN,NaN,NaN
2015-11-11 03:00:00,2.0328,NaN,NaN,NaN
2015-11-11 04:00:00,2.2627,NaN,NaN,1.6698
2015-11-11 05:00:00,2.178,NaN,NaN,NaN
2015-11-11 06:00:00,2.0933,NaN,NaN,NaN
2015-11-11 07:00:00,2.1296,NaN,NaN,NaN
2015-11-11 08:00:00,1.9602,NaN,NaN,1.6698
2015-11-11 09:00:00,2.0691,NaN,NaN,NaN
2015-11-11 10:00:00,1.8876,NaN,NaN,NaN
2015-11-11 11:00:00,1.8029,NaN,NaN,NaN
2015-11-11 12:00:00,1.8876,NaN,NaN,1.4883
2015-11-11 13:00:00,2.057,NaN,NaN,NaN
2015-11-11 14:00:00,1.9118,NaN,NaN,NaN
2015-11-11 15:00:00,1.8392,NaN,NaN,NaN
2015-11-11 16:00:00,1.6577,NaN,NaN,1.6819
2015-11-11 17:00:00,1.936,NaN,NaN,NaN
2015-11-11 18:00:00,2.2022,NaN,NaN,NaN
2015-11-11 19:00:00,2.0449,NaN,NaN,NaN
2015-11-11 20:00:00,2.4442,NaN,NaN,1.331
2015-11-11 21:00:00,2.5652,NaN,NaN,NaN
2015-11-11 22:00:00,2.7467,NaN,NaN,NaN
2015-11-11 23:00:00,2.8193,NaN,NaN,NaN
2015-11-12 00:00:00,2.541,NaN,NaN,1.4883
2015-11-12 01:00:00,2.5773,NaN,NaN,NaN
2015-11-12 02:00:00,2.3353,NaN,NaN,NaN
2015-11-12 03:00:00,2.5773,NaN,NaN,NaN
2015-11-12 04:00:00,2.5773,NaN,NaN,1.4278
2015-11-12 05:00:00,2.1659,NaN,NaN,NaN
2015-11-12 06:00:00,2.1659,NaN,NaN,NaN
2015-11-12 07:00:00,2.0812,NaN,NaN,NaN
2015-11-12 08:00:00,1.9118,NaN,NaN,1.2947
2015-11-12 09:00:00,2.178,NaN,NaN,NaN
2015-11-12 10:00:00,2.0449,NaN,NaN,NaN
2015-11-12 11:00:00,1.8513,NaN,NaN,NaN
2015-11-12 12:00:00,2.057,NaN,NaN,1.4399
2015-11-12 13:00:00,1.8997,NaN,NaN,NaN
2015-11-12 14:00:00,2.0207,NaN,NaN,NaN
2015-11-12 15:00:00,2.0449,NaN,NaN,NaN
2015-11-12 16:00:00,2.1417,NaN,NaN,1.2221
2015-11-12 17:00:00,2.1659,NaN,NaN,NaN
2015-11-12 18:00:00,2.3837,NaN,NaN,NaN
2015-11-12 19:00:00,2.1901,NaN,NaN,NaN
2015-11-12 20:00:00,2.3958,NaN,NaN,1.3552
2015-11-12 21:00:00,1.9965,NaN,NaN,NaN
2015-11-12 22:00:00,2.2627,NaN,NaN,NaN
2015-11-12 23:00:00,2.2264,NaN,NaN,NaN
2015-11-13 00:00:00,2.2627,NaN,NaN,1.4278
2015-11-13 01:00:00,1.7061,NaN,NaN,NaN
2015-11-13 02:00:00,1.4883,NaN,NaN,NaN
2015-11-13 03:00:00,1.4278,NaN,NaN,NaN
2015-11-13 04:00:00,1.3068,NaN,NaN,1.5609
2015-11-13 05:00:00,1.1616,NaN,NaN,NaN
2015-11-13 06:00:00,1.0406,NaN,NaN,NaN
2015-11-13 07:00:00,0.9559,NaN,NaN,NaN
2015-11-13 08:00:00,0.9438,NaN,NaN,1.5367
2015-11-13 09:00:00,0.8833,NaN,NaN,NaN
2015-11-13 10:00:00,0.9438,NaN,NaN,NaN
2015-11-13 11:00:00,0.9438,NaN,NaN,NaN
2015-11-13 12:00:00,0.9317,NaN,NaN,1.4641
2015-11-13 13:00:00,0.9075,NaN,NaN,NaN
2015-11-13 14:00:00,0.9075,NaN,NaN,NaN
2015-11-13 15:00:00,0.8954,NaN,NaN,NaN
2015-11-13 16:00:00,0.847,NaN,NaN,1.6093
2015-11-13 17:00:00,0.8591,NaN,NaN,NaN
2015-11-13 18:00:00,0.9317,NaN,NaN,NaN
2015-11-13 19:00:00,1.0164,NaN,NaN,NaN
2015-11-13 20:00:00,1.1253,NaN,NaN,1.6335
2015-11-13 21:00:00,1.2463,NaN,NaN,NaN
2015-11-13 22:00:00,1.3794,NaN,NaN,NaN
2015-11-13 23:00:00,1.3552,NaN,NaN,NaN
2015-11-14 00:00:00,1.2826,NaN,NaN,1.7787
2015-11-14 01:00:00,0.8712,NaN,NaN,NaN
2015-11-14 02:00:00,0.9438,NaN,NaN,NaN
2015-11-14 03:00:00,1.1253,NaN,NaN,NaN
2015-11-14 04:00:00,1.1495,NaN,NaN,1.4762
2015-11-14 05:00:00,1.0043,NaN,NaN,NaN
2015-11-14 06:00:00,1.0648,NaN,NaN,NaN
2015-11-14 07:00:00,0.9317,NaN,NaN,NaN
2015-11-14 08:00:00,0.9922,NaN,NaN,1.4641
2015-11-14 09:00:00,0.968,NaN,NaN,NaN
2015-11-14 10:00:00,1.0164,NaN,NaN,NaN
2015-11-14 11:00:00,1.0043,NaN,NaN,NaN
2015-11-14 12:00:00,0.9559,NaN,NaN,1.5246
2015-11-14 13:00:00,0.9801,NaN,NaN,NaN
2015-11-14 14:00:00,0.9922,NaN,NaN,NaN
2015-11-14 15:00:00,1.0164,NaN,NaN,NaN
2015-11-14 16:00:00,1.0043,NaN,NaN,1.4157
2015-11-14 17:00:00,1.0043,NaN,NaN,NaN
2015-11-14 18:00:00,1.1011,NaN,NaN,NaN
2015-11-14 19:00:00,1.2947,NaN,NaN,NaN
2015-11-14 20:00:00,1.3673,NaN,NaN,2.4321
2015-11-14 21:00:00,1.2705,NaN,NaN,NaN
2015-11-14 22:00:00,1.3915,NaN,NaN,NaN
2015-11-14 23:00:00,1.2705,NaN,NaN,NaN
2015-11-15 00:00:00,1.2947,NaN,NaN,2.2506
2015-11-15 01:00:00,1.1495,NaN,NaN,NaN
2015-11-15 02:00:00,1.1979,NaN,NaN,NaN
2015-11-15 03:00:00,1.0648,NaN,NaN,NaN
2015-11-15 04:00:00,1.2221,NaN,NaN,1.452
2015-11-15 05:00:00,1.4036,NaN,NaN,NaN
2015-11-15 06:00:00,1.5609,NaN,NaN,NaN
2015-11-15 07:00:00,1.7303,NaN,NaN,NaN
2015-11-15 08:00:00,1.9239,NaN,NaN,1.5367
2015-11-15 09:00:00,2.2748,NaN,NaN,NaN
2015-11-15 10:00:00,2.1175,NaN,NaN,NaN
2015-11-15 11:00:00,2.057,NaN,NaN,NaN
2015-11-15 12:00:00,1.9965,NaN,NaN,1.5125
2015-11-15 13:00:00,1.8271,NaN,NaN,NaN
2015-11-15 14:00:00,1.8392,NaN,NaN,NaN
2015-11-15 15:00:00,1.7061,NaN,NaN,NaN
2015-11-15 16:00:00,1.7787,NaN,NaN,1.3794
2015-11-15 17:00:00,1.8029,NaN,NaN,NaN
2015-11-15 18:00:00,1.8634,NaN,NaN,NaN
2015-11-15 19:00:00,1.8876,NaN,NaN,NaN
2015-11-15 20:00:00,1.815,NaN,NaN,1.4036
2015-11-15 21:00:00,1.9118,NaN,NaN,NaN
2015-11-15 22:00:00,2.057,NaN,NaN,NaN
2015-11-15 23:00:00,1.936,NaN,NaN,NaN
2015-11-16 00:00:00,1.9239,NaN,NaN,1.4762
2015-11-16 01:00:00,1.7424,NaN,NaN,NaN
2015-11-16 02:00:00,1.8513,NaN,NaN,NaN
2015-11-16 03:00:00,2.0207,NaN,NaN,NaN
2015-11-16 04:00:00,2.057,NaN,NaN,1.4036
2015-11-16 05:00:00,1.9965,NaN,NaN,NaN
2015-11-16 06:00:00,2.057,NaN,NaN,NaN
2015-11-16 07:00:00,1.9481,NaN,NaN,NaN
2015-11-16 08:00:00,1.9481,NaN,NaN,1.2705
2015-11-16 09:00:00,1.8271,NaN,NaN,NaN
2015-11-16 10:00:00,1.7787,NaN,NaN,NaN
2015-11-16 11:00:00,1.8634,NaN,NaN,NaN
2015-11-16 12:00:00,1.7787,NaN,NaN,1.4883
2015-11-16 13:00:00,1.8755,NaN,NaN,NaN
2015-11-16 14:00:00,2.0207,NaN,NaN,NaN
2015-11-16 15:00:00,1.8997,NaN,NaN,NaN
2015-11-16 16:00:00,1.7545,NaN,NaN,1.4036
2015-11-16 17:00:00,1.5004,NaN,NaN,NaN
2015-11-16 18:00:00,1.3673,NaN,NaN,NaN
2015-11-16 19:00:00,1.3552,NaN,NaN,NaN
2015-11-16 20:00:00,1.3068,NaN,NaN,1.2584
2015-11-16 21:00:00,1.3431,NaN,NaN,NaN
2015-11-16 22:00:00,1.331,NaN,NaN,NaN
2015-11-16 23:00:00,1.3431,NaN,NaN,NaN
2015-11-17 00:00:00,1.1374,NaN,NaN,1.1616
2015-11-17 01:00:00,1.1374,NaN,NaN,NaN
2015-11-17 02:00:00,1.1495,NaN,NaN,NaN
2015-11-17 03:00:00,1.2826,NaN,NaN,NaN
2015-11-17 04:00:00,1.1858,NaN,NaN,1.3552
2015-11-17 05:00:00,1.1979,NaN,NaN,NaN
2015-11-17 06:00:00,1.1011,NaN,NaN,NaN
2015-11-17 07:00:00,1.0769,NaN,NaN,NaN
2015-11-17 08:00:00,1.0164,NaN,NaN,1.3189
2015-11-17 09:00:00,0.9922,NaN,NaN,NaN
2015-11-17 10:00:00,0.9438,NaN,NaN,NaN
2015-11-17 11:00:00,0.9559,NaN,NaN,NaN
2015-11-17 12:00:00,0.968,NaN,NaN,1.2463
2015-11-17 13:00:00,0.8954,NaN,NaN,NaN
2015-11-17 14:00:00,0.9196,NaN,NaN,NaN
2015-11-17 15:00:00,0.9075,NaN,NaN,NaN
2015-11-17 16:00:00,0.8712,NaN,NaN,1.1616
2015-11-17 17:00:00,0.847,NaN,NaN,NaN
2015-11-17 18:00:00,0.8712,NaN,NaN,NaN
2015-11-17 19:00:00,0.9438,NaN,NaN,NaN
2015-11-17 20:00:00,0.8954,NaN,NaN,1.2705
2015-11-17 21:00:00,0.8591,NaN,NaN,NaN
2015-11-17 22:00:00,0.8954,NaN,NaN,NaN
2015-11-17 23:00:00,0.8712,NaN,NaN,NaN
2015-11-18 00:00:00,0.9317,NaN,NaN,1.1858
2015-11-18 01:00:00,0.9196,NaN,NaN,NaN
2015-11-18 02:00:00,0.8954,NaN,NaN,NaN
2015-11-18 03:00:00,0.9196,NaN,NaN,NaN
2015-11-18 04:00:00,0.8833,NaN,NaN,1.1979
2015-11-18 05:00:00,0.8349,NaN,NaN,NaN
2015-11-18 06:00:00,0.8712,NaN,NaN,NaN
2015-11-18 07:00:00,0.8833,NaN,NaN,NaN
2015-11-18 08:00:00,0.9196,NaN,NaN,1.2463
2015-11-18 09:00:00,0.9075,NaN,NaN,NaN
2015-11-18 10:00:00,0.8349,NaN,NaN,NaN
2015-11-18 11:00:00,0.8349,NaN,NaN,NaN
2015-11-18 12:00:00,0.7986,NaN,NaN,1.2221
2015-11-18 13:00:00,0.8107,NaN,NaN,NaN
2015-11-18 14:00:00,0.7865,NaN,NaN,NaN
2015-11-18 15:00:00,0.8107,NaN,NaN,NaN
2015-11-18 16:00:00,0.7986,NaN,NaN,1.21
2015-11-18 17:00:00,0.7744,NaN,NaN,NaN
2015-11-18 18:00:00,0.8349,NaN,NaN,NaN
2015-11-18 19:00:00,0.8228,NaN,NaN,NaN
2015-11-18 20:00:00,0.8349,NaN,NaN,1.1253
2015-11-18 21:00:00,0.9559,NaN,NaN,NaN
2015-11-18 22:00:00,0.968,NaN,NaN,NaN
2015-11-18 23:00:00,0.9559,NaN,NaN,NaN
2015-11-19 00:00:00,0.9196,NaN,NaN,1.1253
2015-11-19 01:00:00,0.9196,NaN,NaN,NaN
2015-11-19 02:00:00,0.9196,NaN,NaN,NaN
2015-11-19 03:00:00,0.9196,NaN,NaN,NaN
2015-11-19 04:00:00,1.0285,NaN,NaN,1.2463
2015-11-19 05:00:00,1.0043,NaN,NaN,NaN
2015-11-19 06:00:00,0.7744,NaN,NaN,NaN
2015-11-19 07:00:00,0.8107,NaN,NaN,NaN
2015-11-19 08:00:00,0.9438,NaN,NaN,1.0164
2015-11-19 09:00:00,1.0406,NaN,NaN,NaN
2015-11-19 10:00:00,0.9801,NaN,NaN,NaN
2015-11-19 11:00:00,1.0043,NaN,NaN,NaN
2015-11-19 12:00:00,0.9559,NaN,NaN,0.9922
2015-11-19 13:00:00,0.9317,NaN,NaN,NaN
2015-11-19 14:00:00,0.9922,NaN,NaN,NaN
2015-11-19 15:00:00,0.9196,NaN,NaN,NaN
2015-11-19 16:00:00,0.968,NaN,NaN,1.0285
2015-11-19 17:00:00,1.0527,NaN,NaN,NaN
2015-11-19 18:00:00,1.1011,NaN,NaN,NaN
2015-11-19 19:00:00,1.0648,NaN,NaN,NaN
2015-11-19 20:00:00,0.968,NaN,NaN,1.1737
2015-11-19 21:00:00,1.1011,NaN,NaN,NaN
2015-11-19 22:00:00,1.1737,NaN,NaN,NaN
2015-11-19 23:00:00,1.1737,NaN,NaN,NaN
2015-11-20 00:00:00,1.2463,NaN,NaN,0.9559
2015-11-20 01:00:00,1.0043,NaN,NaN,NaN
2015-11-20 02:00:00,0.9438,NaN,NaN,NaN
2015-11-20 03:00:00,1.1253,NaN,NaN,NaN
2015-11-20 04:00:00,1.0527,NaN,NaN,1.1011
2015-11-20 05:00:00,1.1374,NaN,NaN,NaN
2015-11-20 06:00:00,1.1253,NaN,NaN,NaN
2015-11-20 07:00:00,1.1374,NaN,NaN,NaN
2015-11-20 08:00:00,1.1737,NaN,NaN,1.0043
2015-11-20 09:00:00,1.2463,NaN,NaN,NaN
2015-11-20 10:00:00,1.2705,NaN,NaN,NaN
2015-11-20 11:00:00,1.0406,NaN,NaN,NaN
2015-11-20 12:00:00,0.968,NaN,NaN,1.089
2015-11-20 13:00:00,0.9922,NaN,NaN,NaN
2015-11-20 14:00:00,0.9438,NaN,NaN,NaN
2015-11-20 15:00:00,0.9317,NaN,NaN,NaN
2015-11-20 16:00:00,1.0527,NaN,NaN,1.0527
2015-11-20 17:00:00,1.1253,NaN,NaN,NaN
2015-11-20 18:00:00,1.1253,NaN,NaN,NaN
2015-11-20 19:00:00,1.1011,NaN,NaN,NaN
2015-11-20 20:00:00,1.1011,NaN,NaN,1.0648
2015-11-20 21:00:00,1.1737,NaN,NaN,NaN
2015-11-20 22:00:00,1.089,NaN,NaN,NaN
2015-11-20 23:00:00,1.0769,NaN,NaN,NaN
2015-11-21 00:00:00,0.9922,NaN,NaN,0.9801
2015-11-21 01:00:00,0.9196,NaN,NaN,NaN
2015-11-21 02:00:00,1.0043,NaN,NaN,NaN
2015-11-21 03:00:00,1.2221,NaN,NaN,NaN
2015-11-21 04:00:00,1.2221,NaN,NaN,1.0406
2015-11-21 05:00:00,0.9922,NaN,NaN,NaN
2015-11-21 06:00:00,1.1253,NaN,NaN,NaN
2015-11-21 07:00:00,0.968,NaN,NaN,NaN
2015-11-21 08:00:00,1.2584,NaN,NaN,1.0285
2015-11-21 09:00:00,1.3189,NaN,NaN,NaN
2015-11-21 10:00:00,1.331,NaN,NaN,NaN
2015-11-21 11:00:00,1.3431,NaN,NaN,NaN
2015-11-21 12:00:00,1.2705,NaN,NaN,1.1737
2015-11-21 13:00:00,1.2584,NaN,NaN,NaN
2015-11-21 14:00:00,1.2221,NaN,NaN,NaN
2015-11-21 15:00:00,1.2705,NaN,NaN,NaN
2015-11-21 16:00:00,1.331,NaN,NaN,1.0527
2015-11-21 17:00:00,1.3673,NaN,NaN,NaN
2015-11-21 18:00:00,1.4278,NaN,NaN,NaN
2015-11-21 19:00:00,1.4157,NaN,NaN,NaN
2015-11-21 20:00:00,1.4762,NaN,NaN,1.0527
2015-11-21 21:00:00,1.5488,NaN,NaN,NaN
2015-11-21 22:00:00,1.5246,NaN,NaN,NaN
2015-11-21 23:00:00,1.5851,NaN,NaN,NaN
2015-11-22 00:00:00,1.452,NaN,NaN,1.1979
2015-11-22 01:00:00,1.3068,NaN,NaN,NaN
2015-11-22 02:00:00,1.3794,NaN,NaN,NaN
2015-11-22 03:00:00,1.4278,NaN,NaN,NaN
2015-11-22 04:00:00,1.3915,NaN,NaN,1.3673
2015-11-22 05:00:00,1.4157,NaN,NaN,NaN
2015-11-22 06:00:00,1.4399,NaN,NaN,NaN
2015-11-22 07:00:00,1.4883,NaN,NaN,NaN
2015-11-22 08:00:00,1.4762,NaN,NaN,1.1495
2015-11-22 09:00:00,1.3189,NaN,NaN,NaN
2015-11-22 10:00:00,1.3915,NaN,NaN,NaN
2015-11-22 11:00:00,1.3431,NaN,NaN,NaN
2015-11-22 12:00:00,1.331,NaN,NaN,1.0648
2015-11-22 13:00:00,1.452,NaN,NaN,NaN
2015-11-22 14:00:00,1.4278,NaN,NaN,NaN
2015-11-22 15:00:00,1.5488,NaN,NaN,NaN
2015-11-22 16:00:00,1.3431,NaN,NaN,1.2463
2015-11-22 17:00:00,1.4883,NaN,NaN,NaN
2015-11-22 18:00:00,1.6456,NaN,NaN,NaN
2015-11-22 19:00:00,1.3431,NaN,NaN,NaN
2015-11-22 20:00:00,1.331,NaN,NaN,1.5004
2015-11-22 21:00:00,1.3189,NaN,NaN,NaN
2015-11-22 22:00:00,1.452,NaN,NaN,NaN
2015-11-22 23:00:00,1.5246,NaN,NaN,NaN
2015-11-23 00:00:00,1.3915,NaN,NaN,1.1858
2015-11-23 01:00:00,1.4883,NaN,NaN,NaN
2015-11-23 02:00:00,1.8271,NaN,NaN,NaN
2015-11-23 03:00:00,1.8634,NaN,NaN,NaN
2015-11-23 04:00:00,1.7787,NaN,NaN,1.3068
2015-11-23 05:00:00,1.694,NaN,NaN,NaN
2015-11-23 06:00:00,1.5609,NaN,NaN,NaN
2015-11-23 07:00:00,1.573,NaN,NaN,NaN
2015-11-23 08:00:00,1.5367,NaN,NaN,1.2221
2015-11-23 09:00:00,1.5246,NaN,NaN,NaN
2015-11-23 10:00:00,1.5851,NaN,NaN,NaN
2015-11-23 11:00:00,1.6214,NaN,NaN,NaN
2015-11-23 12:00:00,1.7908,NaN,NaN,1.1616
2015-11-23 13:00:00,1.5004,NaN,NaN,NaN
2015-11-23 14:00:00,1.3431,NaN,NaN,NaN
2015-11-23 15:00:00,1.4036,NaN,NaN,NaN
2015-11-23 16:00:00,1.8876,NaN,NaN,1.3068
2015-11-23 17:00:00,1.8271,NaN,NaN,NaN
2015-11-23 18:00:00,1.7545,NaN,NaN,NaN
2015-11-23 19:00:00,1.815,NaN,NaN,NaN
2015-11-23 20:00:00,1.694,NaN,NaN,1.4883
2015-11-23 21:00:00,1.7303,NaN,NaN,NaN
2015-11-23 22:00:00,1.7545,NaN,NaN,NaN
2015-11-23 23:00:00,1.3673,NaN,NaN,NaN
2015-11-24 00:00:00,1.3189,NaN,NaN,1.3915
2015-11-24 01:00:00,1.1979,NaN,NaN,NaN
2015-11-24 02:00:00,1.0769,NaN,NaN,NaN
2015-11-24 03:00:00,1.3915,NaN,NaN,NaN
2015-11-24 04:00:00,1.4883,NaN,NaN,1.2947
2015-11-24 05:00:00,1.4399,NaN,NaN,NaN
2015-11-24 06:00:00,1.4278,NaN,NaN,NaN
2015-11-24 07:00:00,1.5367,NaN,NaN,NaN
2015-11-24 08:00:00,1.4399,NaN,NaN,1.3068
2015-11-24 09:00:00,1.2826,NaN,NaN,NaN
2015-11-24 10:00:00,1.4641,NaN,NaN,NaN
2015-11-24 11:00:00,1.5488,NaN,NaN,NaN
2015-11-24 12:00:00,1.5367,NaN,NaN,1.1616
2015-11-24 13:00:00,1.6093,NaN,NaN,NaN
2015-11-24 14:00:00,1.7303,NaN,NaN,NaN
2015-11-24 15:00:00,1.694,NaN,NaN,NaN
2015-11-24 16:00:00,1.8755,NaN,NaN,1.3189
2015-11-24 17:00:00,2.0086,NaN,NaN,NaN
2015-11-24 18:00:00,1.6456,NaN,NaN,NaN
2015-11-24 19:00:00,1.7908,NaN,NaN,NaN
2015-11-24 20:00:00,2.0086,NaN,NaN,1.3673
2015-11-24 21:00:00,1.9481,NaN,NaN,NaN
2015-11-24 22:00:00,1.815,NaN,NaN,NaN
2015-11-24 23:00:00,1.6577,NaN,NaN,NaN
2015-11-25 00:00:00,1.5488,NaN,NaN,1.6698
2015-11-25 01:00:00,1.4883,NaN,NaN,NaN
2015-11-25 02:00:00,1.5851,NaN,NaN,NaN
2015-11-25 03:00:00,1.5246,NaN,NaN,NaN
2015-11-25 04:00:00,1.5851,NaN,NaN,1.3431
2015-11-25 05:00:00,1.9239,NaN,NaN,NaN
2015-11-25 06:00:00,1.3794,NaN,NaN,NaN
2015-11-25 07:00:00,1.6093,NaN,NaN,NaN
2015-11-25 08:00:00,1.6093,NaN,NaN,1.3673
2015-11-25 09:00:00,1.6214,NaN,NaN,NaN
2015-11-25 10:00:00,1.8876,NaN,NaN,NaN
2015-11-25 11:00:00,1.694,NaN,NaN,NaN
2015-11-25 12:00:00,1.6093,NaN,NaN,1.2221
2015-11-25 13:00:00,1.7666,NaN,NaN,NaN
2015-11-25 14:00:00,1.6577,NaN,NaN,NaN
2015-11-25 15:00:00,1.6577,NaN,NaN,NaN
2015-11-25 16:00:00,1.3189,NaN,NaN,1.5488
2015-11-25 17:00:00,1.5851,NaN,NaN,NaN
2015-11-25 18:00:00,1.8997,NaN,NaN,NaN
2015-11-25 19:00:00,1.7787,NaN,NaN,NaN
2015-11-25 20:00:00,1.8271,NaN,NaN,1.3552
2015-11-25 21:00:00,1.7666,NaN,NaN,NaN
2015-11-25 22:00:00,1.8513,NaN,NaN,NaN
2015-11-25 23:00:00,1.9239,NaN,NaN,NaN
2015-11-26 00:00:00,1.8876,NaN,NaN,1.5367
2015-11-26 01:00:00,2.0086,NaN,NaN,NaN
2015-11-26 02:00:00,1.9723,NaN,NaN,NaN
2015-11-26 03:00:00,2.0328,NaN,NaN,NaN
2015-11-26 04:00:00,2.1417,NaN,NaN,1.3794
2015-11-26 05:00:00,2.057,NaN,NaN,NaN
2015-11-26 06:00:00,1.9965,NaN,NaN,NaN
2015-11-26 07:00:00,1.7424,NaN,NaN,NaN
2015-11-26 08:00:00,1.7061,NaN,NaN,1.3794
2015-11-26 09:00:00,1.9481,NaN,NaN,NaN
2015-11-26 10:00:00,1.8271,NaN,NaN,NaN
2015-11-26 11:00:00,1.8513,NaN,NaN,NaN
2015-11-26 12:00:00,1.7061,NaN,NaN,1.3552
2015-11-26 13:00:00,1.9723,NaN,NaN,NaN
2015-11-26 14:00:00,1.8755,NaN,NaN,NaN
2015-11-26 15:00:00,1.8876,NaN,NaN,NaN
2015-11-26 16:00:00,2.178,NaN,NaN,1.2705
2015-11-26 17:00:00,1.8755,NaN,NaN,NaN
2015-11-26 18:00:00,1.9965,NaN,NaN,NaN
2015-11-26 19:00:00,1.8755,NaN,NaN,NaN
2015-11-26 20:00:00,1.7303,NaN,NaN,1.3431
2015-11-26 21:00:00,1.9723,NaN,NaN,NaN
2015-11-26 22:00:00,2.0812,NaN,NaN,NaN
2015-11-26 23:00:00,1.8513,NaN,NaN,NaN
2015-11-27 00:00:00,1.6698,NaN,NaN,1.3794
2015-11-27 01:00:00,1.8755,NaN,NaN,NaN
2015-11-27 02:00:00,1.9965,NaN,NaN,NaN
2015-11-27 03:00:00,2.0449,NaN,NaN,NaN
2015-11-27 04:00:00,2.3111,NaN,NaN,1.4641
2015-11-27 05:00:00,2.2143,NaN,NaN,NaN
2015-11-27 06:00:00,1.9118,NaN,NaN,NaN
2015-11-27 07:00:00,1.9965,NaN,NaN,NaN
2015-11-27 08:00:00,2.2627,NaN,NaN,1.2342
2015-11-27 09:00:00,2.2506,NaN,NaN,NaN
2015-11-27 10:00:00,2.2022,NaN,NaN,NaN
2015-11-27 11:00:00,2.0933,NaN,NaN,NaN
2015-11-27 12:00:00,2.0691,NaN,NaN,1.3794
2015-11-27 13:00:00,2.057,NaN,NaN,NaN
2015-11-27 14:00:00,2.0207,NaN,NaN,NaN
2015-11-27 15:00:00,2.1296,NaN,NaN,NaN
2015-11-27 16:00:00,2.1417,NaN,NaN,1.5367
2015-11-27 17:00:00,2.0449,NaN,NaN,NaN
2015-11-27 18:00:00,2.3837,NaN,NaN,NaN
2015-11-27 19:00:00,2.299,NaN,NaN,NaN
2015-11-27 20:00:00,2.4563,NaN,NaN,1.5609
2015-11-27 21:00:00,2.7346,NaN,NaN,NaN
2015-11-27 22:00:00,2.6257,NaN,NaN,NaN
2015-11-27 23:00:00,2.7225,NaN,NaN,NaN
2015-11-28 00:00:00,2.8435,NaN,NaN,1.4641
2015-11-28 01:00:00,2.6015,NaN,NaN,NaN
2015-11-28 02:00:00,2.5652,NaN,NaN,NaN
2015-11-28 03:00:00,1.5488,NaN,NaN,NaN
2015-11-28 04:00:00,1.331,NaN,NaN,1.1616
2015-11-28 05:00:00,1.5246,NaN,NaN,NaN
2015-11-28 06:00:00,2.2143,NaN,NaN,NaN
2015-11-28 07:00:00,2.7346,NaN,NaN,NaN
2015-11-28 08:00:00,2.6499,NaN,NaN,1.2705
2015-11-28 09:00:00,2.662,NaN,NaN,NaN
2015-11-28 10:00:00,2.5168,NaN,NaN,NaN
2015-11-28 11:00:00,2.662,NaN,NaN,NaN
2015-11-28 12:00:00,2.7588,NaN,NaN,1.5367
2015-11-28 13:00:00,2.6862,NaN,NaN,NaN
2015-11-28 14:00:00,2.7709,NaN,NaN,NaN
2015-11-28 15:00:00,2.9645,NaN,NaN,NaN
2015-11-28 16:00:00,2.6862,NaN,NaN,1.3673
2015-11-28 17:00:00,2.7588,NaN,NaN,NaN
2015-11-28 18:00:00,2.8919,NaN,NaN,NaN
2015-11-28 19:00:00,2.9161,NaN,NaN,NaN
2015-11-28 20:00:00,3.2549,NaN,NaN,1.4762
2015-11-28 21:00:00,3.0008,NaN,NaN,NaN
2015-11-28 22:00:00,2.9161,NaN,NaN,NaN
2015-11-28 23:00:00,3.1339,NaN,NaN,NaN
2015-11-29 00:00:00,3.146,NaN,NaN,1.4762
2015-11-29 01:00:00,2.8072,NaN,NaN,NaN
2015-11-29 02:00:00,2.178,NaN,NaN,NaN
2015-11-29 03:00:00,1.8513,NaN,NaN,NaN
2015-11-29 04:00:00,2.7346,NaN,NaN,1.3431
2015-11-29 05:00:00,2.7346,NaN,NaN,NaN
2015-11-29 06:00:00,2.5894,NaN,NaN,NaN
2015-11-29 07:00:00,2.6257,NaN,NaN,NaN
2015-11-29 08:00:00,2.6015,NaN,NaN,1.1495
2015-11-29 09:00:00,2.5652,NaN,NaN,NaN
2015-11-29 10:00:00,2.6136,NaN,NaN,NaN
2015-11-29 11:00:00,2.662,NaN,NaN,NaN
2015-11-29 12:00:00,2.6136,NaN,NaN,1.2705
2015-11-29 13:00:00,2.6257,NaN,NaN,NaN
2015-11-29 14:00:00,2.5168,NaN,NaN,NaN
2015-11-29 15:00:00,2.6378,NaN,NaN,NaN
2015-11-29 16:00:00,2.4321,NaN,NaN,1.4157
2015-11-29 17:00:00,2.5773,NaN,NaN,NaN
2015-11-29 18:00:00,2.7709,NaN,NaN,NaN
2015-11-29 19:00:00,2.8919,NaN,NaN,NaN
2015-11-29 20:00:00,4.1745,NaN,NaN,1.331
2015-11-29 21:00:00,3.0008,NaN,NaN,NaN
2015-11-29 22:00:00,2.1054,NaN,NaN,NaN
2015-11-29 23:00:00,3.509,NaN,NaN,NaN
2015-11-30 00:00:00,2.3837,NaN,NaN,1.6093
2015-11-30 01:00:00,2.8798,NaN,NaN,NaN
2015-11-30 02:00:00,1.9602,NaN,NaN,NaN
2015-11-30 03:00:00,2.2143,NaN,NaN,NaN
2015-11-30 04:00:00,2.9887,NaN,NaN,1.2705
2015-11-30 05:00:00,2.9403,NaN,NaN,NaN
2015-11-30 06:00:00,2.6015,NaN,NaN,NaN
2015-11-30 07:00:00,2.7104,NaN,NaN,NaN
2015-11-30 08:00:00,3.6542,NaN,NaN,1.2221
2015-11-30 09:00:00,2.8072,NaN,NaN,NaN
2015-11-30 10:00:00,2.7709,NaN,NaN,NaN
2015-11-30 11:00:00,2.5289,NaN,NaN,NaN
2015-11-30 12:00:00,2.8556,NaN,NaN,1.2947
2015-11-30 13:00:00,2.7467,NaN,NaN,NaN
2015-11-30 14:00:00,2.6499,NaN,NaN,NaN
2015-11-30 15:00:00,2.6136,NaN,NaN,NaN
2015-11-30 16:00:00,2.662,NaN,NaN,1.4157
2015-11-30 17:00:00,2.7467,NaN,NaN,NaN
2015-11-30 18:00:00,2.4805,NaN,NaN,NaN
2015-11-30 19:00:00,2.6015,NaN,NaN,NaN
2015-11-30 20:00:00,2.5531,NaN,NaN,1.4036
2015-11-30 21:00:00,2.5531,NaN,NaN,NaN
2015-11-30 22:00:00,2.5168,NaN,NaN,NaN
2015-11-30 23:00:00,2.3837,NaN,NaN,NaN
2015-12-01 00:00:00,2.1538,NaN,NaN,1.5488
