date,North Atlantic,North Pacific,South Pacific
2015-02-01 00:00:00,0.0234,1.9844,NaN
2015-02-01 04:00:00,0.0117,1.8876,NaN
2015-02-01 08:00:00,0.0117,1.9602,NaN
2015-02-01 12:00:00,0.0117,2.0449,NaN
2015-02-01 16:00:00,0.0117,1.8755,NaN
2015-02-01 20:00:00,0.0234,1.9723,NaN
2015-02-02 00:00:00,0.0468,1.8392,NaN
2015-02-02 04:00:00,0.0117,2.0812,NaN
2015-02-02 08:00:00,0.0117,2.0812,NaN
2015-02-02 12:00:00,0.0117,2.0812,NaN
2015-02-02 16:00:00,0.0117,1.9844,NaN
2015-02-02 20:00:00,0.0117,1.452,NaN
2015-02-03 00:00:00,0,2.0449,NaN
2015-02-03 04:00:00,0.0117,2.0812,NaN
2015-02-03 08:00:00,0.0117,2.0207,NaN
2015-02-03 12:00:00,0.0468,2.0328,NaN
2015-02-03 16:00:00,0.0117,2.0086,NaN
2015-02-03 20:00:00,0,1.6456,NaN
2015-02-04 00:00:00,0,1.8392,NaN
2015-02-04 04:00:00,0.0234,2.1175,NaN
2015-02-04 08:00:00,0.0117,2.0328,NaN
2015-02-04 12:00:00,0.0117,2.0812,NaN
2015-02-04 16:00:00,0.0117,2.0812,NaN
2015-02-04 20:00:00,0.0234,1.8392,NaN
2015-02-05 00:00:00,0.0234,1.7908,NaN
2015-02-05 04:00:00,0.0234,2.1054,NaN
2015-02-05 08:00:00,0.0117,1.8392,NaN
2015-02-05 12:00:00,-0.0117,1.8634,NaN
2015-02-05 16:00:00,0.0117,1.8271,NaN
2015-02-05 20:00:00,0.0234,1.3794,NaN
2015-02-06 00:00:00,0,1.6214,NaN
2015-02-06 04:00:00,0.0468,1.8997,NaN
2015-02-06 08:00:00,0.0234,1.8513,NaN
2015-02-06 12:00:00,0.0351,1.9481,NaN
2015-02-06 16:00:00,0,1.8634,NaN
2015-02-06 20:00:00,-0.0117,1.6456,NaN
2015-02-07 00:00:00,0.0117,1.9723,NaN
2015-02-07 04:00:00,0.0117,1.9602,NaN
2015-02-07 08:00:00,0,1.9118,NaN
2015-02-07 12:00:00,0,NaN,NaN
2015-02-07 16:00:00,0.0702,2.0328,NaN
2015-02-07 20:00:00,0.0468,1.6456,NaN
2015-02-08 00:00:00,0.0234,1.8392,NaN
2015-02-08 04:00:00,0.0234,2.0933,NaN
2015-02-08 08:00:00,0.0117,1.9723,NaN
2015-02-08 12:00:00,0.0234,1.8997,NaN
2015-02-08 16:00:00,0.0117,1.936,NaN
2015-02-08 20:00:00,0.0351,1.3915,NaN
2015-02-09 00:00:00,0.0585,1.5125,NaN
2015-02-09 04:00:00,0.0117,1.9965,NaN
2015-02-09 08:00:00,0.0585,1.9481,NaN
2015-02-09 12:00:00,0.0351,1.936,NaN
2015-02-09 16:00:00,0.0234,1.8876,NaN
2015-02-09 20:00:00,0.0351,1.8876,NaN
2015-02-10 00:00:00,0.0351,1.8755,NaN
2015-02-10 04:00:00,0.0351,1.8755,NaN
2015-02-10 08:00:00,0.0117,1.5609,NaN
2015-02-10 12:00:00,0.0351,1.7787,NaN
2015-02-10 16:00:00,0.0351,1.7303,NaN
2015-02-10 20:00:00,0.0117,1.7545,NaN
2015-02-11 00:00:00,0.0351,1.6819,NaN
2015-02-11 04:00:00,0.0234,1.8997,NaN
2015-02-11 08:00:00,0.0234,1.8513,NaN
2015-02-11 12:00:00,0.0585,1.7787,NaN
2015-02-11 16:00:00,0.0117,1.815,NaN
2015-02-11 20:00:00,0.0234,1.5609,NaN
2015-02-12 00:00:00,0.0234,1.694,NaN
2015-02-12 04:00:00,0.0351,1.9481,NaN
2015-02-12 08:00:00,0.0585,1.8634,NaN
2015-02-12 12:00:00,0.0468,1.9602,NaN
2015-02-12 16:00:00,0.0234,1.9118,NaN
2015-02-12 20:00:00,0.0585,1.6698,NaN
2015-02-13 00:00:00,0.0234,1.7303,NaN
2015-02-13 04:00:00,0.0585,1.9723,NaN
2015-02-13 08:00:00,0.0351,1.9239,NaN
2015-02-13 12:00:00,0.0585,1.8876,NaN
2015-02-13 16:00:00,0.0585,1.8392,NaN
2015-02-13 20:00:00,0.0117,1.4036,NaN
2015-02-14 00:00:00,0.0351,1.3915,NaN
2015-02-14 04:00:00,0,1.936,NaN
2015-02-14 08:00:00,0.0117,1.8997,0.0847
2015-02-14 12:00:00,0.0234,1.8271,NaN
2015-02-14 16:00:00,0.0234,1.8513,NaN
2015-02-14 20:00:00,0.0117,1.4883,NaN
2015-02-15 00:00:00,0,1.7787,NaN
2015-02-15 04:00:00,0.0351,2.1538,NaN
2015-02-15 08:00:00,-0.0117,1.9481,NaN
2015-02-15 12:00:00,0.0234,1.9481,NaN
2015-02-15 16:00:00,0.0468,1.8513,NaN
2015-02-15 20:00:00,0.0351,1.8392,NaN
2015-02-16 00:00:00,0.0234,1.8392,NaN
2015-02-16 04:00:00,0.0234,1.9118,NaN
2015-02-16 08:00:00,0.0234,1.9602,NaN
2015-02-16 12:00:00,0.0234,1.8513,NaN
2015-02-16 16:00:00,0.0117,1.7666,NaN
2015-02-16 20:00:00,0.0351,1.6819,NaN
2015-02-17 00:00:00,0.0234,1.452,NaN
2015-02-17 04:00:00,0.0117,2.0207,NaN
2015-02-17 08:00:00,0.0234,1.9965,NaN
2015-02-17 12:00:00,0.0234,1.8755,NaN
2015-02-17 16:00:00,0.0585,1.9602,NaN
2015-02-17 20:00:00,0.0351,1.815,NaN
2015-02-18 00:00:00,0.0351,1.9602,NaN
2015-02-18 04:00:00,0.0117,2.0449,NaN
2015-02-18 08:00:00,0.0234,1.8755,NaN
2015-02-18 12:00:00,0.0702,1.9723,NaN
2015-02-18 16:00:00,0.0702,1.9481,NaN
2015-02-18 20:00:00,0.0234,1.3189,NaN
2015-02-19 00:00:00,0.0117,1.3189,NaN
2015-02-19 04:00:00,0.0117,2.0086,NaN
2015-02-19 08:00:00,0.0468,1.9723,NaN
2015-02-19 12:00:00,0.0585,1.9844,NaN
2015-02-19 16:00:00,0.0351,2.0086,NaN
2015-02-19 20:00:00,0.0234,1.8392,NaN
2015-02-20 00:00:00,0.0351,2.1417,NaN
2015-02-20 04:00:00,0.0351,2.1175,NaN
2015-02-20 08:00:00,0.0234,2.0449,NaN
2015-02-20 12:00:00,0.0234,1.9723,NaN
2015-02-20 16:00:00,0.0234,2.0812,NaN
2015-02-20 20:00:00,0.0234,2.0449,NaN
2015-02-21 00:00:00,0.0351,1.8513,NaN
2015-02-21 04:00:00,0.0351,2.1175,NaN
2015-02-21 08:00:00,0.0585,2.1054,NaN
2015-02-21 12:00:00,0.0351,2.0207,NaN
2015-02-21 16:00:00,0.0351,1.9965,NaN
2015-02-21 20:00:00,0.0351,1.6819,NaN
2015-02-22 00:00:00,0.0234,1.7545,NaN
2015-02-22 04:00:00,0.0234,1.9844,NaN
2015-02-22 08:00:00,0,2.1054,NaN
2015-02-22 12:00:00,0.0468,1.9481,NaN
2015-02-22 16:00:00,0.0351,1.9844,NaN
2015-02-22 20:00:00,0.0351,1.8876,NaN
2015-02-23 00:00:00,0.0585,1.9239,NaN
2015-02-23 04:00:00,0.0468,2.1538,NaN
2015-02-23 08:00:00,0.0351,2.2143,NaN
2015-02-23 12:00:00,0.0468,2.2143,NaN
2015-02-23 16:00:00,0.0585,2.178,NaN
2015-02-23 20:00:00,0.0468,1.8392,NaN
2015-02-24 00:00:00,0.0234,1.7182,NaN
2015-02-24 04:00:00,0.0351,2.1901,NaN
2015-02-24 08:00:00,0.0234,2.178,NaN
2015-02-24 12:00:00,0.0585,2.1054,NaN
2015-02-24 16:00:00,0.0468,1.9239,NaN
2015-02-24 20:00:00,0.0351,2.2143,NaN
2015-02-25 00:00:00,0.0468,1.936,NaN
2015-02-25 04:00:00,0.0351,2.0086,NaN
2015-02-25 08:00:00,0.0351,2.0207,NaN
2015-02-25 12:00:00,0.0351,2.3111,1.1011
2015-02-25 16:00:00,0.0351,2.178,0.0242
2015-02-25 20:00:00,0.0351,1.8755,0.0242
2015-02-26 00:00:00,0.0351,1.8997,0.8833
2015-02-26 04:00:00,0.0234,2.1417,1.331
2015-02-26 08:00:00,0,2.1296,1.3673
2015-02-26 12:00:00,0.0351,2.1175,1.3068
2015-02-26 16:00:00,0.0117,2.1054,1.1979
2015-02-26 20:00:00,0.0468,2.0328,0.9075
2015-02-27 00:00:00,0.0117,1.8029,1.3068
2015-02-27 04:00:00,0.0234,2.0812,1.5125
2015-02-27 08:00:00,0.0117,2.1417,1.4278
2015-02-27 12:00:00,0.0234,2.1659,1.331
2015-02-27 16:00:00,0.0234,2.1296,0.8712
2015-02-27 20:00:00,0.0351,1.5367,0.8591
2015-02-28 00:00:00,0.0234,1.694,1.2584
2015-02-28 04:00:00,0.0351,2.1296,1.5004
2015-02-28 08:00:00,-0.0117,2.2143,1.4399
2015-02-28 12:00:00,0.0351,2.1538,1.4036
2015-02-28 16:00:00,-0.0117,2.2506,0.8954
2015-02-28 20:00:00,0.0468,1.8876,1.1858
2015-03-01 00:00:00,0.0234,1.936,1.3189
2015-03-01 04:00:00,0.0234,2.1296,1.5125
2015-03-01 08:00:00,0.0234,2.2022,1.5125
2015-03-01 12:00:00,0.0234,2.1901,1.3673
2015-03-01 16:00:00,0,2.0933,0.9075
2015-03-01 20:00:00,0.0351,1.8392,0.9075
2015-03-02 00:00:00,0.0702,1.7908,1.331
2015-03-02 04:00:00,0.0468,2.2264,1.5246
2015-03-02 08:00:00,0.0234,2.178,1.5125
2015-03-02 12:00:00,0.0234,2.1901,1.4157
2015-03-02 16:00:00,0.0117,2.3595,1.2584
2015-03-02 20:00:00,0.0702,1.936,1.2463
2015-03-03 00:00:00,0.0234,1.573,1.3915
2015-03-03 04:00:00,0.0468,2.299,1.6456
2015-03-03 08:00:00,0.0468,2.1901,1.5488
2015-03-03 12:00:00,0.0468,2.3958,1.4883
2015-03-03 16:00:00,0.0702,2.178,0.968
2015-03-03 20:00:00,0.0468,NaN,0.9922
2015-03-04 00:00:00,0.0819,NaN,1.4036
2015-03-04 04:00:00,0.0702,NaN,1.5972
2015-03-04 08:00:00,0.0351,2.4321,1.573
2015-03-04 12:00:00,0.0351,7.3326,1.4641
2015-03-04 16:00:00,0.0702,3.0734,0.9438
2015-03-04 20:00:00,0.0468,1.8392,0.9196
2015-03-05 00:00:00,0.0468,2.1054,1.4036
2015-03-05 04:00:00,0.0468,2.1659,1.5367
2015-03-05 08:00:00,0.0702,5.8564,1.5488
2015-03-05 12:00:00,0.0234,NaN,1.4036
2015-03-05 16:00:00,0.0819,2.178,0.9801
2015-03-05 20:00:00,0.0468,6.1952,0.9438
2015-03-06 00:00:00,0.0585,2.0207,1.331
2015-03-06 04:00:00,0.0351,2.2143,1.5246
2015-03-06 08:00:00,0.0468,2.541,1.5488
2015-03-06 12:00:00,0.0468,6.0742,1.4762
2015-03-06 16:00:00,0.0585,2.299,1.0164
2015-03-06 20:00:00,0.0468,3.8236,0.9438
2015-03-07 00:00:00,0,3.1823,1.331
2015-03-07 04:00:00,0.0234,3.6784,1.5367
2015-03-07 08:00:00,0.0702,2.3474,1.5488
2015-03-07 12:00:00,0.0585,NaN,1.4157
2015-03-07 16:00:00,0.0702,2.2627,0.9801
2015-03-07 20:00:00,0.0234,3.8115,0.9438
2015-03-08 00:00:00,0.0468,4.961,1.4036
2015-03-08 04:00:00,0.0585,2.4926,1.6093
2015-03-08 08:00:00,0.0468,2.3111,1.5609
2015-03-08 12:00:00,0.0234,2.4563,1.4399
2015-03-08 16:00:00,0.0468,2.0933,1.0285
2015-03-08 20:00:00,0.2223,5.5297,0.968
2015-03-09 00:00:00,0.0234,4.8763,1.4278
2015-03-09 04:00:00,0.0117,2.4805,1.6456
2015-03-09 08:00:00,0.0468,2.4442,1.6577
2015-03-09 12:00:00,0.0585,2.5773,1.5246
2015-03-09 16:00:00,0.0234,2.1901,1.4036
2015-03-09 20:00:00,0.1053,NaN,0.968
2015-03-10 00:00:00,0.0585,NaN,1.5851
2015-03-10 04:00:00,0.0702,NaN,1.6577
2015-03-10 08:00:00,0.0351,-0.0121,1.6093
2015-03-10 12:00:00,0.0468,2.3232,1.4641
2015-03-10 16:00:00,0.0234,2.299,1.3915
2015-03-10 20:00:00,0.0351,5.3966,1.2342
2015-03-11 00:00:00,0.0468,2.0449,1.4762
2015-03-11 04:00:00,0.0936,5.0699,1.6819
2015-03-11 08:00:00,0.0702,2.1296,1.5972
2015-03-11 12:00:00,0.0468,2.0933,1.5367
2015-03-11 16:00:00,0.0351,5.0215,0.968
2015-03-11 20:00:00,0.0468,2.1054,0.9438
2015-03-12 00:00:00,0.0351,1.8997,1.6335
2015-03-12 04:00:00,0.0468,1.9844,1.7061
2015-03-12 08:00:00,0.0234,2.0449,1.6214
2015-03-12 12:00:00,0.0585,2.057,1.5125
2015-03-12 16:00:00,0.0234,6.292,1.1132
2015-03-12 20:00:00,0.0819,1.8634,1.2463
2015-03-13 00:00:00,0.0351,1.9844,1.5125
2015-03-13 04:00:00,0.0351,NaN,1.6819
2015-03-13 08:00:00,0.0468,2.0691,1.6214
2015-03-13 12:00:00,0.0468,2.0449,1.5246
2015-03-13 16:00:00,0.0585,NaN,1.1858
2015-03-13 20:00:00,0.0585,2.4442,1.2826
2015-03-14 00:00:00,0.0585,NaN,1.5246
2015-03-14 04:00:00,0.0585,7.2237,1.6577
2015-03-14 08:00:00,0.0585,2.4805,1.7545
2015-03-14 12:00:00,0.0702,3.2307,1.5367
2015-03-14 16:00:00,0.0234,3.3154,1.2221
2015-03-14 20:00:00,0.0585,3.1339,1.4399
2015-03-15 00:00:00,0.0585,5.808,1.6093
2015-03-15 04:00:00,0.0702,5.9895,1.8513
2015-03-15 08:00:00,0.0585,2.1659,1.7666
2015-03-15 12:00:00,0.0351,3.8357,1.7303
2015-03-15 16:00:00,0.0468,2.3716,1.2584
2015-03-15 20:00:00,0.0936,1.7787,1.3794
2015-03-16 00:00:00,0.0936,2.0691,1.7061
2015-03-16 04:00:00,0.0702,2.2264,1.8271
2015-03-16 08:00:00,0.0585,2.541,1.6456
2015-03-16 12:00:00,0.0819,2.2627,1.6214
2015-03-16 16:00:00,0.1053,2.0933,1.21
2015-03-16 20:00:00,0.117,1.9844,1.4399
2015-03-17 00:00:00,0.0819,1.9844,1.5972
2015-03-17 04:00:00,0.0234,2.3353,1.7424
2015-03-17 08:00:00,0.0468,2.1538,1.7303
2015-03-17 12:00:00,0.0936,2.1054,1.6093
2015-03-17 16:00:00,0.0702,2.0812,1.0406
2015-03-17 20:00:00,0.0819,1.7666,1.0164
2015-03-18 00:00:00,0.0702,1.8755,1.5972
2015-03-18 04:00:00,0.0585,2.0933,1.6698
2015-03-18 08:00:00,0.0468,2.1175,1.6214
2015-03-18 12:00:00,0.0936,2.0086,1.573
2015-03-18 16:00:00,0.0351,2.0449,1.1011
2015-03-18 20:00:00,0.117,1.694,1.21
2015-03-19 00:00:00,0.1053,1.6819,1.5125
2015-03-19 04:00:00,0.0936,2.0207,1.6093
2015-03-19 08:00:00,0.0702,1.9844,1.5004
2015-03-19 12:00:00,0.0936,1.9602,1.5004
2015-03-19 16:00:00,0.1053,1.9481,1.2705
2015-03-19 20:00:00,0.0585,1.7303,1.2826
2015-03-20 00:00:00,0.1404,1.694,1.5125
2015-03-20 04:00:00,0.1287,1.9481,1.6335
2015-03-20 08:00:00,0.1053,2.0086,1.5609
2015-03-20 12:00:00,0.117,1.936,1.5246
2015-03-20 16:00:00,0.0819,1.8997,1.2342
2015-03-20 20:00:00,0.2223,1.5125,1.1253
2015-03-21 00:00:00,0.1521,1.5609,1.5488
2015-03-21 04:00:00,0.1872,1.9481,1.6819
2015-03-21 08:00:00,0.1638,1.936,1.5609
2015-03-21 12:00:00,0.1989,1.9239,1.4883
2015-03-21 16:00:00,0.0936,1.9239,1.1737
2015-03-21 20:00:00,0.1989,1.8634,1.1132
2015-03-22 00:00:00,0.1872,1.7666,1.452
2015-03-22 04:00:00,0.1755,1.9723,1.5972
2015-03-22 08:00:00,0.1053,1.9723,1.5488
2015-03-22 12:00:00,0.0936,7.7803,1.5004
2015-03-22 16:00:00,0.0819,7.8408,1.4036
2015-03-22 20:00:00,0.1989,1.5246,1.4157
2015-03-23 00:00:00,0.1521,1.6698,1.4883
2015-03-23 04:00:00,0.1989,1.8755,1.7666
2015-03-23 08:00:00,0.1638,1.8755,1.6456
2015-03-23 12:00:00,0.1638,1.8392,1.5246
2015-03-23 16:00:00,0.2574,NaN,1.4641
2015-03-23 20:00:00,0.234,NaN,1.4762
2015-03-24 00:00:00,0.1872,1.5609,1.5488
2015-03-24 04:00:00,0.234,1.815,1.6456
2015-03-24 08:00:00,0.2691,1.8392,1.6093
2015-03-24 12:00:00,0.2223,1.7424,1.5367
2015-03-24 16:00:00,0.3393,1.8029,1.0043
2015-03-24 20:00:00,0.3276,1.5125,1.0164
2015-03-25 00:00:00,0.3393,1.5851,1.4399
2015-03-25 04:00:00,0.3276,1.7545,1.6214
2015-03-25 08:00:00,0.3393,1.7908,1.5972
2015-03-25 12:00:00,0.3159,1.6698,1.4762
2015-03-25 16:00:00,0.1755,1.694,1.1011
2015-03-25 20:00:00,0.3276,1.452,1.2221
2015-03-26 00:00:00,0.234,1.4641,1.4762
2015-03-26 04:00:00,0.2223,1.694,1.5851
2015-03-26 08:00:00,0.234,1.7182,1.573
2015-03-26 12:00:00,0.1521,1.7545,1.4883
2015-03-26 16:00:00,0.1521,1.6819,1.3673
2015-03-26 20:00:00,0.1989,1.4399,1.4036
2015-03-27 00:00:00,0.1521,1.452,1.5367
2015-03-27 04:00:00,0.1404,1.7182,1.6214
2015-03-27 08:00:00,0.0819,1.6456,1.5609
2015-03-27 12:00:00,0.0819,1.6335,1.5488
2015-03-27 16:00:00,0.0585,1.6335,1.1011
2015-03-27 20:00:00,0.0936,1.5367,1.0769
2015-03-28 00:00:00,0.0702,1.5004,1.4883
2015-03-28 04:00:00,0.0702,1.6214,1.573
2015-03-28 08:00:00,0.117,1.6456,1.5246
2015-03-28 12:00:00,0.1404,1.5851,1.4762
2015-03-28 16:00:00,0.1872,NaN,1.3068
2015-03-28 20:00:00,0.2223,1.5488,1.0285
2015-03-29 00:00:00,0.0819,1.4641,1.4641
2015-03-29 04:00:00,0.0702,5.8927,1.5851
2015-03-29 08:00:00,0.1638,1.573,1.5246
2015-03-29 12:00:00,0.0702,0.1936,1.4641
2015-03-29 16:00:00,0.0351,5.9532,1.3431
2015-03-29 20:00:00,0.0585,6.0863,1.089
2015-03-30 00:00:00,0.0468,6.5824,1.4641
2015-03-30 04:00:00,0.0585,6.3283,1.6456
2015-03-30 08:00:00,0.0702,5.8443,1.5972
2015-03-30 12:00:00,0.0585,5.5539,1.5367
2015-03-30 16:00:00,0.0468,6.1105,1.331
2015-03-30 20:00:00,0.0702,7.7319,1.0406
2015-03-31 00:00:00,0.0468,6.7881,1.5246
2015-03-31 04:00:00,0.0819,6.4856,1.5972
2015-03-31 08:00:00,0.0819,1.5488,1.5246
2015-03-31 12:00:00,0.0468,1.5004,1.5004
2015-03-31 16:00:00,0.0234,1.5246,1.1979
2015-03-31 20:00:00,0.117,1.4762,1.0527
2015-04-01 00:00:00,0.117,1.331,1.5609
2015-04-01 04:00:00,0.1053,1.4641,1.6335
2015-04-01 08:00:00,0.1404,1.5609,1.6093
2015-04-01 12:00:00,0.1404,1.5246,1.5488
2015-04-01 16:00:00,0.117,1.5367,1.0164
2015-04-01 20:00:00,0.117,1.3673,1.0648
2015-04-02 00:00:00,0.1053,1.3794,1.5367
2015-04-02 04:00:00,0.0819,1.5246,1.5972
2015-04-02 08:00:00,0.117,1.4762,1.6456
2015-04-02 12:00:00,0.0702,1.5004,1.5488
2015-04-02 16:00:00,0.0468,1.5125,1.0164
2015-04-02 20:00:00,0.1053,1.3673,1.4157
2015-04-03 00:00:00,0.1287,1.5125,1.5851
2015-04-03 04:00:00,0.1053,1.5367,1.7061
2015-04-03 08:00:00,0.1872,1.5488,1.694
2015-04-03 12:00:00,0.4095,1.5609,1.5367
2015-04-03 16:00:00,0.2808,1.5246,1.4883
2015-04-03 20:00:00,0.3159,1.3552,1.2705
2015-04-04 00:00:00,0.9009,1.3794,1.5609
2015-04-04 04:00:00,0.6669,4.2108,1.7303
2015-04-04 08:00:00,0.5265,3.7147,1.694
2015-04-04 12:00:00,0.1287,3.4243,1.5972
2015-04-04 16:00:00,0.117,1.452,1.4036
2015-04-04 20:00:00,0.2106,2.1296,1.3794
2015-04-05 00:00:00,0.2223,0.7744,1.6093
2015-04-05 04:00:00,0.1872,NaN,1.7787
2015-04-05 08:00:00,0.1989,2.4079,1.6819
2015-04-05 12:00:00,0.0702,1.4762,1.6456
2015-04-05 16:00:00,0.0936,6.0016,1.0285
2015-04-05 20:00:00,0.2106,0.8228,1.2584
2015-04-06 00:00:00,0.2691,0.8591,1.573
2015-04-06 04:00:00,0.3978,0.8712,1.694
2015-04-06 08:00:00,0.2106,0.8349,1.6214
2015-04-06 12:00:00,0.234,0.8712,1.5972
2015-04-06 16:00:00,0.1989,6.0379,1.4157
2015-04-06 20:00:00,0.1989,1.3673,1.3552
2015-04-07 00:00:00,0.234,5.8685,1.573
2015-04-07 04:00:00,0.1521,2.1538,1.6819
2015-04-07 08:00:00,0.1404,1.4399,1.6093
2015-04-07 12:00:00,0.1872,2.2627,1.573
2015-04-07 16:00:00,0.0936,2.2143,1.5246
2015-04-07 20:00:00,0.1755,2.1417,1.3915
2015-04-08 00:00:00,0.1638,2.1901,1.5972
2015-04-08 04:00:00,0.1404,2.2143,1.6456
2015-04-08 08:00:00,0.1638,2.2022,1.6335
2015-04-08 12:00:00,0.1521,2.1901,1.5972
2015-04-08 16:00:00,0.0936,2.0933,1.1737
2015-04-08 20:00:00,0.2106,1.9602,1.3068
2015-04-09 00:00:00,0.2808,1.9481,1.5488
2015-04-09 04:00:00,0.3159,2.0812,1.6819
2015-04-09 08:00:00,0.3042,1.9844,1.6819
2015-04-09 12:00:00,0.2223,1.9239,1.5851
2015-04-09 16:00:00,0.3042,1.8997,1.5367
2015-04-09 20:00:00,0.3393,1.7545,1.3915
2015-04-10 00:00:00,0.1404,1.8513,1.573
2015-04-10 04:00:00,0.1521,1.9481,1.6577
2015-04-10 08:00:00,0.1521,1.8634,1.6093
2015-04-10 12:00:00,0.1989,2.057,1.5488
2015-04-10 16:00:00,0.1053,1.694,1.1495
2015-04-10 20:00:00,0.234,1.5246,1.2584
2015-04-11 00:00:00,0.1755,1.573,1.5972
2015-04-11 04:00:00,0.1989,1.7182,1.694
2015-04-11 08:00:00,0.1638,1.6456,1.6577
2015-04-11 12:00:00,0.1872,1.5367,1.573
2015-04-11 16:00:00,0.1404,1.0769,1.452
2015-04-11 20:00:00,0.1287,1.3552,1.4278
2015-04-12 00:00:00,0.117,3.267,1.573
2015-04-12 04:00:00,0.0936,3.4122,1.6456
2015-04-12 08:00:00,0.117,2.8919,1.6093
2015-04-12 12:00:00,0.2106,2.9282,1.5367
2015-04-12 16:00:00,0.0936,3.146,1.3915
2015-04-12 20:00:00,0.2106,3.3154,1.4762
2015-04-13 00:00:00,0.1755,3.7994,1.5488
2015-04-13 04:00:00,0.2106,3.872,1.5851
2015-04-13 08:00:00,0.1989,3.3759,1.573
2015-04-13 12:00:00,0.0702,3.2549,1.5246
2015-04-13 16:00:00,0,3.5695,1.331
2015-04-13 20:00:00,0.117,4.5738,1.0769
2015-04-14 00:00:00,0.1287,4.4407,1.5246
2015-04-14 04:00:00,0.1638,4.2955,1.5488
2015-04-14 08:00:00,0.1404,3.7631,1.5246
2015-04-14 12:00:00,0.0819,3.4243,1.5246
2015-04-14 16:00:00,0.1638,3.6905,1.331
2015-04-14 20:00:00,0.1521,3.7873,1.3794
2015-04-15 00:00:00,0.1521,4.4649,1.5488
2015-04-15 04:00:00,0.1638,4.7674,1.5488
2015-04-15 08:00:00,0.1638,4.598,1.5609
2015-04-15 12:00:00,0.1989,1.3673,1.5004
2015-04-15 16:00:00,0.1404,1.5004,1.4278
2015-04-15 20:00:00,0.1872,1.331,1.452
2015-04-16 00:00:00,0.1404,1.452,1.5851
2015-04-16 04:00:00,0.1872,1.694,1.6214
2015-04-16 08:00:00,0.702,1.5851,1.6335
2015-04-16 12:00:00,0.9594,1.5125,1.5488
2015-04-16 16:00:00,0.1755,1.4641,1.4278
2015-04-16 20:00:00,0.3978,1.2221,1.4157
2015-04-17 00:00:00,0.1755,1.331,1.573
2015-04-17 04:00:00,0.1638,1.1737,1.6214
2015-04-17 08:00:00,0.1521,1.0769,1.6093
2015-04-17 12:00:00,0.1638,1.1495,1.5367
2015-04-17 16:00:00,0.1872,1.1495,1.089
2015-04-17 20:00:00,0.1521,0.9196,1.3915
2015-04-18 00:00:00,0.1404,1.0164,1.5851
2015-04-18 04:00:00,0.3393,1.1374,1.6456
2015-04-18 08:00:00,0.3861,1.1616,1.5851
2015-04-18 12:00:00,0.7956,1.21,1.6214
2015-04-18 16:00:00,0.234,1.1132,1.4399
2015-04-18 20:00:00,0.1989,1.1132,1.2947
2015-04-19 00:00:00,0.2223,1.1858,1.6456
2015-04-19 04:00:00,0.468,1.9118,1.6698
2015-04-19 08:00:00,0.1755,NaN,1.6577
2015-04-19 12:00:00,0.585,3.1581,1.6335
2015-04-19 16:00:00,0.6084,0.9801,1.4641
2015-04-19 20:00:00,0.7254,0.8107,1.5488
2015-04-20 00:00:00,0.4095,0.8228,1.6335
2015-04-20 04:00:00,0.6084,1.1374,1.6819
2015-04-20 08:00:00,0.4095,1.1858,1.6577
2015-04-20 12:00:00,0.2808,1.1374,1.6335
2015-04-20 16:00:00,0.2808,1.0527,1.2221
2015-04-20 20:00:00,0.4446,0.8591,1.5851
2015-04-21 00:00:00,1.053,0.847,1.6577
2015-04-21 04:00:00,0.2457,1.1737,1.6335
2015-04-21 08:00:00,0.6669,1.1011,1.6698
2015-04-21 12:00:00,0.2106,0.9801,1.6214
2015-04-21 16:00:00,0.1638,1.0164,1.5609
2015-04-21 20:00:00,0.5265,0.8349,1.5488
2015-04-22 00:00:00,0.3159,0.8591,1.6456
2015-04-22 04:00:00,0.3393,0.9801,1.7061
2015-04-22 08:00:00,0.2106,1.1858,1.5609
2015-04-22 12:00:00,0.2223,1.1011,1.5609
2015-04-22 16:00:00,0.7254,1.0285,1.4278
2015-04-22 20:00:00,1.0998,1.0164,1.3794
2015-04-23 00:00:00,0.8541,1.2947,1.6093
2015-04-23 04:00:00,0.6435,1.4762,1.5851
2015-04-23 08:00:00,0.2457,1.573,1.5609
2015-04-23 12:00:00,0.1872,1.6214,1.573
2015-04-23 16:00:00,0.1521,1.5488,1.2221
2015-04-23 20:00:00,0.234,1.2705,1.452
2015-04-24 00:00:00,0.2457,1.452,1.5851
2015-04-24 04:00:00,0.2808,1.8271,1.6335
2015-04-24 08:00:00,0.3276,1.7061,1.5367
2015-04-24 12:00:00,0.1404,1.6698,1.4883
2015-04-24 16:00:00,0.234,1.6214,1.2342
2015-04-24 20:00:00,0.2808,1.2221,1.331
2015-04-25 00:00:00,0.2691,1.2342,1.5609
2015-04-25 04:00:00,0.3978,1.5972,1.5851
2015-04-25 08:00:00,0.468,1.5246,1.5367
2015-04-25 12:00:00,0.2691,1.573,1.5609
2015-04-25 16:00:00,0.3042,1.5488,1.4641
2015-04-25 20:00:00,2.925,1.2826,1.3794
2015-04-26 00:00:00,1.7199,1.2463,1.573
2015-04-26 04:00:00,2.5389,1.5609,1.6214
2015-04-26 08:00:00,1.1466,1.7303,1.5488
2015-04-26 12:00:00,2.2347,1.7303,1.5246
2015-04-26 16:00:00,1.4976,1.6577,1.2705
2015-04-26 20:00:00,3.0537,1.331,1.3189
2015-04-27 00:00:00,1.872,1.2826,1.6214
2015-04-27 04:00:00,1.5678,1.7182,1.6335
2015-04-27 08:00:00,2.2464,1.7545,1.6093
2015-04-27 12:00:00,2.34,1.5851,1.5972
2015-04-27 16:00:00,1.6614,1.6335,1.331
2015-04-27 20:00:00,4.1886,1.4036,1.4641
2015-04-28 00:00:00,2.3049,1.5488,1.5972
2015-04-28 04:00:00,2.0709,1.8634,1.7061
2015-04-28 08:00:00,1.9422,1.8634,1.6093
2015-04-28 12:00:00,2.3751,1.8392,1.573
2015-04-28 16:00:00,2.2932,1.7908,1.1737
2015-04-28 20:00:00,1.9539,1.4762,1.1737
2015-04-29 00:00:00,2.0007,1.7061,1.573
2015-04-29 04:00:00,1.1817,1.9118,1.6093
2015-04-29 08:00:00,3.7791,1.936,1.5972
2015-04-29 12:00:00,1.8954,1.8876,1.5246
2015-04-29 16:00:00,4.0365,1.8513,1.4278
2015-04-29 20:00:00,1.1583,1.7303,1.4641
2015-04-30 00:00:00,1.5444,1.5851,1.5851
2015-04-30 04:00:00,0.9477,1.8755,1.573
2015-04-30 08:00:00,0.8424,1.8755,1.573
2015-04-30 12:00:00,0.819,1.8634,1.7182
2015-04-30 16:00:00,0.468,1.7908,1.4157
2015-04-30 20:00:00,1.2402,1.5488,1.4157
2015-05-01 00:00:00,0.8424,1.5367,1.573
2015-05-01 04:00:00,0.7254,2.0328,1.5972
2015-05-01 08:00:00,1.2402,1.9723,1.573
2015-05-01 12:00:00,1.1583,1.8755,1.5972
2015-05-01 16:00:00,0.351,1.7787,1.5488
2015-05-01 20:00:00,0.6201,1.573,1.4883
2015-05-02 00:00:00,1.0998,1.6577,1.5851
2015-05-02 04:00:00,0.5499,2.0449,1.6698
2015-05-02 08:00:00,0.5733,3.7268,1.7303
2015-05-02 12:00:00,0.3861,1.8876,1.5609
2015-05-02 16:00:00,0.8541,1.8513,1.5246
2015-05-02 20:00:00,1.3338,1.6819,1.3915
2015-05-03 00:00:00,1.638,1.3915,1.5851
2015-05-03 04:00:00,6.3648,1.7908,1.6335
2015-05-03 08:00:00,0.2925,1.936,1.5851
2015-05-03 12:00:00,4.2939,1.8997,1.5488
2015-05-03 16:00:00,4.5513,1.5972,1.5367
2015-05-03 20:00:00,4.446,1.573,1.4883
2015-05-04 00:00:00,4.4811,1.5488,1.573
2015-05-04 04:00:00,7.1019,1.8876,1.6093
2015-05-04 08:00:00,3.6504,1.9481,1.5609
2015-05-04 12:00:00,3.6387,2.0449,1.5972
2015-05-04 16:00:00,6.1191,1.8634,1.2826
2015-05-04 20:00:00,4.563,1.6093,1.331
2015-05-05 00:00:00,4.3641,1.5972,1.6093
2015-05-05 04:00:00,4.2588,2.1054,1.6214
2015-05-05 08:00:00,4.2003,1.7424,1.6335
2015-05-05 12:00:00,5.0778,1.9118,1.5609
2015-05-05 16:00:00,4.8555,1.7666,1.3189
2015-05-05 20:00:00,2.2347,1.5609,1.2342
2015-05-06 00:00:00,4.6566,1.7908,1.6456
2015-05-06 04:00:00,3.4398,1.8271,1.5488
2015-05-06 08:00:00,3.0888,1.8755,1.6698
2015-05-06 12:00:00,5.7681,2.1175,1.5851
2015-05-06 16:00:00,3.978,1.9481,1.4762
2015-05-06 20:00:00,3.4749,1.8029,1.4762
2015-05-07 00:00:00,8.2017,1.8271,1.5851
2015-05-07 04:00:00,5.9202,2.2869,1.5972
2015-05-07 08:00:00,9.8982,2.178,1.5488
2015-05-07 12:00:00,9.1845,2.3353,1.5367
2015-05-07 16:00:00,11.7819,2.2748,1.4278
2015-05-07 20:00:00,5.7798,1.8029,1.452
2015-05-08 00:00:00,9.8631,2.2506,1.6456
2015-05-08 04:00:00,12.2382,2.5168,1.6335
2015-05-08 08:00:00,11.8872,1.9602,1.6335
2015-05-08 12:00:00,8.8686,2.3353,1.5609
2015-05-08 16:00:00,16.1577,2.0207,1.5004
2015-05-08 20:00:00,11.4192,1.8271,1.4399
2015-05-09 00:00:00,8.5059,1.7787,1.6698
2015-05-09 04:00:00,12.6945,2.3716,1.6819
2015-05-09 08:00:00,21.9843,2.1901,1.5851
2015-05-09 12:00:00,5.3469,2.3353,1.5367
2015-05-09 16:00:00,20.4165,1.8876,1.5125
2015-05-09 20:00:00,3.7791,1.6698,1.3794
2015-05-10 00:00:00,5.6862,2.2869,1.5851
2015-05-10 04:00:00,14.6952,2.4926,1.6335
2015-05-10 08:00:00,8.8803,6.3404,1.6335
2015-05-10 12:00:00,0.9945,2.3837,1.5367
2015-05-10 16:00:00,4.68,2.1054,1.3189
2015-05-10 20:00:00,3.8025,1.7424,1.3068
2015-05-11 00:00:00,0.8658,1.8755,1.6214
2015-05-11 04:00:00,1.2051,2.42,1.6456
2015-05-11 08:00:00,4.5864,2.2264,1.573
2015-05-11 12:00:00,2.6325,2.2869,1.5488
2015-05-11 16:00:00,13.2678,2.0812,1.452
2015-05-11 20:00:00,12.3903,1.8513,1.4762
2015-05-12 00:00:00,18.0063,1.8997,1.6093
2015-05-12 04:00:00,19.0359,3.0492,1.6335
2015-05-12 08:00:00,18.2052,2.6136,1.6214
2015-05-12 12:00:00,21.0951,2.5652,1.5125
2015-05-12 16:00:00,16.8363,2.2022,1.5004
2015-05-12 20:00:00,22.8735,1.9602,1.4157
2015-05-13 00:00:00,11.934,1.9723,1.6335
2015-05-13 04:00:00,13.0104,2.5289,1.6819
2015-05-13 08:00:00,13.8645,2.6257,1.6214
2015-05-13 12:00:00,11.8521,2.6136,1.6214
2015-05-13 16:00:00,14.6367,2.3474,1.3794
2015-05-13 20:00:00,16.2162,2.2627,1.4278
2015-05-14 00:00:00,17.3979,2.1659,1.5972
2015-05-14 04:00:00,18.7551,2.7104,1.6456
2015-05-14 08:00:00,10.6353,2.7588,1.6335
2015-05-14 12:00:00,2.7144,2.6257,1.5972
2015-05-14 16:00:00,3.2526,2.662,1.5367
2015-05-14 20:00:00,1.0413,2.0691,1.5367
2015-05-15 00:00:00,2.7846,2.2143,1.5125
2015-05-15 04:00:00,10.6236,2.5168,1.6093
2015-05-15 08:00:00,8.4474,2.5168,1.5488
2015-05-15 12:00:00,7.6986,2.6136,1.5125
2015-05-15 16:00:00,8.2368,2.1901,1.4157
2015-05-15 20:00:00,3.7089,1.9239,1.5125
2015-05-16 00:00:00,3.276,1.7303,1.5972
2015-05-16 04:00:00,8.5995,2.5168,1.5851
2015-05-16 08:00:00,7.8858,2.3595,1.5367
2015-05-16 12:00:00,10.9278,2.42,1.5851
2015-05-16 16:00:00,9.5823,2.5652,1.4883
2015-05-16 20:00:00,10.3428,1.8271,1.3794
2015-05-17 00:00:00,7.0668,2.2143,1.5851
2015-05-17 04:00:00,8.7516,2.6741,1.5851
2015-05-17 08:00:00,9.7578,2.8193,1.5609
2015-05-17 12:00:00,10.0035,2.4563,1.5851
2015-05-17 16:00:00,6.9849,2.3474,1.5004
2015-05-17 20:00:00,11.3022,2.8072,1.5125
2015-05-18 00:00:00,9.3951,1.7424,1.6214
2015-05-18 04:00:00,6.8445,3.4122,1.5972
2015-05-18 08:00:00,8.775,2.8919,1.5972
2015-05-18 12:00:00,7.722,2.6378,1.6093
2015-05-18 16:00:00,8.1783,2.3111,1.3431
2015-05-18 20:00:00,8.0847,2.1175,1.5246
2015-05-19 00:00:00,9.945,1.9481,1.5972
2015-05-19 04:00:00,5.616,2.7346,1.5851
2015-05-19 08:00:00,4.7502,2.5168,1.5851
2015-05-19 12:00:00,8.8569,2.42,1.5367
2015-05-19 16:00:00,5.6979,2.1417,1.4641
2015-05-19 20:00:00,7.0083,1.694,1.4399
2015-05-20 00:00:00,7.2657,1.7182,1.5488
2015-05-20 04:00:00,7.0785,2.2264,1.5246
2015-05-20 08:00:00,7.0083,2.299,1.4883
2015-05-20 12:00:00,6.2946,3.1218,1.452
2015-05-20 16:00:00,5.0427,2.904,1.452
2015-05-20 20:00:00,3.3228,1.7908,1.452
2015-05-21 00:00:00,3.744,2.3958,1.5246
2015-05-21 04:00:00,2.0826,2.6015,1.5004
2015-05-21 08:00:00,4.4109,2.4321,1.5004
2015-05-21 12:00:00,4.5045,2.2022,1.4883
2015-05-21 16:00:00,6.1659,2.4805,1.3189
2015-05-21 20:00:00,5.6277,4.4891,1.4157
2015-05-22 00:00:00,6.552,1.7424,1.4883
2015-05-22 04:00:00,3.2994,2.6378,1.452
2015-05-22 08:00:00,4.3875,1.9481,1.4641
2015-05-22 12:00:00,5.4639,3.025,1.4157
2015-05-22 16:00:00,4.6917,3.0008,1.4641
2015-05-22 20:00:00,4.1652,2.0812,1.3794
2015-05-23 00:00:00,3.2409,4.7916,1.5004
2015-05-23 04:00:00,3.1707,4.0535,1.4883
2015-05-23 08:00:00,3.4281,3.8841,1.4883
2015-05-23 12:00:00,4.3407,2.7346,1.452
2015-05-23 16:00:00,4.9257,2.5773,1.3673
2015-05-23 20:00:00,4.3758,2.2385,1.3431
2015-05-24 00:00:00,3.9897,2.4805,1.4036
2015-05-24 04:00:00,4.1067,2.4684,1.4157
2015-05-24 08:00:00,3.393,3.0492,1.3794
2015-05-24 12:00:00,3.8493,2.4926,1.3794
2015-05-24 16:00:00,5.4522,3.7147,1.3068
2015-05-24 20:00:00,4.9842,2.8193,1.3673
2015-05-25 00:00:00,3.7206,2.6378,1.452
2015-05-25 04:00:00,3.276,2.6983,1.452
2015-05-25 08:00:00,3.4164,2.8798,1.4157
2015-05-25 12:00:00,2.7261,2.299,1.4036
2015-05-25 16:00:00,2.9484,2.0207,1.4036
2015-05-25 20:00:00,4.1535,1.4399,1.452
2015-05-26 00:00:00,4.6917,1.7182,1.573
2015-05-26 04:00:00,4.4226,2.2143,1.573
2015-05-26 08:00:00,3.6387,2.3111,1.4762
2015-05-26 12:00:00,4.7619,2.1175,1.4641
2015-05-26 16:00:00,4.1769,2.5531,1.4399
2015-05-26 20:00:00,2.6325,2.1296,1.4641
2015-05-27 00:00:00,3.9078,2.2869,1.5125
2015-05-27 04:00:00,2.1177,2.0691,1.6214
2015-05-27 08:00:00,2.9835,2.4926,1.5246
2015-05-27 12:00:00,3.978,2.3111,1.4883
2015-05-27 16:00:00,4.797,2.0691,1.4399
2015-05-27 20:00:00,4.5162,2.0328,1.4157
2015-05-28 00:00:00,4.9959,2.3595,1.5246
2015-05-28 04:00:00,3.2175,2.2385,1.5004
2015-05-28 08:00:00,3.9897,2.7588,1.5246
2015-05-28 12:00:00,3.978,2.0449,1.5125
2015-05-28 16:00:00,5.1714,1.936,1.5004
2015-05-28 20:00:00,6.0957,1.4278,1.4641
2015-05-29 00:00:00,4.9257,1.4157,1.5004
2015-05-29 04:00:00,5.0076,2.0086,1.5367
2015-05-29 08:00:00,6.1542,2.3716,1.4157
2015-05-29 12:00:00,4.1886,2.0086,1.4036
2015-05-29 16:00:00,3.7206,1.6093,1.3673
2015-05-29 20:00:00,4.4577,1.4278,1.4278
2015-05-30 00:00:00,3.276,1.5125,1.4883
2015-05-30 04:00:00,3.5802,1.8997,1.5125
2015-05-30 08:00:00,4.5279,1.9844,1.5125
2015-05-30 12:00:00,3.9195,2.1901,1.4762
2015-05-30 16:00:00,4.4226,2.0812,1.3915
2015-05-30 20:00:00,3.3228,1.452,1.4157
2015-05-31 00:00:00,4.3056,1.4399,1.5125
2015-05-31 04:00:00,3.9429,2.0449,1.4762
2015-05-31 08:00:00,2.9835,1.9723,1.5609
2015-05-31 12:00:00,2.9718,2.057,1.5851
2015-05-31 16:00:00,3.3813,2.1054,1.4036
2015-05-31 20:00:00,4.1184,1.815,1.4762
2015-06-01 00:00:00,3.4281,1.5488,1.6093
2015-06-01 04:00:00,2.7846,1.9844,1.6093
2015-06-01 08:00:00,3.8142,1.9602,1.5972
2015-06-01 12:00:00,4.0365,2.1417,1.5851
2015-06-01 16:00:00,3.8259,1.5972,1.5367
2015-06-01 20:00:00,3.627,1.2947,1.5125
2015-06-02 00:00:00,3.5217,1.5851,1.6456
2015-06-02 04:00:00,2.8782,1.8029,1.6214
2015-06-02 08:00:00,3.5919,1.8271,1.5851
2015-06-02 12:00:00,4.8438,1.8876,1.573
2015-06-02 16:00:00,3.1005,1.7061,1.4762
2015-06-02 20:00:00,4.2237,1.4157,1.4883
2015-06-03 00:00:00,3.9663,1.5004,1.5851
2015-06-03 04:00:00,3.2409,1.9723,1.5488
2015-06-03 08:00:00,3.3228,2.0812,1.5609
2015-06-03 12:00:00,3.9078,1.9118,1.5851
2015-06-03 16:00:00,2.6559,1.9844,1.4641
2015-06-03 20:00:00,3.1941,1.452,1.4762
2015-06-04 00:00:00,2.4804,1.7061,1.5004
2015-06-04 04:00:00,3.1239,1.8997,1.5609
2015-06-04 08:00:00,4.4109,2.2627,1.5851
2015-06-04 12:00:00,3.6738,2.0933,1.5367
2015-06-04 16:00:00,5.85,1.9965,1.3915
2015-06-04 20:00:00,1.8018,1.4399,1.5246
2015-06-05 00:00:00,1.2519,1.7303,1.6214
2015-06-05 04:00:00,2.5155,2.1901,1.5488
2015-06-05 08:00:00,4.1418,2.1417,1.5488
2015-06-05 12:00:00,1.7082,2.0328,1.5609
2015-06-05 16:00:00,2.7144,0.9438,1.4157
2015-06-05 20:00:00,1.4742,NaN,1.452
2015-06-06 00:00:00,2.7963,NaN,1.5609
2015-06-06 04:00:00,3.2175,NaN,1.5609
2015-06-06 08:00:00,2.2347,NaN,1.5972
2015-06-06 12:00:00,1.7316,NaN,1.5246
2015-06-06 16:00:00,2.0358,0.484,1.4399
2015-06-06 20:00:00,4.7502,0.4235,1.4883
2015-06-07 00:00:00,5.2884,1.9723,1.5367
2015-06-07 04:00:00,12.0627,1.7908,1.4641
2015-06-07 08:00:00,6.7275,2.6983,1.5004
2015-06-07 12:00:00,3.4281,1.7666,1.4641
2015-06-07 16:00:00,5.7213,2.3111,1.4036
2015-06-07 20:00:00,3.1707,1.4883,1.4641
2015-06-08 00:00:00,2.5155,2.0207,1.4278
2015-06-08 04:00:00,2.5389,2.5894,1.5125
2015-06-08 08:00:00,4.8204,2.7951,1.4641
2015-06-08 12:00:00,2.3517,3.3517,1.4399
2015-06-08 16:00:00,0.6786,2.4684,1.3552
2015-06-08 20:00:00,2.9367,1.4036,1.3673
2015-06-09 00:00:00,3.2058,1.7787,1.4036
2015-06-09 04:00:00,2.0241,2.5168,1.3915
2015-06-09 08:00:00,1.404,2.8072,1.3552
2015-06-09 12:00:00,1.1934,2.7951,1.3673
2015-06-09 16:00:00,0.5733,2.8677,1.3431
2015-06-09 20:00:00,0.6552,2.6983,1.3431
2015-06-10 00:00:00,0.5265,2.7951,1.3431
2015-06-10 04:00:00,0.6552,3.509,1.3431
2015-06-10 08:00:00,0.5031,4.0414,1.2826
2015-06-10 12:00:00,0.3276,3.5574,1.2947
2015-06-10 16:00:00,0.2574,3.2549,1.2947
2015-06-10 20:00:00,0.5148,3.0734,1.331
2015-06-11 00:00:00,0.7956,2.5289,1.3552
2015-06-11 04:00:00,0.9126,3.0008,1.3431
2015-06-11 08:00:00,0.6903,3.4001,1.3431
2015-06-11 12:00:00,0.7722,3.2912,1.3068
2015-06-11 16:00:00,1.1349,2.4442,1.2947
2015-06-11 20:00:00,0.9009,2.5047,1.3189
2015-06-12 00:00:00,1.1349,3.1218,1.3673
2015-06-12 04:00:00,0.8892,3.8962,1.3189
2015-06-12 08:00:00,0.7605,2.904,1.3431
2015-06-12 12:00:00,0.5967,2.9887,1.3189
2015-06-12 16:00:00,0.5031,3.0492,1.2947
2015-06-12 20:00:00,0.9477,2.9766,1.3673
2015-06-13 00:00:00,0.7839,3.0734,1.3794
2015-06-13 04:00:00,0.7137,3.1097,1.3431
2015-06-13 08:00:00,0.7371,3.2065,1.3552
2015-06-13 12:00:00,0.6435,3.3154,1.3431
2015-06-13 16:00:00,0.585,2.4926,1.331
2015-06-13 20:00:00,0.936,2.7225,1.3068
2015-06-14 00:00:00,0.8541,2.8556,1.331
2015-06-14 04:00:00,0.9477,2.7951,1.3552
2015-06-14 08:00:00,0.7722,2.8677,1.2947
2015-06-14 12:00:00,0.6903,3.0976,1.2826
2015-06-14 16:00:00,0.7254,2.662,1.2826
2015-06-14 20:00:00,0.8424,3.0492,1.331
2015-06-15 00:00:00,0.6552,2.1175,1.331
2015-06-15 04:00:00,0.8073,3.3275,1.3552
2015-06-15 08:00:00,0.6435,3.0855,1.3431
2015-06-15 12:00:00,0.6669,2.5531,1.2947
2015-06-15 16:00:00,0.6435,3.267,1.3068
2015-06-15 20:00:00,0.6903,2.5773,1.331
2015-06-16 00:00:00,0.5499,2.5047,1.3068
2015-06-16 04:00:00,0.5499,3.267,1.2826
2015-06-16 08:00:00,0.6084,3.3033,1.2826
2015-06-16 12:00:00,0.5265,2.3958,1.2947
2015-06-16 16:00:00,0.3159,2.9403,1.2705
2015-06-16 20:00:00,0.5031,1.936,1.2947
2015-06-17 00:00:00,0.6552,2.0812,1.3189
2015-06-17 04:00:00,0.702,3.1218,1.3068
2015-06-17 08:00:00,0.8775,2.7709,1.2705
2015-06-17 12:00:00,0.3744,2.42,1.2947
2015-06-17 16:00:00,0.5148,3.0371,1.2947
2015-06-17 20:00:00,0.9009,3.2307,1.2705
2015-06-18 00:00:00,0.9828,2.5289,1.2705
2015-06-18 04:00:00,0.9477,2.4321,1.2947
2015-06-18 08:00:00,0.9594,3.2307,1.3431
2015-06-18 12:00:00,1.17,2.1054,1.2705
2015-06-18 16:00:00,1.1349,2.3958,1.2947
2015-06-18 20:00:00,1.3104,2.8072,1.2947
2015-06-19 00:00:00,1.3572,2.42,1.2947
2015-06-19 04:00:00,1.0998,2.4079,1.2826
2015-06-19 08:00:00,1.0764,3.2428,1.3068
2015-06-19 12:00:00,1.0764,2.6015,1.3068
2015-06-19 16:00:00,1.1232,1.9965,1.2947
2015-06-19 20:00:00,1.0647,3.2186,1.2584
2015-06-20 00:00:00,1.0296,3.3517,1.331
2015-06-20 04:00:00,1.053,1.9723,1.2947
2015-06-20 08:00:00,0.8307,3.3759,1.3068
2015-06-20 12:00:00,0.4563,3.8236,1.2342
2015-06-20 16:00:00,0.1989,3.0976,1.2463
2015-06-20 20:00:00,0.5967,2.6378,1.2221
2015-06-21 00:00:00,0.4212,2.541,1.2584
2015-06-21 04:00:00,0.4212,1.9844,1.2342
2015-06-21 08:00:00,0.4797,2.1054,1.2705
2015-06-21 12:00:00,0.351,2.7951,1.2342
2015-06-21 16:00:00,0.3393,2.2627,1.2705
2015-06-21 20:00:00,0.6552,2.1054,1.2463
2015-06-22 00:00:00,0.5499,2.3837,1.3068
2015-06-22 04:00:00,0.702,2.1417,1.2221
2015-06-22 08:00:00,0.9828,2.1417,1.2463
2015-06-22 12:00:00,0.6318,1.9723,1.2463
2015-06-22 16:00:00,0.6786,2.0328,1.2584
2015-06-22 20:00:00,0.8892,1.7666,1.2826
2015-06-23 00:00:00,0.8307,1.7787,1.2463
2015-06-23 04:00:00,0.7137,2.0207,1.2826
2015-06-23 08:00:00,0.9477,1.7182,1.2463
2015-06-23 12:00:00,0.9126,2.2022,1.1979
2015-06-23 16:00:00,0.5616,2.1175,1.2221
2015-06-23 20:00:00,1.0647,1.4399,1.2463
2015-06-24 00:00:00,1.0881,1.4278,1.2584
2015-06-24 04:00:00,1.1466,1.7424,1.2463
2015-06-24 08:00:00,1.6497,1.5246,1.2463
2015-06-24 12:00:00,2.5623,1.4157,1.2221
2015-06-24 16:00:00,1.521,1.5851,1.21
2015-06-24 20:00:00,1.8135,1.1858,1.2463
2015-06-25 00:00:00,1.9539,1.5609,1.2705
2015-06-25 04:00:00,1.4391,1.4883,1.2463
2015-06-25 08:00:00,0.9126,1.21,1.2221
2015-06-25 12:00:00,0.5733,1.5367,1.2221
2015-06-25 16:00:00,0.6903,1.3915,1.21
2015-06-25 20:00:00,0.7722,1.2584,1.2584
2015-06-26 00:00:00,0.6201,1.1253,1.2342
2015-06-26 04:00:00,0.5616,1.573,1.2342
2015-06-26 08:00:00,1.4274,1.3068,1.21
2015-06-26 12:00:00,0.7839,1.2221,1.1737
2015-06-26 16:00:00,0.7254,1.452,1.2221
2015-06-26 20:00:00,0.7137,1.1374,1.1858
2015-06-27 00:00:00,0.6669,1.1253,1.21
2015-06-27 04:00:00,0.6201,1.4641,1.21
2015-06-27 08:00:00,0.7605,1.1011,1.2342
2015-06-27 12:00:00,0.4212,1.1495,1.21
2015-06-27 16:00:00,0.6318,1.0285,1.1979
2015-06-27 20:00:00,0.9126,1.4036,1.2584
2015-06-28 00:00:00,0.8658,0.9317,1.2342
2015-06-28 04:00:00,0.9945,1.3189,1.2463
2015-06-28 08:00:00,1.1583,1.5246,1.1979
2015-06-28 12:00:00,1.0413,0.9075,1.2342
2015-06-28 16:00:00,0.9009,1.2584,1.1979
2015-06-28 20:00:00,0.8775,1.8029,1.21
2015-06-29 00:00:00,1.0764,0.8107,1.21
2015-06-29 04:00:00,1.3572,0.9317,1.1979
2015-06-29 08:00:00,1.0647,1.6577,1.2221
2015-06-29 12:00:00,0.5616,1.3794,1.1737
2015-06-29 16:00:00,1.3689,1.0769,1.1616
2015-06-29 20:00:00,1.9539,1.2705,1.21
2015-06-30 00:00:00,1.7082,1.6456,1.1979
2015-06-30 04:00:00,1.7667,1.7545,1.1616
2015-06-30 08:00:00,1.5678,2.7467,1.1858
2015-06-30 12:00:00,0.7137,1.3794,1.1858
2015-06-30 16:00:00,0.8658,1.8997,1.2463
2015-06-30 20:00:00,1.6497,2.0207,1.2342
2015-07-01 00:00:00,1.872,2.2748,1.2221
2015-07-01 04:00:00,1.7199,2.8193,1.1979
2015-07-01 08:00:00,1.7433,2.057,1.2221
2015-07-01 12:00:00,1.3221,2.9282,1.1979
2015-07-01 16:00:00,1.7433,3.3396,1.21
2015-07-01 20:00:00,1.7784,2.3353,1.2463
2015-07-02 00:00:00,1.1817,2.3111,1.2584
2015-07-02 04:00:00,1.3806,2.6136,1.2463
2015-07-02 08:00:00,1.2987,2.8072,1.2342
2015-07-02 12:00:00,1.4157,1.331,1.2584
2015-07-02 16:00:00,1.287,2.783,1.2705
2015-07-02 20:00:00,2.574,2.6136,1.2584
2015-07-03 00:00:00,1.7433,1.5851,1.2705
2015-07-03 04:00:00,1.638,2.2022,1.331
2015-07-03 08:00:00,1.5795,2.8798,1.2947
2015-07-03 12:00:00,1.5561,2.7225,1.2705
2015-07-03 16:00:00,1.9539,2.5773,1.3068
2015-07-03 20:00:00,2.0007,2.5047,1.3189
2015-07-04 00:00:00,1.521,2.8072,1.3431
2015-07-04 04:00:00,1.5093,1.7303,1.331
2015-07-04 08:00:00,1.3572,2.7467,1.3068
2015-07-04 12:00:00,1.0179,2.2748,1.3189
2015-07-04 16:00:00,0.6786,2.2869,1.2342
2015-07-04 20:00:00,1.287,1.4883,1.3068
2015-07-05 00:00:00,1.5444,2.1417,1.3431
2015-07-05 04:00:00,1.8018,2.1296,1.2826
2015-07-05 08:00:00,1.755,2.5652,1.331
2015-07-05 12:00:00,1.5093,2.4079,1.2584
2015-07-05 16:00:00,1.7082,2.2143,1.2584
2015-07-05 20:00:00,2.1762,2.0812,1.3068
2015-07-06 00:00:00,2.4687,1.9481,1.3189
2015-07-06 04:00:00,2.34,2.1296,1.2947
2015-07-06 08:00:00,2.1996,2.0449,1.3189
2015-07-06 12:00:00,2.3751,2.1538,1.3068
2015-07-06 16:00:00,2.574,1.8997,1.2947
2015-07-06 20:00:00,2.457,1.6335,1.3431
2015-07-07 00:00:00,2.3751,1.8997,1.331
2015-07-07 04:00:00,2.3985,1.8755,1.3794
2015-07-07 08:00:00,2.4102,1.9239,1.3673
2015-07-07 12:00:00,2.6442,1.9965,1.3552
2015-07-07 16:00:00,2.6676,1.573,1.4157
2015-07-07 20:00:00,2.8431,1.6093,1.3552
2015-07-08 00:00:00,2.4687,1.6093,1.3431
2015-07-08 04:00:00,2.106,1.3794,1.2947
2015-07-08 08:00:00,2.5506,1.6214,1.3189
2015-07-08 12:00:00,2.2932,1.7182,1.2342
2015-07-08 16:00:00,2.3634,1.4036,1.2342
2015-07-08 20:00:00,3.0888,1.2705,1.1979
2015-07-09 00:00:00,2.5272,1.1858,1.1858
2015-07-09 04:00:00,3.159,1.1737,1.1616
2015-07-09 08:00:00,3.4866,1.2342,1.1858
2015-07-09 12:00:00,3.1239,1.4036,1.1495
2015-07-09 16:00:00,2.34,1.1374,1.1374
2015-07-09 20:00:00,3.393,0.968,1.2826
2015-07-10 00:00:00,3.0654,1.2584,1.21
2015-07-10 04:00:00,2.3049,1.1979,1.2463
2015-07-10 08:00:00,2.2581,1.1616,1.2463
2015-07-10 12:00:00,2.0826,1.3552,1.2342
2015-07-10 16:00:00,2.2698,1.0406,1.2584
2015-07-10 20:00:00,2.3985,1.0406,1.2463
2015-07-11 00:00:00,2.4921,1.0527,1.2826
2015-07-11 04:00:00,2.5974,1.1495,1.21
2015-07-11 08:00:00,2.4804,1.21,1.2221
2015-07-11 12:00:00,1.3455,1.5004,1.2221
2015-07-11 16:00:00,0.936,1.2342,1.1858
2015-07-11 20:00:00,2.0475,1.0527,1.2342
2015-07-12 00:00:00,2.2698,1.0406,1.1979
2015-07-12 04:00:00,2.2698,1.2826,1.21
2015-07-12 08:00:00,1.638,1.1979,1.21
2015-07-12 12:00:00,1.053,1.3794,1.21
2015-07-12 16:00:00,0.9477,1.2463,1.1737
2015-07-12 20:00:00,1.3689,1.1253,1.21
2015-07-13 00:00:00,1.5327,1.2342,1.1616
2015-07-13 04:00:00,2.0826,1.3068,1.1979
2015-07-13 08:00:00,1.3221,1.4157,1.1495
2015-07-13 12:00:00,1.8603,1.3552,1.1979
2015-07-13 16:00:00,1.4976,1.2705,1.1858
2015-07-13 20:00:00,1.2285,1.21,1.1737
2015-07-14 00:00:00,1.4391,1.2221,1.1858
2015-07-14 04:00:00,1.404,1.3431,1.1616
2015-07-14 08:00:00,1.4742,1.5609,1.1616
2015-07-14 12:00:00,1.1115,1.4762,1.1737
2015-07-14 16:00:00,1.1232,1.3673,1.1495
2015-07-14 20:00:00,1.3806,1.3189,1.1737
2015-07-15 00:00:00,1.7082,1.089,1.1495
2015-07-15 04:00:00,1.5444,1.0527,1.1132
2015-07-15 08:00:00,1.3689,1.5367,1.1616
2015-07-15 12:00:00,1.0062,1.3794,1.1011
2015-07-15 16:00:00,0.6669,1.3794,1.1495
2015-07-15 20:00:00,0.9477,1.3431,1.1374
2015-07-16 00:00:00,1.1934,1.1495,1.1374
2015-07-16 04:00:00,1.6029,1.4278,1.1616
2015-07-16 08:00:00,1.2168,1.5004,1.1616
2015-07-16 12:00:00,0.5265,1.3673,1.1374
2015-07-16 16:00:00,0.4212,1.5851,1.1616
2015-07-16 20:00:00,1.2168,1.1858,1.1737
2015-07-17 00:00:00,1.1583,0.7139,1.1737
2015-07-17 04:00:00,1.5795,1.2221,1.1253
2015-07-17 08:00:00,1.2168,1.694,1.1495
2015-07-17 12:00:00,0.6552,1.1737,1.1253
2015-07-17 16:00:00,0.8892,1.1979,1.1495
2015-07-17 20:00:00,1.5678,1.573,1.1374
2015-07-18 00:00:00,1.404,1.0648,1.1253
2015-07-18 04:00:00,1.2519,1.2705,1.1374
2015-07-18 08:00:00,1.1466,1.4036,1.1495
2015-07-18 12:00:00,0.6903,1.2584,1.1253
2015-07-18 16:00:00,1.2285,1.2584,1.1495
2015-07-18 20:00:00,1.2519,0.8954,1.089
2015-07-19 00:00:00,1.0998,0.847,1.1616
2015-07-19 04:00:00,1.0881,1.4399,1.1132
2015-07-19 08:00:00,1.0998,1.2221,1.1374
2015-07-19 12:00:00,1.0062,1.3673,1.1011
2015-07-19 16:00:00,0.585,1.452,1.1616
2015-07-19 20:00:00,1.2168,1.0648,1.1616
2015-07-20 00:00:00,1.4976,1.1616,1.1253
2015-07-20 04:00:00,1.5327,1.2947,1.1253
2015-07-20 08:00:00,1.1232,1.3068,1.1374
2015-07-20 12:00:00,0.5733,1.1737,1.1253
2015-07-20 16:00:00,0.4446,1.2947,1.1495
2015-07-20 20:00:00,0.7956,1.5367,1.1374
2015-07-21 00:00:00,1.053,1.21,1.1253
2015-07-21 04:00:00,1.1232,1.089,1.1253
2015-07-21 08:00:00,1.0179,1.2584,1.089
2015-07-21 12:00:00,0.6201,1.5488,1.0769
2015-07-21 16:00:00,0.6318,1.1132,1.1011
2015-07-21 20:00:00,0.819,1.0043,1.1374
2015-07-22 00:00:00,1.0647,1.2221,1.1011
2015-07-22 04:00:00,0.936,1.5488,1.1011
2015-07-22 08:00:00,0.702,1.1011,1.1253
2015-07-22 12:00:00,0.234,1.2221,1.1011
2015-07-22 16:00:00,0.3627,1.2705,1.1011
2015-07-22 20:00:00,0.6786,1.089,1.1132
2015-07-23 00:00:00,1.1817,0.968,1.0769
2015-07-23 04:00:00,1.1232,1.3552,1.1132
2015-07-23 08:00:00,0.936,1.4762,1.0527
2015-07-23 12:00:00,0.4212,1.4399,1.089
2015-07-23 16:00:00,0.3159,1.21,1.0285
2015-07-23 20:00:00,1.0062,0.8591,1.0769
2015-07-24 00:00:00,0.9009,0.847,1.089
2015-07-24 04:00:00,1.1115,1.1253,1.1011
2015-07-24 08:00:00,0.9594,1.3915,1.1011
2015-07-24 12:00:00,0.2574,1.936,1.0648
2015-07-24 16:00:00,0.2223,1.2705,1.1374
2015-07-24 20:00:00,0.7371,1.2826,1.1495
2015-07-25 00:00:00,0.8073,1.2221,1.1495
2015-07-25 04:00:00,0.7488,1.3794,1.1616
2015-07-25 08:00:00,0.6201,1.331,1.1374
2015-07-25 12:00:00,0.3393,1.8029,1.1253
2015-07-25 16:00:00,0.2691,1.1011,1.1737
2015-07-25 20:00:00,0.6201,1.1011,1.0769
2015-07-26 00:00:00,0.7254,1.2463,1.1616
2015-07-26 04:00:00,0.7137,1.4399,1.1616
2015-07-26 08:00:00,0.6669,1.4641,1.1132
2015-07-26 12:00:00,0.3744,1.331,1.1495
2015-07-26 16:00:00,0.3393,1.3915,1.0769
2015-07-26 20:00:00,0.8541,0.7018,1.1495
2015-07-27 00:00:00,0.4329,1.1858,1.1495
2015-07-27 04:00:00,0.4797,1.4641,1.089
2015-07-27 08:00:00,0.4563,1.1011,1.0769
2015-07-27 12:00:00,0.2808,1.5609,1.089
2015-07-27 16:00:00,0.4212,1.3189,1.0648
2015-07-27 20:00:00,0.6786,0.9438,1.1132
2015-07-28 00:00:00,0.4329,1.3431,1.1253
2015-07-28 04:00:00,0.4446,1.3552,1.1253
2015-07-28 08:00:00,0.5031,1.1011,1.089
2015-07-28 12:00:00,0.1521,1.8271,1.089
2015-07-28 16:00:00,0.1638,1.5367,1.0769
2015-07-28 20:00:00,0.4797,0.9317,1.0648
2015-07-29 00:00:00,0.4914,1.4157,1.1374
2015-07-29 04:00:00,0.6552,1.6698,1.1253
2015-07-29 08:00:00,0.702,1.4278,1.1011
2015-07-29 12:00:00,0.234,1.815,1.089
2015-07-29 16:00:00,0.3627,1.6335,1.089
2015-07-29 20:00:00,0.6318,1.1011,1.0406
2015-07-30 00:00:00,0.5382,1.2342,1.1374
2015-07-30 04:00:00,0.6435,1.8997,1.1253
2015-07-30 08:00:00,0.8892,1.7182,1.1374
2015-07-30 12:00:00,0.1638,1.6093,1.1253
2015-07-30 16:00:00,0.1287,1.573,1.1495
2015-07-30 20:00:00,0.3393,1.2584,1.1616
2015-07-31 00:00:00,0.7605,1.0043,1.21
2015-07-31 04:00:00,0.5148,1.2947,1.1979
2015-07-31 08:00:00,0.5382,1.5367,1.1858
2015-07-31 12:00:00,0.351,1.6698,1.1737
2015-07-31 16:00:00,0.4212,1.7787,1.1253
2015-07-31 20:00:00,0.6084,1.1132,1.1374
2015-08-01 00:00:00,0.5148,1.1858,1.1616
2015-08-01 04:00:00,0.7839,1.8029,1.1495
2015-08-01 08:00:00,1.0764,2.3353,1.1374
2015-08-01 12:00:00,0.702,1.7303,1.1495
2015-08-01 16:00:00,0.4329,2.057,1.1253
2015-08-01 20:00:00,0.585,1.6577,1.1132
2015-08-02 00:00:00,1.17,1.1616,1.1132
2015-08-02 04:00:00,0.8073,1.7545,1.1132
2015-08-02 08:00:00,0.4446,1.3915,1.1132
2015-08-02 12:00:00,0.2106,1.6214,1.1011
2015-08-02 16:00:00,0.5265,1.452,1.0648
2015-08-02 20:00:00,0.3861,1.4883,1.1011
2015-08-03 00:00:00,0.5031,1.5004,1.1132
2015-08-03 04:00:00,0.4095,2.1417,1.1253
2015-08-03 08:00:00,0.4446,2.6741,1.1374
2015-08-03 12:00:00,0.1638,1.9602,1.1616
2015-08-03 16:00:00,0.2691,2.0086,1.1253
2015-08-03 20:00:00,0.5382,1.8997,1.1132
2015-08-04 00:00:00,0.7254,1.4157,1.1858
2015-08-04 04:00:00,0.4914,1.7303,1.1858
2015-08-04 08:00:00,0.5148,2.6136,1.1374
2015-08-04 12:00:00,0.2574,1.5609,1.1374
2015-08-04 16:00:00,0.4563,1.5851,1.1858
2015-08-04 20:00:00,0.9945,1.5488,1.1616
2015-08-05 00:00:00,0.7254,1.5004,1.1858
2015-08-05 04:00:00,0.7605,1.6698,1.1495
2015-08-05 08:00:00,0.7488,1.9118,1.1374
2015-08-05 12:00:00,0.5616,2.178,1.1616
2015-08-05 16:00:00,0.5148,1.6698,1.1495
2015-08-05 20:00:00,0.8658,1.815,1.0285
2015-08-06 00:00:00,0.7605,1.7908,1.1253
2015-08-06 04:00:00,0.7254,1.9239,1.1374
2015-08-06 08:00:00,0.6786,1.9118,1.1253
2015-08-06 12:00:00,0.6552,2.3595,1.1374
2015-08-06 16:00:00,0.3978,1.6577,1.0769
2015-08-06 20:00:00,0.6903,1.8634,1.0527
2015-08-07 00:00:00,0.9828,1.8271,1.1253
2015-08-07 04:00:00,0.6318,1.8997,1.1374
2015-08-07 08:00:00,0.6903,2.2143,1.1253
2015-08-07 12:00:00,0.5031,1.936,1.1374
2015-08-07 16:00:00,0.4212,1.7545,1.089
2015-08-07 20:00:00,0.7605,1.0285,1.1132
2015-08-08 00:00:00,0.8892,1.7545,1.1374
2015-08-08 04:00:00,0.7254,2.0086,1.1737
2015-08-08 08:00:00,1.287,2.2506,1.1132
2015-08-08 12:00:00,0.5967,2.1901,1.1253
2015-08-08 16:00:00,0.3861,1.8634,1.0769
2015-08-08 20:00:00,0.936,1.8271,1.0043
2015-08-09 00:00:00,1.2285,1.7666,1.1011
2015-08-09 04:00:00,1.3923,2.057,1.1011
2015-08-09 08:00:00,1.3104,2.0691,1.1253
2015-08-09 12:00:00,0.351,2.2385,1.1011
2015-08-09 16:00:00,0.2574,2.1659,1.1011
2015-08-09 20:00:00,0.7371,1.9602,1.1011
2015-08-10 00:00:00,0.936,1.7182,1.1132
2015-08-10 04:00:00,0.9711,1.8997,1.0769
2015-08-10 08:00:00,0.7254,2.1659,1.1132
2015-08-10 12:00:00,0.234,2.1417,1.1132
2015-08-10 16:00:00,0.234,1.9118,1.0406
2015-08-10 20:00:00,0.7839,1.5609,1.1374
2015-08-11 00:00:00,0.7371,1.7182,1.1253
2015-08-11 04:00:00,1.404,2.0207,1.1132
2015-08-11 08:00:00,0.7839,2.2022,1.1253
2015-08-11 12:00:00,0.6903,2.2627,1.1374
2015-08-11 16:00:00,1.1115,1.694,1.1495
2015-08-11 20:00:00,1.2519,1.7545,1.0406
2015-08-12 00:00:00,0.9828,1.5125,1.1253
2015-08-12 04:00:00,1.8837,2.0207,1.1132
2015-08-12 08:00:00,1.2753,2.4079,1.089
2015-08-12 12:00:00,0.3393,2.0328,1.1011
2015-08-12 16:00:00,1.17,1.9602,1.1132
2015-08-12 20:00:00,1.404,1.7545,1.1253
2015-08-13 00:00:00,1.6965,1.7303,1.089
2015-08-13 04:00:00,1.4391,2.0691,1.1011
2015-08-13 08:00:00,1.404,2.0691,1.1132
2015-08-13 12:00:00,0.6201,2.1659,1.089
2015-08-13 16:00:00,0.7371,1.8755,1.0406
2015-08-13 20:00:00,0.9945,1.6093,1.1253
2015-08-14 00:00:00,1.2285,1.7787,1.1253
2015-08-14 04:00:00,1.287,2.057,1.0769
2015-08-14 08:00:00,0.8892,2.4926,1.1495
2015-08-14 12:00:00,0.3159,2.2143,1.1253
2015-08-14 16:00:00,0.3978,2.0933,1.1011
2015-08-14 20:00:00,0.8307,1.7424,1.0648
2015-08-15 00:00:00,0.9477,1.694,1.0648
2015-08-15 04:00:00,0.7722,1.7424,1.1011
2015-08-15 08:00:00,0.936,2.3353,1.0648
2015-08-15 12:00:00,0.4797,1.8997,1.089
2015-08-15 16:00:00,0.3978,1.9602,1.089
2015-08-15 20:00:00,0.9711,1.8029,1.089
2015-08-16 00:00:00,0.9126,1.815,1.089
2015-08-16 04:00:00,0.6552,1.7787,1.0648
2015-08-16 08:00:00,0.8424,2.0449,1.0527
2015-08-16 12:00:00,0.3744,2.1054,1.089
2015-08-16 16:00:00,0.5616,1.7908,0.9922
2015-08-16 20:00:00,0.7722,1.4762,1.0164
2015-08-17 00:00:00,0.7839,1.7666,1.0769
2015-08-17 04:00:00,0.5733,1.9118,1.1011
2015-08-17 08:00:00,0.7137,2.178,1.0769
2015-08-17 12:00:00,0.5148,2.1901,1.1011
2015-08-17 16:00:00,0.585,1.9481,1.0648
2015-08-17 20:00:00,0.8658,1.4399,1.0285
2015-08-18 00:00:00,0.9594,1.6214,1.1011
2015-08-18 04:00:00,1.0062,1.8997,1.0769
2015-08-18 08:00:00,0.7371,2.299,1.0769
2015-08-18 12:00:00,0.0468,2.299,1.1132
2015-08-18 16:00:00,0.0234,1.8876,1.0043
2015-08-18 20:00:00,23.5989,1.8271,1.0164
2015-08-19 00:00:00,3.0855,1.7787,1.089
2015-08-19 04:00:00,1.7182,2.1054,1.089
2015-08-19 08:00:00,1.3431,2.3958,1.0648
2015-08-19 12:00:00,1.5125,2.0812,1.1011
2015-08-19 16:00:00,1.9602,2.1054,1.0406
2015-08-19 20:00:00,1.6819,1.7061,1.0285
2015-08-20 00:00:00,1.2826,2.1538,1.1253
2015-08-20 04:00:00,1.7424,1.8755,1.089
2015-08-20 08:00:00,1.5246,2.2869,1.1011
2015-08-20 12:00:00,1.6214,2.1054,1.0769
2015-08-20 16:00:00,1.7666,2.2748,1.0285
2015-08-20 20:00:00,1.7061,1.7908,1.0648
2015-08-21 00:00:00,1.8634,2.1659,1.1011
2015-08-21 04:00:00,0.5203,1.6819,1.0769
2015-08-21 08:00:00,1.2463,2.8556,1.089
2015-08-21 12:00:00,1.5125,2.2143,1.089
2015-08-21 16:00:00,1.4762,1.8997,0.9922
2015-08-21 20:00:00,1.7666,2.1175,1.0648
2015-08-22 00:00:00,1.7908,2.0207,1.1132
2015-08-22 04:00:00,1.8997,1.9481,1.1011
2015-08-22 08:00:00,1.8392,2.541,1.1132
2015-08-22 12:00:00,1.6577,2.3111,1.089
2015-08-22 16:00:00,2.0207,1.4399,1.0285
2015-08-22 20:00:00,1.8513,1.8029,0.9801
2015-08-23 00:00:00,2.1901,1.7182,1.1011
2015-08-23 04:00:00,1.694,2.3111,1.1011
2015-08-23 08:00:00,1.694,2.4079,1.1132
2015-08-23 12:00:00,1.5609,2.1054,1.089
2015-08-23 16:00:00,1.6698,2.1054,0.9922
2015-08-23 20:00:00,1.7787,2.0328,1.0527
2015-08-24 00:00:00,1.8513,1.8513,1.1132
2015-08-24 04:00:00,1.815,1.7666,1.0769
2015-08-24 08:00:00,1.7666,2.4079,1.0769
2015-08-24 12:00:00,1.6456,1.8271,1.1253
2015-08-24 16:00:00,1.7061,1.9118,1.0164
2015-08-24 20:00:00,1.5125,1.8392,1.0164
2015-08-25 00:00:00,1.5851,1.7666,1.089
2015-08-25 04:00:00,1.4762,1.9965,1.0769
2015-08-25 08:00:00,1.4399,2.2748,1.0769
2015-08-25 12:00:00,1.3189,1.7787,1.1011
2015-08-25 16:00:00,1.3673,1.4036,1.0406
2015-08-25 20:00:00,1.3189,1.4883,1.1253
2015-08-26 00:00:00,1.4762,1.2584,1.1858
2015-08-26 04:00:00,1.3915,1.8634,1.1737
2015-08-26 08:00:00,1.5972,1.9118,1.1858
2015-08-26 12:00:00,1.3431,1.8513,1.1616
2015-08-26 16:00:00,1.6577,1.4036,1.0527
2015-08-26 20:00:00,1.8029,1.6335,1.1132
2015-08-27 00:00:00,1.6577,1.6819,1.1495
2015-08-27 04:00:00,1.4883,1.6456,1.1495
2015-08-27 08:00:00,1.3189,2.0691,1.1374
2015-08-27 12:00:00,1.4762,2.1054,1.1374
2015-08-27 16:00:00,1.4036,1.5609,1.1011
2015-08-27 20:00:00,1.4036,1.3068,1.1132
2015-08-28 00:00:00,1.6093,1.7908,1.089
2015-08-28 04:00:00,1.4157,1.6335,1.0769
2015-08-28 08:00:00,1.3794,2.2869,1.0769
2015-08-28 12:00:00,1.2947,1.936,1.1132
2015-08-28 16:00:00,1.3431,1.3552,1.0769
2015-08-28 20:00:00,1.4399,1.2705,1.0406
2015-08-29 00:00:00,1.5004,1.9118,1.089
2015-08-29 04:00:00,1.3794,1.7787,1.0406
2015-08-29 08:00:00,1.4399,2.0933,1.089
2015-08-29 12:00:00,1.6698,1.7787,1.089
2015-08-29 16:00:00,1.2826,1.4641,1.0406
2015-08-29 20:00:00,1.5972,1.3673,1.1253
2015-08-30 00:00:00,1.5367,1.9118,1.089
2015-08-30 04:00:00,1.5851,1.6214,1.0648
2015-08-30 08:00:00,1.3068,2.2869,1.1132
2015-08-30 12:00:00,1.3068,2.0691,1.0648
2015-08-30 16:00:00,1.3068,1.2584,1.0043
2015-08-30 20:00:00,1.4883,1.4278,1.0043
2015-08-31 00:00:00,1.4399,2.0449,1.0769
2015-08-31 04:00:00,1.1253,1.4278,1.1132
2015-08-31 08:00:00,1.2947,1.8513,1.1132
2015-08-31 12:00:00,1.21,2.178,1.0648
2015-08-31 16:00:00,1.2463,1.4762,1.0769
2015-08-31 20:00:00,1.0769,1.1011,1.0527
2015-09-01 00:00:00,1.1374,1.7061,1.1011
2015-09-01 04:00:00,1.3552,1.694,1.0769
2015-09-01 08:00:00,0.8954,1.7666,1.1132
2015-09-01 12:00:00,0.6655,1.7787,1.1011
2015-09-01 16:00:00,0.9559,1.2947,1.0769
2015-09-01 20:00:00,0.726,1.331,1.1253
2015-09-02 00:00:00,0.8107,1.3794,1.1132
2015-09-02 04:00:00,0.9801,1.8513,1.1011
2015-09-02 08:00:00,0.9559,1.9118,1.089
2015-09-02 12:00:00,0.847,1.7182,1.1253
2015-09-02 16:00:00,1.2342,1.7908,1.0043
2015-09-02 20:00:00,1.3068,1.7182,1.0769
2015-09-03 00:00:00,1.0648,1.5125,1.1374
2015-09-03 04:00:00,0.7744,1.936,1.1253
2015-09-03 08:00:00,0.7502,2.1054,1.1495
2015-09-03 12:00:00,0.7744,1.8634,1.1374
2015-09-03 16:00:00,0.9438,1.7182,1.0527
2015-09-03 20:00:00,1.1495,1.4762,1.1737
2015-09-04 00:00:00,1.1253,1.5609,1.1616
2015-09-04 04:00:00,0.8712,1.8271,1.1495
2015-09-04 08:00:00,1.0164,1.6698,1.1737
2015-09-04 12:00:00,1.331,1.5851,1.1495
2015-09-04 16:00:00,1.3189,1.7787,1.0527
2015-09-04 20:00:00,1.1858,1.4036,1.0406
2015-09-05 00:00:00,1.1495,1.2947,1.1979
2015-09-05 04:00:00,1.0527,1.8634,1.1737
2015-09-05 08:00:00,0.9922,1.8513,1.1858
2015-09-05 12:00:00,1.1132,1.3068,1.21
2015-09-05 16:00:00,1.2342,2.0207,1.0406
2015-09-05 20:00:00,0.9559,1.573,1.2342
2015-09-06 00:00:00,0.8712,1.4157,1.1858
2015-09-06 04:00:00,0.9196,1.6335,1.2221
2015-09-06 08:00:00,0.8712,1.7908,1.21
2015-09-06 12:00:00,0.7744,1.5004,1.1858
2015-09-06 16:00:00,0.847,1.2342,1.1616
2015-09-06 20:00:00,0.9317,1.5488,1.0527
2015-09-07 00:00:00,0.8954,1.4883,1.1616
2015-09-07 04:00:00,0.8591,1.5972,1.1737
2015-09-07 08:00:00,0.8107,1.3915,1.21
2015-09-07 12:00:00,0.9196,NaN,1.1253
2015-09-07 16:00:00,0.8954,1.2947,1.0164
2015-09-07 20:00:00,1.0769,NaN,1.1132
2015-09-08 00:00:00,1.089,1.6093,1.1132
2015-09-08 04:00:00,1.4036,1.5125,1.1132
2015-09-08 08:00:00,1.3552,1.1858,1.1253
2015-09-08 12:00:00,1.4036,1.2463,1.1253
2015-09-08 16:00:00,1.4157,1.2947,1.1132
2015-09-08 20:00:00,1.4762,1.1616,1.0285
2015-09-09 00:00:00,1.5246,1.3915,1.1253
2015-09-09 04:00:00,1.3794,1.0648,1.1011
2015-09-09 08:00:00,1.4399,1.1979,1.1011
2015-09-09 12:00:00,1.5004,1.2584,1.1132
2015-09-09 16:00:00,1.6214,1.1616,1.1132
2015-09-09 20:00:00,1.6698,1.089,1.0769
2015-09-10 00:00:00,1.8392,1.3189,1.0769
2015-09-10 04:00:00,1.7303,1.1858,1.1011
2015-09-10 08:00:00,1.4399,1.1737,1.1253
2015-09-10 12:00:00,1.7303,1.1132,1.1495
2015-09-10 16:00:00,1.9602,0.9922,1.0406
2015-09-10 20:00:00,1.9723,1.1616,1.0043
2015-09-11 00:00:00,1.8029,1.5609,1.1374
2015-09-11 04:00:00,1.9481,1.0043,1.1374
2015-09-11 08:00:00,1.8876,1.2342,1.1495
2015-09-11 12:00:00,1.6335,0.7623,1.1495
2015-09-11 16:00:00,1.9965,1.0164,1.1011
2015-09-11 20:00:00,1.4157,1.3068,1.1374
2015-09-12 00:00:00,1.1011,1.1132,1.1495
2015-09-12 04:00:00,1.4036,NaN,1.1737
2015-09-12 08:00:00,0.6655,1.6093,1.1374
2015-09-12 12:00:00,1.0648,1.6577,1.1495
2015-09-12 16:00:00,0.9922,1.4883,1.0164
2015-09-12 20:00:00,0.9075,1.5972,1.0285
2015-09-13 00:00:00,0.9438,1.5972,1.1737
2015-09-13 04:00:00,0.9801,1.5246,1.1495
2015-09-13 08:00:00,0.9075,1.6456,1.1616
2015-09-13 12:00:00,1.2584,1.6577,1.1616
2015-09-13 16:00:00,1.1979,1.5367,1.1495
2015-09-13 20:00:00,1.5367,1.2584,1.0527
2015-09-14 00:00:00,1.331,1.5972,1.1374
2015-09-14 04:00:00,1.4883,1.8513,1.1374
2015-09-14 08:00:00,1.3068,1.7424,1.1495
2015-09-14 12:00:00,1.5609,1.1132,1.1495
2015-09-14 16:00:00,1.7061,1.1616,1.1495
2015-09-14 20:00:00,1.6214,1.4278,1.1495
2015-09-15 00:00:00,1.8392,1.4762,1.1132
2015-09-15 04:00:00,1.5246,1.5246,1.1616
2015-09-15 08:00:00,1.452,1.1495,1.1495
2015-09-15 12:00:00,1.3068,1.5367,1.1374
2015-09-15 16:00:00,1.3068,1.331,1.0043
2015-09-15 20:00:00,1.3915,1.2463,1.0285
2015-09-16 00:00:00,1.4036,1.3431,1.1253
2015-09-16 04:00:00,1.3794,1.4278,1.1374
2015-09-16 08:00:00,1.2826,1.9481,1.1011
2015-09-16 12:00:00,1.2584,1.9239,1.1132
2015-09-16 16:00:00,1.2826,1.5488,1.1253
2015-09-16 20:00:00,1.4157,1.5367,1.1132
2015-09-17 00:00:00,2.057,1.7182,1.1616
2015-09-17 04:00:00,1.452,2.1417,1.1737
2015-09-17 08:00:00,1.4399,2.3837,1.1495
2015-09-17 12:00:00,1.4399,2.0328,1.1495
2015-09-17 16:00:00,1.4762,1.694,1.1132
2015-09-17 20:00:00,1.5004,1.5851,1.1495
2015-09-18 00:00:00,1.4641,1.815,1.1495
2015-09-18 04:00:00,1.4278,2.0933,1.1858
2015-09-18 08:00:00,1.2705,1.8634,1.1374
2015-09-18 12:00:00,1.2463,1.3068,1.1374
2015-09-18 16:00:00,1.3189,1.8392,1.0769
2015-09-18 20:00:00,1.3189,2.178,1.0648
2015-09-19 00:00:00,1.3794,2.1296,1.1737
2015-09-19 04:00:00,1.2947,2.2869,1.1616
2015-09-19 08:00:00,1.2705,2.4926,1.1616
2015-09-19 12:00:00,1.1495,2.2506,1.1616
2015-09-19 16:00:00,1.2221,2.1296,1.0648
2015-09-19 20:00:00,1.2221,2.1538,1.0769
2015-09-20 00:00:00,1.0648,2.1054,1.1979
2015-09-20 04:00:00,1.0769,2.3595,1.1737
2015-09-20 08:00:00,1.0769,2.8072,1.1737
2015-09-20 12:00:00,1.0648,2.1659,1.21
2015-09-20 16:00:00,0.4235,1.9844,1.1253
2015-09-20 20:00:00,1.2221,2.1659,1.1253
2015-09-21 00:00:00,0.4719,2.4684,1.21
2015-09-21 04:00:00,1.1132,2.178,1.1737
2015-09-21 08:00:00,1.1495,2.6983,1.1858
2015-09-21 12:00:00,1.1495,2.6862,1.2705
2015-09-21 16:00:00,1.2463,2.3232,1.0406
2015-09-21 20:00:00,1.3068,2.1175,1.1011
2015-09-22 00:00:00,1.3673,3.2549,1.2342
2015-09-22 04:00:00,1.3431,2.1054,1.2221
2015-09-22 08:00:00,1.3189,2.4926,1.21
2015-09-22 12:00:00,1.331,2.1054,1.1132
2015-09-22 16:00:00,1.4036,1.9602,1.0285
2015-09-22 20:00:00,1.3915,1.9239,1.1495
2015-09-23 00:00:00,1.4399,1.4762,1.2826
2015-09-23 04:00:00,1.3068,2.0933,1.3189
2015-09-23 08:00:00,0.8833,2.3474,1.2463
2015-09-23 12:00:00,1.1253,2.0933,1.3068
2015-09-23 16:00:00,1.3552,1.6093,1.1132
2015-09-23 20:00:00,1.4157,1.7787,1.1374
2015-09-24 00:00:00,1.0527,1.9602,1.2947
2015-09-24 04:00:00,1.1253,2.0086,1.3552
2015-09-24 08:00:00,1.1011,2.2143,1.3794
2015-09-24 12:00:00,1.0406,1.8876,1.3431
2015-09-24 16:00:00,1.4883,1.5609,1.1011
2015-09-24 20:00:00,1.2584,1.7303,1.1616
2015-09-25 00:00:00,0.4356,1.6698,1.3915
2015-09-25 04:00:00,0.1694,1.8634,1.3673
2015-09-25 08:00:00,1.2584,2.0449,1.4036
2015-09-25 12:00:00,1.0164,1.9481,1.4157
2015-09-25 16:00:00,0.2662,1.452,1.1011
2015-09-25 20:00:00,1.3673,1.5004,1.089
2015-09-26 00:00:00,1.2826,1.7424,1.4762
2015-09-26 04:00:00,1.3068,2.5047,1.4762
2015-09-26 08:00:00,0.8349,2.3474,1.4641
2015-09-26 12:00:00,1.7424,1.8029,1.4641
2015-09-26 16:00:00,1.5972,1.7303,1.2342
2015-09-26 20:00:00,1.4762,1.694,1.2705
2015-09-27 00:00:00,1.6335,1.6577,1.5488
2015-09-27 04:00:00,1.1374,2.1175,1.5367
2015-09-27 08:00:00,0.4961,2.0812,1.5125
2015-09-27 12:00:00,1.6577,2.0812,1.5488
2015-09-27 16:00:00,1.7424,1.6819,1.2584
2015-09-27 20:00:00,0.242,1.4036,1.1858
2015-09-28 00:00:00,1.2584,1.6577,1.5246
2015-09-28 04:00:00,0.9196,1.9723,1.4762
2015-09-28 08:00:00,0.6171,2.3837,1.4036
2015-09-28 12:00:00,1.6093,1.8029,1.4278
2015-09-28 16:00:00,1.6819,1.6093,1.1979
2015-09-28 20:00:00,1.5972,1.452,1.2584
2015-09-29 00:00:00,1.6214,1.452,1.6214
2015-09-29 04:00:00,1.6214,1.8876,1.5367
2015-09-29 08:00:00,1.5488,2.1175,1.5488
2015-09-29 12:00:00,1.5609,1.694,1.5246
2015-09-29 16:00:00,1.5972,1.6819,1.1374
2015-09-29 20:00:00,1.3794,1.3794,1.1011
2015-09-30 00:00:00,1.3794,1.5004,1.5367
2015-09-30 04:00:00,1.2342,1.6819,1.4641
2015-09-30 08:00:00,1.815,2.0691,1.3915
2015-09-30 12:00:00,1.3189,1.7303,1.3552
2015-09-30 16:00:00,1.815,1.2826,1.0648
2015-09-30 20:00:00,1.3915,1.5488,1.1253
2015-10-01 00:00:00,1.5851,1.4762,1.4036
2015-10-01 04:00:00,1.573,1.815,1.3673
2015-10-01 08:00:00,1.6093,1.9602,1.3068
2015-10-01 12:00:00,0.9438,1.7666,1.3068
2015-10-01 16:00:00,1.7666,1.573,1.3673
2015-10-01 20:00:00,1.7424,1.3431,1.3068
2015-10-02 00:00:00,1.7303,1.5609,1.3552
2015-10-02 04:00:00,1.815,2.1175,1.331
2015-10-02 08:00:00,1.0648,2.0449,1.3068
2015-10-02 12:00:00,0.2783,2.1538,1.2947
2015-10-02 16:00:00,1.573,1.7787,1.0769
2015-10-02 20:00:00,1.8513,1.3068,1.1616
2015-10-03 00:00:00,0.2541,1.452,1.3794
2015-10-03 04:00:00,1.8755,1.4278,1.3431
2015-10-03 08:00:00,1.7061,2.178,1.3915
2015-10-03 12:00:00,1.4157,1.3794,1.3189
2015-10-03 16:00:00,1.6456,1.5246,1.0769
2015-10-03 20:00:00,1.6335,1.2947,1.0527
2015-10-04 00:00:00,1.6456,1.4278,1.4157
2015-10-04 04:00:00,1.4762,1.5972,1.3552
2015-10-04 08:00:00,1.3068,1.8997,1.3068
2015-10-04 12:00:00,1.2947,1.3431,1.3431
2015-10-04 16:00:00,1.1858,1.5004,1.1495
2015-10-04 20:00:00,1.3068,1.4278,1.0527
2015-10-05 00:00:00,1.3068,1.7061,1.3673
2015-10-05 04:00:00,1.21,1.7787,1.3431
2015-10-05 08:00:00,1.2705,1.694,1.3431
2015-10-05 12:00:00,1.2463,1.5609,1.3189
2015-10-05 16:00:00,1.2947,1.3673,1.1374
2015-10-05 20:00:00,1.3189,1.3673,1.1011
2015-10-06 00:00:00,1.331,1.3068,1.2947
2015-10-06 04:00:00,1.2705,1.7303,1.3189
2015-10-06 08:00:00,1.1858,1.7666,1.331
2015-10-06 12:00:00,1.2221,1.5851,1.2826
2015-10-06 16:00:00,1.331,1.4762,1.0648
2015-10-06 20:00:00,1.5488,1.6456,1.089
2015-10-07 00:00:00,1.7908,1.936,1.331
2015-10-07 04:00:00,1.8029,1.573,1.3189
2015-10-07 08:00:00,1.815,1.4278,1.2947
2015-10-07 12:00:00,1.5246,1.4883,1.2826
2015-10-07 16:00:00,1.8271,1.452,1.089
2015-10-07 20:00:00,1.7666,1.5246,1.0648
2015-10-08 00:00:00,1.1132,1.7303,1.2947
2015-10-08 04:00:00,1.6456,1.5488,1.2826
2015-10-08 08:00:00,1.452,1.7545,1.3068
2015-10-08 12:00:00,1.5609,1.6577,1.5851
2015-10-08 16:00:00,1.5851,1.8513,1.1132
2015-10-08 20:00:00,1.5972,1.5488,1.1495
2015-10-09 00:00:00,1.3552,1.815,1.2826
2015-10-09 04:00:00,1.5246,2.3958,1.3068
2015-10-09 08:00:00,1.8634,2.3111,1.2705
2015-10-09 12:00:00,1.6456,1.694,1.3189
2015-10-09 16:00:00,1.936,1.4762,1.1858
2015-10-09 20:00:00,1.9239,1.9965,1.1253
2015-10-10 00:00:00,1.9239,1.6214,1.3794
2015-10-10 04:00:00,1.8997,1.7303,1.3189
2015-10-10 08:00:00,1.8271,1.8755,1.2947
2015-10-10 12:00:00,1.3673,1.9965,1.2705
2015-10-10 16:00:00,1.8755,1.8392,1.21
2015-10-10 20:00:00,1.8876,2.0691,1.3189
2015-10-11 00:00:00,1.5367,1.7666,1.3189
2015-10-11 04:00:00,1.5488,2.7951,1.331
2015-10-11 08:00:00,1.7061,2.3595,1.3068
2015-10-11 12:00:00,1.6335,2.2022,1.3189
2015-10-11 16:00:00,1.8755,2.0449,1.2342
2015-10-11 20:00:00,1.6214,1.21,1.4399
2015-10-12 00:00:00,1.7182,1.7303,1.3673
2015-10-12 04:00:00,1.6577,2.1175,1.3189
2015-10-12 08:00:00,1.573,1.9118,1.2826
2015-10-12 12:00:00,1.5367,1.452,1.2584
2015-10-12 16:00:00,1.4036,1.5972,1.1495
2015-10-12 20:00:00,1.3794,1.5004,1.1858
2015-10-13 00:00:00,1.4399,1.331,1.4399
2015-10-13 04:00:00,1.3915,1.6093,1.3068
2015-10-13 08:00:00,1.2221,1.7545,1.3189
2015-10-13 12:00:00,1.1616,1.5972,1.3552
2015-10-13 16:00:00,1.3189,1.2947,1.1011
2015-10-13 20:00:00,1.2705,1.4036,1.0648
2015-10-14 00:00:00,1.3068,1.6819,1.3431
2015-10-14 04:00:00,1.1616,1.8029,1.3915
2015-10-14 08:00:00,1.1858,1.7303,1.3552
2015-10-14 12:00:00,1.3068,2.662,1.331
2015-10-14 16:00:00,1.3189,1.6214,1.1495
2015-10-14 20:00:00,1.3068,1.5125,1.089
2015-10-15 00:00:00,1.2705,1.5004,1.3673
2015-10-15 04:00:00,1.2584,1.573,1.3794
2015-10-15 08:00:00,1.1616,2.3837,1.3673
2015-10-15 12:00:00,1.1616,1.6093,1.331
2015-10-15 16:00:00,1.2463,1.452,1.1374
2015-10-15 20:00:00,1.1858,1.4278,1.1495
2015-10-16 00:00:00,1.089,1.7908,1.3431
2015-10-16 04:00:00,0.8591,1.6456,1.3915
2015-10-16 08:00:00,0.9801,1.7424,1.3552
2015-10-16 12:00:00,0.9075,1.7303,1.3431
2015-10-16 16:00:00,1.1979,1.6698,1.2342
2015-10-16 20:00:00,1.1858,1.1979,1.3431
2015-10-17 00:00:00,1.2221,1.3915,1.331
2015-10-17 04:00:00,0.9559,1.7545,1.3431
2015-10-17 08:00:00,1.0406,1.7182,1.3673
2015-10-17 12:00:00,1.0406,1.8271,1.3794
2015-10-17 16:00:00,1.0648,1.4883,1.1979
2015-10-17 20:00:00,1.0043,1.2947,1.3189
2015-10-18 00:00:00,1.0527,1.6819,1.331
2015-10-18 04:00:00,1.0527,1.6819,1.3915
2015-10-18 08:00:00,1.0527,1.7061,1.3552
2015-10-18 12:00:00,1.1011,2.4442,1.3189
2015-10-18 16:00:00,1.1132,2.1901,1.1132
2015-10-18 20:00:00,1.0164,1.3552,1.1374
2015-10-19 00:00:00,0.9317,1.2584,1.3552
2015-10-19 04:00:00,1.089,1.5609,1.4036
2015-10-19 08:00:00,1.0164,1.8271,1.3915
2015-10-19 12:00:00,0.9922,1.7061,1.3552
2015-10-19 16:00:00,1.1011,1.5851,1.2342
2015-10-19 20:00:00,0.8954,1.8997,1.2947
2015-10-20 00:00:00,1.0527,1.8029,1.5004
2015-10-20 04:00:00,1.0043,1.8513,1.4762
2015-10-20 08:00:00,0.9196,1.815,1.452
2015-10-20 12:00:00,0.8712,1.7424,1.4399
2015-10-20 16:00:00,1.0769,1.694,1.2584
2015-10-20 20:00:00,0.968,1.3915,1.2584
2015-10-21 00:00:00,0.9438,1.5851,1.4278
2015-10-21 04:00:00,1.0164,1.9723,1.5609
2015-10-21 08:00:00,0.968,1.6819,1.5004
2015-10-21 12:00:00,0.9317,1.5851,1.452
2015-10-21 16:00:00,1.0527,1.331,1.2342
2015-10-21 20:00:00,1.1858,1.5246,1.1979
2015-10-22 00:00:00,0.8228,1.573,1.4883
2015-10-22 04:00:00,0.7381,1.573,1.5851
2015-10-22 08:00:00,0.7986,1.6093,1.5367
2015-10-22 12:00:00,0.8833,1.8029,1.452
2015-10-22 16:00:00,1.0769,1.5367,1.2584
2015-10-22 20:00:00,0.9559,1.452,1.3189
2015-10-23 00:00:00,0.9559,2.299,1.452
2015-10-23 04:00:00,0.9438,1.936,1.573
2015-10-23 08:00:00,0.9438,1.7908,1.5246
2015-10-23 12:00:00,0.9196,1.8271,1.4641
2015-10-23 16:00:00,0.9438,1.6335,1.3673
2015-10-23 20:00:00,0.9317,1.5004,1.2947
2015-10-24 00:00:00,0.8712,1.5851,1.5609
2015-10-24 04:00:00,1.0406,1.8392,1.694
2015-10-24 08:00:00,0.8107,1.9965,1.5246
2015-10-24 12:00:00,1.0164,1.9602,1.4641
2015-10-24 16:00:00,0.9317,1.7182,1.3068
2015-10-24 20:00:00,1.0648,1.7424,1.3552
2015-10-25 00:00:00,1.1011,1.5851,1.5246
2015-10-25 04:00:00,1.0648,1.9481,1.7303
2015-10-25 08:00:00,0.9317,2.0691,1.6093
2015-10-25 12:00:00,0.9317,1.9481,1.5367
2015-10-25 16:00:00,0.9438,1.8997,1.3068
2015-10-25 20:00:00,0.9801,1.694,1.4641
2015-10-26 00:00:00,0.9075,2.8193,1.5851
2015-10-26 04:00:00,0.9559,2.1054,1.7545
2015-10-26 08:00:00,0.9317,2.2869,1.6335
2015-10-26 12:00:00,0.9801,1.815,1.6093
2015-10-26 16:00:00,0.9075,1.7545,1.452
2015-10-26 20:00:00,1.0406,1.7787,1.5246
2015-10-27 00:00:00,0.9196,2.0086,1.6335
2015-10-27 04:00:00,1.0043,1.8876,1.8271
2015-10-27 08:00:00,0.8833,1.815,1.7666
2015-10-27 12:00:00,0.8349,2.3595,1.6093
2015-10-27 16:00:00,0.8954,1.694,1.452
2015-10-27 20:00:00,0.9075,1.8392,1.2947
2015-10-28 00:00:00,0.7865,1.8513,1.6335
2015-10-28 04:00:00,0.8833,2.4563,1.8392
2015-10-28 08:00:00,0.7744,1.9965,1.7908
2015-10-28 12:00:00,0.7623,1.8513,1.6698
2015-10-28 16:00:00,0.847,1.7787,1.5488
2015-10-28 20:00:00,0.8228,1.6819,1.3068
2015-10-29 00:00:00,0.8712,1.936,1.7424
2015-10-29 04:00:00,0.8228,2.8193,1.7666
2015-10-29 08:00:00,0.8349,3.0855,1.7787
2015-10-29 12:00:00,0.7623,1.9118,1.7061
2015-10-29 16:00:00,0.8228,2.1175,1.4278
2015-10-29 20:00:00,0.7744,1.7908,1.3673
2015-10-30 00:00:00,0.8349,2.0933,1.694
2015-10-30 04:00:00,0.968,2.0207,1.7303
2015-10-30 08:00:00,0.9438,2.2143,1.8271
2015-10-30 12:00:00,0.7744,2.178,1.6456
2015-10-30 16:00:00,0.847,2.0812,1.452
2015-10-30 20:00:00,1.0285,2.1296,1.5488
2015-10-31 00:00:00,0.9317,1.815,1.7787
2015-10-31 04:00:00,0.847,2.057,2.1659
2015-10-31 08:00:00,0.9559,2.1901,1.8513
2015-10-31 12:00:00,0.8591,2.2506,1.7424
2015-10-31 16:00:00,0.9317,1.7666,1.7545
2015-10-31 20:00:00,0.9196,1.8755,1.5851
2015-11-01 00:00:00,0.8591,1.7908,1.7545
2015-11-01 04:00:00,0.8833,2.0449,2.1417
2015-11-01 08:00:00,0.8833,2.1417,1.9118
2015-11-01 12:00:00,0.8954,1.9965,1.7424
2015-11-01 16:00:00,0.9075,1.7061,1.936
2015-11-01 20:00:00,0.8591,1.6577,1.9965
2015-11-02 00:00:00,0.8107,1.7182,1.8755
2015-11-02 04:00:00,0.7623,1.9118,1.936
2015-11-02 08:00:00,0.8349,1.8755,2.0812
2015-11-02 12:00:00,0.7502,1.7787,1.7787
2015-11-02 16:00:00,0.7744,1.6335,1.7666
2015-11-02 20:00:00,0.7986,1.6456,1.6214
2015-11-03 00:00:00,0.7381,1.8513,1.8392
2015-11-03 04:00:00,0.7018,1.7787,2.1417
2015-11-03 08:00:00,0.7502,1.8513,1.9481
2015-11-03 12:00:00,0.7018,1.6456,1.8392
2015-11-03 16:00:00,0.6897,1.6577,1.9239
2015-11-03 20:00:00,0.6897,1.4762,1.6819
2015-11-04 00:00:00,0.6897,1.5609,1.9118
2015-11-04 04:00:00,0.7139,1.8271,2.1175
2015-11-04 08:00:00,0.6655,1.6335,1.8876
2015-11-04 12:00:00,0.6413,1.5367,1.8634
2015-11-04 16:00:00,0.6897,1.8634,1.8029
2015-11-04 20:00:00,0.7139,1.7303,1.6214
2015-11-05 00:00:00,0.6776,1.6698,1.8392
2015-11-05 04:00:00,0.6897,1.7908,2.1175
2015-11-05 08:00:00,0.6655,2.1538,1.9118
2015-11-05 12:00:00,0.6171,1.8876,1.8876
2015-11-05 16:00:00,0.6534,1.815,1.7182
2015-11-05 20:00:00,0.6171,1.7182,1.7545
2015-11-06 00:00:00,0.6171,1.8271,1.9602
2015-11-06 04:00:00,0.605,2.299,2.1054
2015-11-06 08:00:00,0.6292,2.3474,2.0812
2015-11-06 12:00:00,0.605,1.8755,2.0328
2015-11-06 16:00:00,0.6171,1.8634,1.936
2015-11-06 20:00:00,0.6292,1.8392,1.6456
2015-11-07 00:00:00,0.6171,1.8029,2.4684
2015-11-07 04:00:00,0.5687,1.9844,2.2869
2015-11-07 08:00:00,0.5687,2.057,2.0691
2015-11-07 12:00:00,0.605,1.8029,1.9602
2015-11-07 16:00:00,0.6292,1.6214,1.8997
2015-11-07 20:00:00,0.6534,1.6577,1.5125
2015-11-08 00:00:00,0.6413,1.9965,2.0328
2015-11-08 04:00:00,0.6292,1.8271,2.1054
2015-11-08 08:00:00,0.6534,1.7303,2.1538
2015-11-08 12:00:00,0.6534,1.6335,2.0812
2015-11-08 16:00:00,0.6897,1.5125,1.9844
2015-11-08 20:00:00,0.7018,1.6819,1.452
2015-11-09 00:00:00,0.6413,2.0691,2.1538
2015-11-09 04:00:00,0.6655,1.815,2.299
2015-11-09 08:00:00,0.5687,1.8755,2.178
2015-11-09 12:00:00,0.5929,2.2022,2.0812
2015-11-09 16:00:00,0.6655,1.9602,1.7424
2015-11-09 20:00:00,0.5566,1.7908,1.8755
2015-11-10 00:00:00,0.6655,1.4641,2.1054
2015-11-10 04:00:00,0.6655,1.5488,2.3595
2015-11-10 08:00:00,0.6413,1.4157,NaN
2015-11-10 12:00:00,0.5929,1.5851,NaN
2015-11-10 16:00:00,0.6413,1.4883,NaN
2015-11-10 20:00:00,0.7502,1.4641,NaN
2015-11-11 00:00:00,0.6171,1.3673,NaN
2015-11-11 04:00:00,0.6534,1.6698,NaN
2015-11-11 08:00:00,0.7018,1.6698,NaN
2015-11-11 12:00:00,0.6413,1.4883,NaN
2015-11-11 16:00:00,0.726,1.6819,NaN
2015-11-11 20:00:00,0.6413,1.331,NaN
2015-11-12 00:00:00,0.6171,1.4883,NaN
2015-11-12 04:00:00,0.6655,1.4278,NaN
2015-11-12 08:00:00,0.6292,1.2947,NaN
2015-11-12 12:00:00,0.6171,1.4399,NaN
2015-11-12 16:00:00,0.6776,1.2221,NaN
2015-11-12 20:00:00,0.8833,1.3552,NaN
2015-11-13 00:00:00,0.6292,1.4278,NaN
2015-11-13 04:00:00,0.6776,1.5609,NaN
2015-11-13 08:00:00,0.605,1.5367,NaN
2015-11-13 12:00:00,0.6171,1.4641,NaN
2015-11-13 16:00:00,0.6776,1.6093,NaN
2015-11-13 20:00:00,0.7018,1.6335,NaN
2015-11-14 00:00:00,0.6292,1.7787,NaN
2015-11-14 04:00:00,0.5566,1.4762,NaN
2015-11-14 08:00:00,0.605,1.4641,NaN
2015-11-14 12:00:00,0.5687,1.5246,NaN
2015-11-14 16:00:00,0.6292,1.4157,NaN
2015-11-14 20:00:00,0.5929,2.4321,NaN
2015-11-15 00:00:00,0.6292,2.2506,NaN
2015-11-15 04:00:00,0.6171,1.452,NaN
2015-11-15 08:00:00,0.5687,1.5367,NaN
2015-11-15 12:00:00,0.605,1.5125,NaN
2015-11-15 16:00:00,0.7139,1.3794,NaN
2015-11-15 20:00:00,0.6534,1.4036,NaN
2015-11-16 00:00:00,0.6171,1.4762,NaN
2015-11-16 04:00:00,0.605,1.4036,NaN
2015-11-16 08:00:00,0.7502,1.2705,NaN
2015-11-16 12:00:00,0.6171,1.4883,NaN
2015-11-16 16:00:00,0.6534,1.4036,NaN
2015-11-16 20:00:00,0.5929,1.2584,NaN
2015-11-17 00:00:00,0.5929,1.1616,NaN
2015-11-17 04:00:00,0.5687,1.3552,NaN
2015-11-17 08:00:00,0.5324,1.3189,NaN
2015-11-17 12:00:00,0.605,1.2463,NaN
2015-11-17 16:00:00,0.6776,1.1616,NaN
2015-11-17 20:00:00,0.6655,1.2705,NaN
2015-11-18 00:00:00,0.5929,1.1858,NaN
2015-11-18 04:00:00,0.5808,1.1979,NaN
2015-11-18 08:00:00,0.5687,1.2463,NaN
2015-11-18 12:00:00,0.5687,1.2221,NaN
2015-11-18 16:00:00,0.5929,1.21,NaN
2015-11-18 20:00:00,0.4719,1.1253,NaN
2015-11-19 00:00:00,0.4961,1.1253,NaN
2015-11-19 04:00:00,0.5082,1.2463,NaN
2015-11-19 08:00:00,0.5324,1.0164,NaN
2015-11-19 12:00:00,0.5324,0.9922,NaN
2015-11-19 16:00:00,0.5566,1.0285,NaN
2015-11-19 20:00:00,0.5203,1.1737,NaN
2015-11-20 00:00:00,0.5203,0.9559,NaN
2015-11-20 04:00:00,0.4961,1.1011,NaN
2015-11-20 08:00:00,0.4719,1.0043,NaN
2015-11-20 12:00:00,0.4598,1.089,NaN
2015-11-20 16:00:00,0.4961,1.0527,NaN
2015-11-20 20:00:00,0.4598,1.0648,NaN
2015-11-21 00:00:00,0.4114,0.9801,NaN
2015-11-21 04:00:00,0.4235,1.0406,NaN
2015-11-21 08:00:00,0.4114,1.0285,NaN
2015-11-21 12:00:00,0.4356,1.1737,NaN
2015-11-21 16:00:00,0.3872,1.0527,NaN
2015-11-21 20:00:00,0.4114,1.0527,NaN
2015-11-22 00:00:00,0.4235,1.1979,NaN
2015-11-22 04:00:00,0.4235,1.3673,NaN
2015-11-22 08:00:00,0.4114,1.1495,NaN
2015-11-22 12:00:00,0.4598,1.0648,NaN
2015-11-22 16:00:00,0.4356,1.2463,NaN
2015-11-22 20:00:00,0.363,1.5004,NaN
2015-11-23 00:00:00,0.363,1.1858,NaN
2015-11-23 04:00:00,0.3751,1.3068,NaN
2015-11-23 08:00:00,0.3388,1.2221,NaN
2015-11-23 12:00:00,0.3509,1.1616,NaN
2015-11-23 16:00:00,0.363,1.3068,NaN
2015-11-23 20:00:00,0.3872,1.4883,NaN
2015-11-24 00:00:00,0.3993,1.3915,NaN
2015-11-24 04:00:00,0.3872,1.2947,NaN
2015-11-24 08:00:00,0.3993,1.3068,NaN
2015-11-24 12:00:00,0.3872,1.1616,NaN
2015-11-24 16:00:00,0.363,1.3189,NaN
2015-11-24 20:00:00,0.3872,1.3673,NaN
2015-11-25 00:00:00,0.3509,1.6698,NaN
2015-11-25 04:00:00,0.3751,1.3431,NaN
2015-11-25 08:00:00,0.363,1.3673,NaN
2015-11-25 12:00:00,0.363,1.2221,NaN
2015-11-25 16:00:00,0.3993,1.5488,NaN
2015-11-25 20:00:00,0.3751,1.3552,NaN
2015-11-26 00:00:00,0.3751,1.5367,NaN
2015-11-26 04:00:00,0.3267,1.3794,NaN
2015-11-26 08:00:00,0.3267,1.3794,NaN
2015-11-26 12:00:00,0.3388,1.3552,NaN
2015-11-26 16:00:00,0.3872,1.2705,NaN
2015-11-26 20:00:00,0.363,1.3431,NaN
2015-11-27 00:00:00,0.3509,1.3794,NaN
2015-11-27 04:00:00,0.3025,1.4641,NaN
2015-11-27 08:00:00,0.3146,1.2342,NaN
2015-11-27 12:00:00,0.3267,1.3794,NaN
2015-11-27 16:00:00,0.3267,1.5367,NaN
2015-11-27 20:00:00,0.3509,1.5609,NaN
2015-11-28 00:00:00,0.3267,1.4641,NaN
2015-11-28 04:00:00,0.3267,1.1616,NaN
2015-11-28 08:00:00,0.3146,1.2705,NaN
2015-11-28 12:00:00,0.3267,1.5367,NaN
2015-11-28 16:00:00,0.3509,1.3673,NaN
2015-11-28 20:00:00,0.3267,1.4762,NaN
2015-11-29 00:00:00,0.2541,1.4762,NaN
2015-11-29 04:00:00,0.2662,1.3431,NaN
2015-11-29 08:00:00,0.2904,1.1495,NaN
2015-11-29 12:00:00,0.2783,1.2705,NaN
2015-11-29 16:00:00,0.2662,1.4157,NaN
2015-11-29 20:00:00,0.2541,1.331,NaN
2015-11-30 00:00:00,0.2662,1.6093,NaN
2015-11-30 04:00:00,0.2299,1.2705,NaN
2015-11-30 08:00:00,0.2541,1.2221,NaN
2015-11-30 12:00:00,0.2662,1.2947,NaN
2015-11-30 16:00:00,0.2541,1.4157,NaN
2015-11-30 20:00:00,0.2299,1.4036,NaN
2015-12-01 00:00:00,0.2662,1.5488,NaN
2015-12-01 04:00:00,0.2178,1.8029,NaN
2015-12-01 08:00:00,0.2541,1.4036,NaN
2015-12-01 12:00:00,0.2299,1.3673,NaN
2015-12-01 16:00:00,0.242,1.4157,NaN
2015-12-01 20:00:00,0.242,1.7545,NaN
2015-12-02 00:00:00,0.2299,1.6456,NaN
2015-12-02 04:00:00,0.2783,1.5609,NaN
2015-12-02 08:00:00,0.2057,1.4883,NaN
2015-12-02 12:00:00,0.2299,1.6093,NaN
2015-12-02 16:00:00,0.2299,1.6093,NaN
2015-12-02 20:00:00,0.2178,1.6698,NaN
2015-12-03 00:00:00,0.242,1.4883,NaN
2015-12-03 04:00:00,0.2299,1.5246,NaN
2015-12-03 08:00:00,0.1936,1.4278,NaN
2015-12-03 12:00:00,0.2299,1.4399,NaN
2015-12-03 16:00:00,0.2299,1.3915,NaN
2015-12-03 20:00:00,0.1936,1.573,NaN
2015-12-04 00:00:00,0.1936,1.5851,NaN
2015-12-04 04:00:00,0.1694,1.4399,NaN
2015-12-04 08:00:00,0.1694,1.6698,NaN
2015-12-04 12:00:00,0.2178,1.4036,NaN
2015-12-04 16:00:00,0.2178,1.5972,NaN
2015-12-04 20:00:00,0.1815,1.6577,NaN
2015-12-05 00:00:00,0.2057,1.4762,NaN
2015-12-05 04:00:00,0.1815,1.452,NaN
2015-12-05 08:00:00,0.1694,1.5125,NaN
2015-12-05 12:00:00,0.1936,1.3552,NaN
2015-12-05 16:00:00,0.1694,1.7303,NaN
2015-12-05 20:00:00,0.1573,1.4399,NaN
2015-12-06 00:00:00,0.1573,1.573,NaN
2015-12-06 04:00:00,0.1573,1.4157,NaN
2015-12-06 08:00:00,0.1573,1.4883,NaN
2015-12-06 12:00:00,0.1573,1.5004,NaN
2015-12-06 16:00:00,0.1694,1.573,NaN
2015-12-06 20:00:00,0.1573,1.2584,NaN
2015-12-07 00:00:00,0.1452,1.7303,NaN
2015-12-07 04:00:00,0.1694,1.3915,NaN
2015-12-07 08:00:00,0.1573,1.5004,NaN
2015-12-07 12:00:00,0.1815,1.4762,NaN
2015-12-07 16:00:00,0.1815,1.5125,NaN
2015-12-07 20:00:00,0.1694,1.2342,NaN
2015-12-08 00:00:00,0.1694,1.1495,NaN
2015-12-08 04:00:00,0.1694,1.0406,NaN
2015-12-08 08:00:00,0.1573,1.1495,NaN
2015-12-08 12:00:00,0.1452,1.1737,NaN
2015-12-08 16:00:00,0.1694,1.1253,NaN
2015-12-08 20:00:00,0.1936,1.1616,NaN
2015-12-09 00:00:00,0.1694,1.331,NaN
2015-12-09 04:00:00,0.1815,1.2826,NaN
2015-12-09 08:00:00,0.1815,1.2221,NaN
2015-12-09 12:00:00,0.2178,1.1495,NaN
2015-12-09 16:00:00,0.1815,1.2705,NaN
2015-12-09 20:00:00,0.1815,1.6214,NaN
2015-12-10 00:00:00,0.1815,1.2826,NaN
2015-12-10 04:00:00,0.1815,1.2342,NaN
2015-12-10 08:00:00,0.4114,1.2705,NaN
2015-12-10 12:00:00,0.1936,1.1858,NaN
2015-12-10 16:00:00,0.1936,1.2342,NaN
2015-12-10 20:00:00,0.1694,1.1011,NaN
2015-12-11 00:00:00,0.1331,1.1979,NaN
2015-12-11 04:00:00,0.1452,1.1495,NaN
2015-12-11 08:00:00,0.1573,1.2584,NaN
2015-12-11 12:00:00,0.1815,1.1495,NaN
2015-12-11 16:00:00,0.2299,1.4157,NaN
2015-12-11 20:00:00,0.1331,1.1374,NaN
2015-12-12 00:00:00,0.1936,1.1374,NaN
2015-12-12 04:00:00,0.1936,1.2221,NaN
2015-12-12 08:00:00,0.1694,1.3794,NaN
2015-12-12 12:00:00,0.1573,1.3189,NaN
2015-12-12 16:00:00,0.1694,1.1616,NaN
2015-12-12 20:00:00,0.1573,1.1858,NaN
2015-12-13 00:00:00,0.1331,1.3794,NaN
2015-12-13 04:00:00,0.1452,1.2947,NaN
2015-12-13 08:00:00,0.1452,1.0769,NaN
2015-12-13 12:00:00,0.1573,1.3552,NaN
2015-12-13 16:00:00,0.1815,1.3552,NaN
2015-12-13 20:00:00,0.1694,1.1979,NaN
2015-12-14 00:00:00,0.1694,1.2947,NaN
2015-12-14 04:00:00,0.1694,1.4641,NaN
2015-12-14 08:00:00,0.1573,1.2826,NaN
2015-12-14 12:00:00,0.1815,1.2342,NaN
2015-12-14 16:00:00,0.1694,1.1737,NaN
2015-12-14 20:00:00,0.1452,1.3794,NaN
2015-12-15 00:00:00,0.1815,1.4641,NaN
2015-12-15 04:00:00,0.1573,1.2221,NaN
2015-12-15 08:00:00,0.1936,1.2826,NaN
2015-12-15 12:00:00,0.1815,1.3431,NaN
2015-12-15 16:00:00,0.1573,1.3068,NaN
2015-12-15 20:00:00,0.2057,1.1011,NaN
2015-12-16 00:00:00,0.1936,1.2826,NaN
2015-12-16 04:00:00,0.1573,1.1253,NaN
2015-12-16 08:00:00,0.1573,1.2826,NaN
2015-12-16 12:00:00,0.2178,1.1495,NaN
2015-12-16 16:00:00,0.2178,1.1011,NaN
2015-12-16 20:00:00,0.1936,1.3552,NaN
2015-12-17 00:00:00,0.1694,1.2221,NaN
2015-12-17 04:00:00,0.1815,1.21,NaN
2015-12-17 08:00:00,0.1694,1.1374,NaN
2015-12-17 12:00:00,0.1815,1.4883,NaN
2015-12-17 16:00:00,0.1936,1.1737,NaN
2015-12-17 20:00:00,0.1694,1.0527,NaN
2015-12-18 00:00:00,0.1936,1.1858,NaN
2015-12-18 04:00:00,0.1694,1.1858,NaN
2015-12-18 08:00:00,0.1694,1.1495,NaN
2015-12-18 12:00:00,0.1452,1.2342,NaN
2015-12-18 16:00:00,0.1815,1.1132,NaN
2015-12-18 20:00:00,0.1573,1.1979,NaN
2015-12-19 00:00:00,0.1452,1.0648,NaN
2015-12-19 04:00:00,0.1452,1.1858,NaN
2015-12-19 08:00:00,0.1815,1.1616,NaN
2015-12-19 12:00:00,0.1573,1.21,NaN
2015-12-19 16:00:00,0.1331,1.2705,NaN
2015-12-19 20:00:00,0.1694,1.2947,NaN
2015-12-20 00:00:00,0.1573,1.1253,NaN
2015-12-20 04:00:00,0.1452,1.1737,NaN
2015-12-20 08:00:00,0.1331,1.1616,NaN
2015-12-20 12:00:00,0.1573,1.1374,NaN
2015-12-20 16:00:00,0.1573,1.1011,NaN
2015-12-20 20:00:00,0.1936,1.0769,NaN
2015-12-21 00:00:00,0.1452,1.2705,NaN
2015-12-21 04:00:00,0.1573,1.1253,NaN
2015-12-21 08:00:00,0.1694,1.1495,NaN
2015-12-21 12:00:00,0.1936,1.2221,NaN
2015-12-21 16:00:00,0.1694,1.1737,NaN
2015-12-21 20:00:00,0.1694,1.3068,NaN
2015-12-22 00:00:00,0.1573,1.2221,NaN
2015-12-22 04:00:00,0.1573,1.1132,NaN
2015-12-22 08:00:00,0.1452,1.0527,NaN
2015-12-22 12:00:00,0.1331,1.0285,NaN
2015-12-22 16:00:00,0.1815,1.089,NaN
2015-12-22 20:00:00,0.1573,1.1132,NaN
2015-12-23 00:00:00,0.1573,1.1132,NaN
2015-12-23 04:00:00,0.121,1.1616,NaN
2015-12-23 08:00:00,0.1694,1.1132,NaN
2015-12-23 12:00:00,0.1331,1.1979,NaN
2015-12-23 16:00:00,0.1573,1.2705,NaN
2015-12-23 20:00:00,0.1452,1.0648,NaN
2015-12-24 00:00:00,0.1452,1.1495,NaN
2015-12-24 04:00:00,0.1573,1.0648,NaN
2015-12-24 08:00:00,0.1815,1.1011,NaN
2015-12-24 12:00:00,0.2057,1.0769,NaN
2015-12-24 16:00:00,0.1694,1.0769,NaN
2015-12-24 20:00:00,0.1573,1.0527,NaN
2015-12-25 00:00:00,0.1573,1.0527,NaN
2015-12-25 04:00:00,0.1694,1.0285,NaN
2015-12-25 08:00:00,0.1331,1.0527,NaN
2015-12-25 12:00:00,0.1331,1.6577,NaN
2015-12-25 16:00:00,0.1694,1.5488,NaN
2015-12-25 20:00:00,0.1573,1.0769,NaN
2015-12-26 00:00:00,0.1573,1.0648,NaN
2015-12-26 04:00:00,0.1452,1.1495,NaN
2015-12-26 08:00:00,0.1573,1.0164,NaN
2015-12-26 12:00:00,0.1694,1.0527,NaN
2015-12-26 16:00:00,0.1452,1.1132,NaN
2015-12-26 20:00:00,0.1331,1.0769,NaN
2015-12-27 00:00:00,0.1573,1.1737,NaN
2015-12-27 04:00:00,0.1815,1.1737,NaN
2015-12-27 08:00:00,0.1694,1.1858,NaN
2015-12-27 12:00:00,0.1573,1.1132,NaN
2015-12-27 16:00:00,0.1452,1.1616,NaN
2015-12-27 20:00:00,0.2299,1.0406,NaN
2015-12-28 00:00:00,0.1452,1.1253,NaN
2015-12-28 04:00:00,0.1573,1.1374,NaN
2015-12-28 08:00:00,0.1452,1.0285,NaN
2015-12-28 12:00:00,0.1573,1.0527,NaN
2015-12-28 16:00:00,0.1694,1.0406,NaN
2015-12-28 20:00:00,0.121,1.1616,NaN
2015-12-29 00:00:00,0.1331,1.3552,NaN
2015-12-29 04:00:00,0.1573,1.1011,NaN
2015-12-29 08:00:00,0.1573,1.1011,NaN
2015-12-29 12:00:00,0.1573,1.0406,NaN
2015-12-29 16:00:00,0.1936,1.0164,NaN
2015-12-29 20:00:00,0.1573,1.0527,NaN
2015-12-30 00:00:00,0.1452,1.0527,NaN
2015-12-30 04:00:00,0.1452,1.0043,NaN
2015-12-30 08:00:00,0.1089,1.0769,NaN
2015-12-30 12:00:00,0.1694,1.0285,NaN
2015-12-30 16:00:00,0.1331,0.968,NaN
2015-12-30 20:00:00,0.1331,1.0164,NaN
2015-12-31 00:00:00,0.1452,1.089,NaN
2015-12-31 04:00:00,0.1573,1.1011,NaN
2015-12-31 08:00:00,0.1452,1.0527,NaN
2015-12-31 12:00:00,0.1331,1.089,NaN
2015-12-31 16:00:00,0.1452,1.0769,NaN
2015-12-31 20:00:00,0.1089,1.1011,NaN
2016-01-01 00:00:00,0.1452,1.1011,NaN
2016-01-01 04:00:00,0.1331,1.1011,NaN
2016-01-01 08:00:00,0.1452,1.0406,NaN
2016-01-01 12:00:00,0.1815,1.0043,NaN
2016-01-01 16:00:00,0.1694,1.0648,NaN
2016-01-01 20:00:00,0.1452,0.968,NaN
2016-01-02 00:00:00,0.121,1.0769,NaN
2016-01-02 04:00:00,0.121,1.1253,NaN
2016-01-02 08:00:00,0.121,1.1132,NaN
2016-01-02 12:00:00,0.1331,1.0648,NaN
2016-01-02 16:00:00,0.1089,1.1132,NaN
2016-01-02 20:00:00,0.1331,1.1616,NaN
2016-01-03 00:00:00,0.1089,1.1737,NaN
2016-01-03 04:00:00,0.0968,1.1011,NaN
2016-01-03 08:00:00,0.1089,1.089,NaN
2016-01-03 12:00:00,0.1089,1.1374,NaN
2016-01-03 16:00:00,0.1331,1.1132,NaN
2016-01-03 20:00:00,0.1331,1.1132,NaN
2016-01-04 00:00:00,0.1089,1.0527,NaN
2016-01-04 04:00:00,0.1452,0.968,NaN
2016-01-04 08:00:00,0.1331,1.1979,NaN
2016-01-04 12:00:00,0.0968,1.0648,NaN
2016-01-04 16:00:00,0.1331,0.9317,NaN
2016-01-04 20:00:00,0.121,1.0285,NaN
2016-01-05 00:00:00,0.1331,1.0527,NaN
2016-01-05 04:00:00,0.1089,0.9801,NaN
2016-01-05 08:00:00,0.121,1.3431,NaN
2016-01-05 12:00:00,0.121,0.9801,NaN
2016-01-05 16:00:00,0.121,1.0043,NaN
2016-01-05 20:00:00,0.1815,0.9801,NaN
2016-01-06 00:00:00,0.0968,1.0285,NaN
2016-01-06 04:00:00,0.0968,1.0527,NaN
2016-01-06 08:00:00,0.1452,0.9196,NaN
2016-01-06 12:00:00,0.1573,0.9801,NaN
2016-01-06 16:00:00,0.1573,0.968,NaN
2016-01-06 20:00:00,0.121,1.331,NaN
2016-01-07 00:00:00,0.121,0.9317,NaN
2016-01-07 04:00:00,0.121,0.9559,NaN
2016-01-07 08:00:00,0.1331,0.9801,NaN
2016-01-07 12:00:00,0.1331,0.9801,NaN
2016-01-07 16:00:00,0.1089,0.9922,NaN
2016-01-07 20:00:00,0.121,0.9801,NaN
2016-01-08 00:00:00,0.0968,1.1979,NaN
2016-01-08 04:00:00,0.0968,1.1253,NaN
2016-01-08 08:00:00,0.1089,1.0043,NaN
2016-01-08 12:00:00,0.1089,1.0164,NaN
2016-01-08 16:00:00,0.1331,1.1132,NaN
2016-01-08 20:00:00,0.1452,0.9801,NaN
2016-01-09 00:00:00,0.1331,1.1858,NaN
2016-01-09 04:00:00,0.0968,1.0648,NaN
2016-01-09 08:00:00,0.0968,0.9438,NaN
2016-01-09 12:00:00,0.0726,1.0406,NaN
2016-01-09 16:00:00,0.121,1.0527,NaN
2016-01-09 20:00:00,0.1089,1.1253,NaN
2016-01-10 00:00:00,0.0968,1.1011,NaN
2016-01-10 04:00:00,0.121,1.1011,NaN
2016-01-10 08:00:00,0.121,1.1979,NaN
2016-01-10 12:00:00,0.121,1.0285,NaN
2016-01-10 16:00:00,0.1452,1.0406,NaN
2016-01-10 20:00:00,0.1089,1.1253,NaN
2016-01-11 00:00:00,0.1089,1.331,NaN
2016-01-11 04:00:00,0.121,1.1374,NaN
2016-01-11 08:00:00,0.1331,1.089,NaN
2016-01-11 12:00:00,0.121,1.2221,NaN
2016-01-11 16:00:00,0.1089,1.089,NaN
2016-01-11 20:00:00,0.121,1.1979,NaN
2016-01-12 00:00:00,0.1331,1.1858,NaN
2016-01-12 04:00:00,0.121,1.2463,NaN
2016-01-12 08:00:00,0.1573,1.1374,NaN
2016-01-12 12:00:00,0.1089,1.1616,NaN
2016-01-12 16:00:00,0.1331,1.21,NaN
2016-01-12 20:00:00,0.1089,1.1737,NaN
2016-01-13 00:00:00,0.0968,1.3673,NaN
2016-01-13 04:00:00,0.1452,1.331,NaN
2016-01-13 08:00:00,0.1573,1.089,NaN
2016-01-13 12:00:00,0.1331,1.2947,NaN
2016-01-13 16:00:00,0.1331,1.2463,NaN
2016-01-13 20:00:00,0.121,1.1132,NaN
2016-01-14 00:00:00,0.1331,1.21,NaN
2016-01-14 04:00:00,0.0968,1.2342,NaN
2016-01-14 08:00:00,0.1452,1.2342,NaN
2016-01-14 12:00:00,0.1573,1.1374,NaN
2016-01-14 16:00:00,0.1331,1.1011,NaN
2016-01-14 20:00:00,0.121,1.1979,NaN
2016-01-15 00:00:00,0.1573,1.1858,NaN
2016-01-15 04:00:00,0.121,1.2584,NaN
2016-01-15 08:00:00,0.1452,1.1495,NaN
2016-01-15 12:00:00,0.1089,1.2463,NaN
2016-01-15 16:00:00,0.1573,1.1495,NaN
2016-01-15 20:00:00,0.1331,1.3915,NaN
2016-01-16 00:00:00,0.1089,1.2221,NaN
2016-01-16 04:00:00,0.1452,1.1616,NaN
2016-01-16 08:00:00,0.121,1.2221,NaN
2016-01-16 12:00:00,0.1331,1.2221,NaN
2016-01-16 16:00:00,0.1452,1.3189,NaN
2016-01-16 20:00:00,0.121,1.2705,NaN
2016-01-17 00:00:00,0.1331,1.3431,NaN
2016-01-17 04:00:00,0.121,1.2342,NaN
2016-01-17 08:00:00,0.1089,1.2463,NaN
2016-01-17 12:00:00,0.1331,1.21,NaN
2016-01-17 16:00:00,0.1331,1.3431,NaN
2016-01-17 20:00:00,0.0726,1.2584,NaN
2016-01-18 00:00:00,0.0968,1.4762,NaN
2016-01-18 04:00:00,0.121,1.3552,NaN
2016-01-18 08:00:00,0.121,1.5125,NaN
2016-01-18 12:00:00,0.121,1.2705,NaN
2016-01-18 16:00:00,0.1089,1.3431,NaN
2016-01-18 20:00:00,0.0968,1.2826,NaN
2016-01-19 00:00:00,0.121,1.3431,NaN
2016-01-19 04:00:00,0.121,1.4157,NaN
2016-01-19 08:00:00,0.0968,1.4278,NaN
2016-01-19 12:00:00,0.1452,1.573,NaN
2016-01-19 16:00:00,0.1331,1.2947,NaN
2016-01-19 20:00:00,0.121,1.3794,NaN
2016-01-20 00:00:00,0.1452,1.3794,NaN
2016-01-20 04:00:00,0.1089,1.452,NaN
2016-01-20 08:00:00,0.1089,1.5246,NaN
2016-01-20 12:00:00,0.0968,1.4278,NaN
2016-01-20 16:00:00,0.121,1.3189,NaN
2016-01-20 20:00:00,0.0847,1.2826,NaN
2016-01-21 00:00:00,0.1452,1.5246,NaN
2016-01-21 04:00:00,NaN,1.452,NaN
2016-01-21 08:00:00,NaN,1.3915,NaN
2016-01-21 12:00:00,NaN,1.3794,NaN
2016-01-21 16:00:00,NaN,1.4157,NaN
2016-01-21 20:00:00,NaN,1.3794,NaN
2016-01-22 00:00:00,NaN,1.3915,NaN
2016-01-22 04:00:00,NaN,1.3915,NaN
2016-01-22 08:00:00,NaN,1.4641,NaN
2016-01-22 12:00:00,NaN,1.4641,NaN
2016-01-22 16:00:00,NaN,1.3673,NaN
2016-01-22 20:00:00,NaN,1.3673,NaN
2016-01-23 00:00:00,NaN,1.4399,NaN
2016-01-23 04:00:00,NaN,1.5004,NaN
2016-01-23 08:00:00,NaN,1.3915,NaN
2016-01-23 12:00:00,NaN,1.3794,NaN
2016-01-23 16:00:00,NaN,1.4762,NaN
2016-01-23 20:00:00,NaN,1.331,NaN
2016-01-24 00:00:00,NaN,1.4399,NaN
2016-01-24 04:00:00,NaN,1.452,NaN
2016-01-24 08:00:00,NaN,1.3673,NaN
2016-01-24 12:00:00,NaN,1.4762,NaN
2016-01-24 16:00:00,NaN,1.8513,NaN
2016-01-24 20:00:00,NaN,1.4399,NaN
2016-01-25 00:00:00,NaN,1.5125,NaN
2016-01-25 04:00:00,NaN,1.6698,NaN
2016-01-25 08:00:00,NaN,1.452,NaN
2016-01-25 12:00:00,NaN,1.4036,NaN
2016-01-25 16:00:00,NaN,1.4399,NaN
2016-01-25 20:00:00,NaN,1.5004,NaN
2016-01-26 00:00:00,NaN,1.5004,NaN
2016-01-26 04:00:00,NaN,1.452,NaN
2016-01-26 08:00:00,NaN,1.5488,NaN
2016-01-26 12:00:00,NaN,1.5246,NaN
2016-01-26 16:00:00,NaN,1.5125,NaN
2016-01-26 20:00:00,NaN,1.4399,NaN
2016-01-27 00:00:00,NaN,1.3915,NaN
2016-01-27 04:00:00,NaN,1.4762,NaN
2016-01-27 08:00:00,NaN,1.5246,NaN
2016-01-27 12:00:00,NaN,1.3673,NaN
2016-01-27 16:00:00,NaN,1.3794,NaN
2016-01-27 20:00:00,NaN,1.331,NaN
2016-01-28 00:00:00,NaN,1.3431,NaN
2016-01-28 04:00:00,NaN,1.3794,NaN
2016-01-28 08:00:00,NaN,1.3431,NaN
2016-01-28 12:00:00,NaN,1.3068,NaN
2016-01-28 16:00:00,NaN,1.3673,NaN
2016-01-28 20:00:00,NaN,1.3068,NaN
2016-01-29 00:00:00,NaN,1.5246,NaN
2016-01-29 04:00:00,NaN,1.5004,NaN
2016-01-29 08:00:00,NaN,1.4278,NaN
2016-01-29 12:00:00,NaN,1.5609,NaN
2016-01-29 16:00:00,NaN,1.4762,NaN
2016-01-29 20:00:00,NaN,1.3794,NaN
2016-01-30 00:00:00,NaN,1.5246,NaN
2016-01-30 04:00:00,NaN,1.4399,NaN
2016-01-30 08:00:00,NaN,1.4278,NaN
2016-01-30 12:00:00,NaN,1.6577,NaN
2016-01-30 16:00:00,NaN,1.4883,NaN
2016-01-30 20:00:00,NaN,1.4036,NaN
2016-01-31 00:00:00,NaN,1.5609,NaN
2016-01-31 04:00:00,NaN,1.4762,NaN
2016-01-31 08:00:00,NaN,1.3552,NaN
2016-01-31 12:00:00,NaN,1.3431,NaN
2016-01-31 16:00:00,NaN,1.4036,NaN
2016-01-31 20:00:00,NaN,1.4157,NaN
2016-02-01 00:00:00,NaN,1.5125,NaN
