Date,Chlorophyll,Salinity,Temperature,Nitrate,Shortwave Irradiance
2019-01-01,,,,4.272,
2019-01-02,1.29,33.137,9.309,4.317,59.491
2019-01-03,1.347,33.065,9.031,4.288,60.823
2019-01-04,0.763,32.911,8.81,4.663,70.852
2019-01-05,0.692,32.971,8.96,4.727,64.621
2019-01-06,0.668,32.925,8.804,4.887,66.257
2019-01-07,0.654,32.964,8.718,5.023,65.613
2019-01-08,1.036,33.218,8.825,5.105,63.474
2019-01-09,0.702,33.19,8.871,5.566,76.216
2019-01-10,0.644,33.105,8.68,5.737,70.909
2019-01-11,0.573,33.01,8.383,5.786,61.81
2019-01-12,0.508,32.942,8.204,5.907,77.226
2019-01-13,0.59,32.939,8.17,5.899,69.121
2019-01-14,0.544,33.068,8.108,6.079,80.34
2019-01-15,0.621,33.196,8.134,5.294,78.245
2019-01-16,0.781,33.465,8.714,5.668,68.358
2019-01-17,0.766,33.29,8.193,5.635,65.681
2019-01-18,0.961,33.501,8.527,5.97,61.142
2019-01-19,0.913,33.504,8.625,6.026,65.566
2019-01-20,,,,6.045,66.667
2019-01-21,0.435,34.353,11.019,6.565,56.99
2019-01-22,0.582,33.41,8.168,6.433,57.941
2019-01-23,0.66,33.226,7.708,6.536,69.951
2019-01-24,0.626,33.239,7.851,6.377,85.362
2019-01-25,0.625,32.993,7.42,6.225,86.813
2019-01-26,0.593,32.897,7.201,6.027,80.692
2019-01-27,0.634,32.901,6.876,6.414,89.894
2019-01-28,0.824,32.975,7.0,5.868,89.924
2019-01-29,0.957,33.431,8.1,6.119,95.08
2019-01-30,0.899,33.177,7.397,6.314,93.303
2019-01-31,0.626,33.006,6.855,6.812,94.399
2019-02-01,0.792,33.206,7.312,6.411,97.014
2019-02-02,0.794,33.115,6.986,6.214,95.464
2019-02-03,0.794,33.035,6.611,6.341,100.645
2019-02-04,0.996,33.089,6.848,6.101,101.462
2019-02-05,0.92,33.154,7.04,6.326,98.627
2019-02-06,0.926,32.857,5.906,5.64,103.93
2019-02-07,0.997,32.98,6.352,6.375,107.247
2019-02-08,0.893,32.83,5.873,5.884,107.73
2019-02-09,0.895,33.002,6.397,5.847,97.572
2019-02-10,1.132,33.244,7.121,5.507,95.753
2019-02-11,1.319,33.31,7.367,5.677,104.833
2019-02-12,1.436,33.495,7.774,4.991,110.216
2019-02-13,1.22,33.817,8.911,5.155,105.148
2019-02-14,1.329,33.674,8.423,5.194,103.179
2019-02-15,1.315,33.663,8.36,4.77,101.069
2019-02-16,1.306,33.544,8.077,5.108,122.183
2019-02-17,1.22,33.372,7.457,5.111,109.562
2019-02-18,1.684,33.441,7.755,3.941,107.676
2019-02-19,1.466,33.454,7.733,4.241,109.384
2019-02-20,1.538,33.418,7.436,4.767,109.44
2019-02-21,1.282,33.823,8.748,5.355,93.08
2019-02-22,1.391,33.441,7.692,4.271,102.869
2019-02-23,1.556,33.477,7.777,4.24,97.394
2019-02-24,1.243,33.832,8.977,5.568,104.839
2019-02-25,1.094,33.633,8.454,5.162,102.527
2019-02-26,1.004,33.64,8.248,5.162,92.934
2019-02-27,0.979,33.62,8.033,5.874,85.452
2019-02-28,0.973,33.685,8.045,6.214,104.284
2019-03-01,1.075,33.552,7.47,6.607,102.305
2019-03-02,0.976,33.467,7.279,6.907,102.184
2019-03-03,0.929,33.361,7.13,6.776,102.642
2019-03-04,0.959,33.304,6.96,6.939,110.567
2019-03-05,0.729,33.315,6.746,7.027,128.63
2019-03-06,0.709,33.352,6.623,7.516,146.535
2019-03-07,0.667,33.304,6.393,7.412,128.068
2019-03-08,0.618,33.27,6.28,7.781,141.914
2019-03-09,0.592,33.228,6.236,7.223,153.809
2019-03-10,0.738,33.203,6.123,7.7,170.071
2019-03-11,0.599,33.191,6.126,7.447,170.959
2019-03-12,0.687,33.183,6.099,7.283,162.645
2019-03-13,0.64,33.148,5.984,7.216,166.584
2019-03-14,0.646,33.119,6.033,7.224,192.761
2019-03-15,0.828,33.065,5.911,7.274,197.498
2019-03-16,0.762,33.076,6.047,7.374,200.484
2019-03-17,0.643,32.998,5.835,6.644,202.03
2019-03-18,0.669,32.973,5.741,6.999,200.208
2019-03-19,0.585,32.965,5.693,7.084,196.468
2019-03-20,0.852,32.964,5.719,6.852,195.48
2019-03-21,1.039,32.951,5.825,6.725,199.693
2019-03-22,0.88,32.898,5.663,6.288,180.228
2019-03-23,0.727,33.002,5.704,6.648,177.84
2019-03-24,0.837,33.112,6.007,7.588,182.136
2019-03-25,0.976,33.104,6.021,7.372,197.448
2019-03-26,0.507,33.015,5.77,6.625,212.114
2019-03-27,0.59,33.041,5.782,7.714,207.564
2019-03-28,0.685,33.01,5.663,7.782,198.17
2019-03-29,0.776,32.99,5.958,7.163,222.72
2019-03-30,0.929,33.019,6.044,6.456,221.169
2019-03-31,0.923,33.047,6.382,7.726,216.606
2019-04-01,1.353,33.061,6.385,6.745,218.678
2019-04-02,1.074,33.112,6.395,6.655,212.812
2019-04-03,1.03,33.097,6.393,6.534,218.061
2019-04-04,1.103,33.116,6.651,7.071,227.436
2019-04-05,1.392,33.062,6.391,7.4,203.342
2019-04-06,2.007,33.101,6.743,6.292,184.136
2019-04-07,2.257,33.081,6.665,5.76,189.418
2019-04-08,2.91,33.067,6.866,0.794,186.723
2019-04-09,2.701,33.06,7.011,0.723,180.059
2019-04-10,1.598,32.957,6.629,1.848,156.669
2019-04-11,2.007,32.917,6.62,0.42,145.62
2019-04-12,3.04,32.908,6.907,1.501,146.904
2019-04-13,2.85,32.89,6.936,3.317,177.764
2019-04-14,0.65,32.662,6.492,4.11,177.036
2019-04-15,0.41,32.644,6.758,2.558,161.824
2019-04-16,0.448,32.685,6.58,2.658,180.134
2019-04-17,0.436,32.747,6.681,2.8,194.546
2019-04-18,0.339,32.658,6.491,3.335,183.083
2019-04-19,0.32,32.528,6.563,4.268,196.199
2019-04-20,0.933,32.567,6.891,2.078,179.761
2019-04-21,2.49,32.595,7.278,2.5,181.57
2019-04-22,2.898,32.681,7.835,0.507,200.968
2019-04-23,2.004,34.468,13.654,0.244,182.87
2019-04-24,2.494,32.559,7.789,0.826,199.433
2019-04-25,2.46,32.503,7.903,-0.384,198.911
2019-04-26,2.845,32.517,7.916,0.299,213.144
2019-04-27,2.504,32.548,7.743,-0.19,213.41
2019-04-28,2.684,32.526,7.921,0.767,189.994
2019-04-29,2.111,32.537,7.725,0.725,175.794
2019-04-30,1.696,32.542,8.02,0.924,180.783
2019-05-01,1.821,32.581,7.97,0.112,154.705
2019-05-02,1.234,32.504,8.248,-0.406,149.364
2019-05-03,1.384,32.454,8.319,0.747,140.701
2019-05-04,1.479,32.539,8.68,-0.365,157.469
2019-05-05,1.629,33.539,11.364,-0.162,176.872
2019-05-06,1.316,33.315,10.444,0.943,194.635
2019-05-07,1.176,33.277,10.677,0.846,194.974
2019-05-08,1.258,32.821,9.599,0.309,215.979
2019-05-09,1.116,33.539,11.682,0.97,217.687
2019-05-10,1.38,34.953,15.121,-0.46,194.443
2019-05-11,1.312,34.014,12.621,-0.094,175.547
2019-05-12,1.594,33.754,11.881,0.322,178.101
2019-05-13,1.115,34.659,13.48,0.593,175.002
2019-05-14,1.101,34.942,14.131,0.511,192.305
2019-05-15,1.023,35.116,14.798,0.334,206.863
2019-05-16,1.575,33.836,10.658,1.517,242.143
2019-05-17,1.48,33.007,8.185,2.847,272.671
2019-05-18,2.198,33.037,9.672,1.324,296.052
2019-05-19,2.373,32.732,8.809,1.483,264.211
2019-05-20,1.633,32.508,9.034,0.085,263.07
2019-05-21,0.857,32.607,10.451,1.061,262.091
2019-05-22,1.037,33.221,11.321,-0.2,
2019-05-23,1.136,33.149,11.455,0.527,
2019-05-24,0.962,32.702,10.777,0.422,
2019-05-25,1.277,32.406,10.323,0.646,
2019-05-26,1.684,32.468,10.232,0.517,
2019-05-27,1.196,32.531,10.703,-0.082,
2019-05-28,1.052,32.336,10.499,0.49,
2019-05-29,0.948,32.34,10.508,-0.063,
2019-05-30,1.556,32.45,10.749,0.492,
2019-05-31,1.011,32.598,11.612,0.66,
2019-06-01,0.909,32.713,12.126,-0.036,
2019-06-02,1.079,32.702,12.386,-0.036,
2019-06-03,0.772,32.826,13.258,-0.012,
2019-06-04,0.768,32.968,13.696,0.719,
2019-06-05,0.779,33.235,14.804,0.793,
2019-06-06,0.802,32.854,14.196,0.343,
2019-06-07,0.825,32.631,13.823,1.298,
2019-06-08,0.708,32.68,14.18,0.652,
2019-06-09,0.654,32.845,14.798,0.101,
2019-06-10,0.617,32.893,15.096,0.589,
2019-06-11,0.584,32.94,15.827,0.497,
2019-06-12,0.428,33.255,16.45,0.315,288.23
2019-06-13,0.443,33.329,16.773,0.396,280.028
2019-06-14,0.377,33.557,17.408,0.474,269.925
2019-06-15,0.323,33.989,18.034,0.13,236.593
2019-06-16,0.335,33.773,17.662,0.319,216.517
2019-06-17,0.347,33.751,17.738,0.08,223.667
2019-06-18,0.475,33.45,17.126,1.088,199.132
2019-06-19,0.497,33.297,17.039,0.661,197.835
2019-06-20,0.559,33.052,16.477,0.724,212.367
2019-06-21,0.595,32.709,16.197,0.495,228.908
2019-06-22,0.527,32.742,16.461,1.119,226.305
2019-06-23,0.588,32.641,16.275,0.53,242.709
2019-06-24,0.771,32.412,15.804,0.498,259.363
2019-06-25,1.025,32.366,15.551,1.371,285.134
2019-06-26,1.25,32.545,15.499,1.388,271.854
2019-06-27,0.554,33.129,18.099,1.018,267.679
2019-06-28,0.624,32.996,17.771,0.671,268.859
2019-06-29,0.488,32.984,18.345,0.667,285.721
2019-06-30,0.878,32.265,16.911,0.518,295.597
2019-07-01,0.764,32.214,17.46,0.709,296.655
2019-07-02,0.784,32.116,17.619,0.769,295.865
2019-07-03,0.66,32.094,17.463,0.57,301.372
2019-07-04,0.595,32.106,17.11,1.57,288.929
2019-07-05,0.536,32.147,15.84,0.779,263.536
2019-07-06,0.51,32.167,15.11,0.506,275.917
2019-07-07,0.43,32.105,17.11,0.679,274.732
2019-07-08,0.416,32.079,18.124,0.954,271.9
2019-07-09,0.309,32.068,18.444,0.939,264.982
2019-07-10,0.308,32.112,18.257,0.852,273.835
2019-07-11,0.287,32.099,18.646,0.89,286.005
2019-07-12,0.344,32.355,19.984,1.069,309.159
2019-07-13,0.437,32.515,19.649,1.177,305.375
2019-07-14,0.364,32.428,20.013,1.101,297.438
2019-07-15,0.356,32.391,21.123,1.263,273.848
2019-07-16,0.405,32.267,20.584,1.28,260.349
2019-07-17,0.401,32.387,21.319,1.388,256.603
2019-07-18,0.273,33.096,22.877,1.445,256.048
2019-07-19,0.265,33.178,22.731,1.589,253.484
2019-07-20,0.274,32.542,22.126,1.5,231.641
2019-07-21,0.203,32.476,22.332,1.63,216.494
2019-07-22,0.17,33.034,22.876,1.43,237.168
2019-07-23,0.171,33.047,23.938,1.733,255.44
2019-07-24,0.39,32.306,22.17,1.563,254.78
2019-07-25,0.529,32.11,20.388,1.268,254.817
2019-07-26,0.457,32.241,20.117,1.255,254.384
2019-07-27,0.482,32.718,20.211,1.136,274.636
2019-07-28,0.549,32.965,19.531,1.423,297.608
2019-07-29,0.389,32.631,20.482,1.171,285.348
2019-07-30,0.365,32.317,21.387,1.752,276.415
2019-07-31,0.3,32.421,21.587,1.509,270.253
2019-08-01,0.22,32.872,22.606,1.736,265.834
2019-08-02,0.157,33.338,22.309,1.454,259.336
2019-08-03,0.168,33.74,22.306,1.307,253.726
2019-08-04,0.16,33.565,22.357,1.335,243.969
2019-08-05,0.224,33.316,20.801,1.312,
2019-08-06,0.238,33.922,21.849,1.291,
2019-08-07,0.202,34.207,23.047,1.783,
2019-08-08,,,,,
2019-08-09,,,,,
2019-08-10,,,,,
2019-08-11,,,,,
2019-08-12,,,,,
2019-08-13,0.275,33.395,23.157,2.008,
2019-08-14,0.278,33.583,23.505,1.543,174.599
2019-08-15,0.206,33.697,23.852,1.796,186.126
2019-08-16,0.15,34.092,24.402,1.778,196.789
2019-08-17,0.127,34.484,25.228,1.746,229.011
2019-08-18,0.124,34.45,25.301,1.828,219.702
2019-08-19,0.134,34.252,25.288,2.056,221.03
2019-08-20,0.12,34.676,25.985,1.998,222.418
2019-08-21,0.16,34.963,26.904,2.095,233.79
2019-08-22,0.225,34.717,26.978,2.21,219.911
2019-08-23,0.21,34.655,26.752,2.218,222.51
2019-08-24,0.225,34.616,26.557,2.157,212.395
2019-08-25,0.175,34.771,26.414,2.119,202.438
2019-08-26,0.295,34.643,24.562,2.151,190.559
2019-08-27,0.193,34.342,21.996,1.445,202.97
2019-08-28,0.248,34.457,22.048,1.303,200.58
2019-08-29,0.295,34.569,22.589,1.385,214.057
2019-08-30,0.213,34.798,23.568,1.583,207.683
2019-08-31,0.166,34.776,23.507,1.48,216.191
2019-09-01,0.13,34.945,23.855,1.819,235.097
2019-09-02,0.165,34.246,22.025,1.729,233.741
2019-09-03,0.131,34.61,22.841,1.558,199.569
2019-09-04,0.108,34.966,23.593,2.012,181.076
2019-09-05,0.121,35.165,24.068,2.068,182.538
2019-09-06,0.169,35.272,24.362,2.345,177.988
2019-09-07,0.292,35.26,23.577,2.025,175.695
2019-09-08,0.229,35.364,23.484,1.558,174.766
2019-09-09,0.176,35.212,23.189,1.447,166.704
2019-09-10,0.141,35.197,23.124,1.451,198.036
2019-09-11,0.115,35.252,23.251,1.806,209.355
2019-09-12,0.133,35.238,23.226,1.477,180.495
2019-09-13,0.257,35.261,22.772,1.792,172.341
2019-09-14,0.271,35.283,22.651,1.377,173.92
2019-09-15,0.28,35.281,22.649,1.534,164.877
2019-09-16,0.294,35.172,22.354,1.659,186.954
2019-09-17,0.288,35.125,22.273,1.738,184.358
2019-09-18,0.476,35.012,21.852,1.955,185.359
2019-09-19,0.624,34.977,21.348,1.36,208.926
2019-09-20,1.104,34.691,20.571,1.313,215.809
2019-09-21,1.213,34.498,20.162,1.533,208.639
2019-09-22,0.712,34.536,20.43,1.389,218.675
2019-09-23,0.48,34.841,21.136,1.642,208.561
2019-09-24,0.511,34.735,21.086,1.687,207.567
2019-09-25,0.441,34.747,21.049,1.715,205.929
2019-09-26,0.386,34.92,21.256,1.447,204.113
2019-09-27,0.154,35.375,22.906,-0.498,206.236
2019-09-28,0.14,35.255,22.678,-0.371,200.139
2019-09-29,0.107,35.537,23.485,-0.178,191.052
2019-09-30,0.156,35.903,23.952,-0.147,173.809
2019-10-01,0.234,35.029,21.674,-0.141,162.1
2019-10-02,0.165,35.408,22.694,-0.069,158.285
2019-10-03,0.193,35.757,23.341,-0.0,153.962
2019-10-04,0.243,35.862,23.382,0.007,142.842
2019-10-05,0.295,34.93,21.082,-0.062,124.418
2019-10-06,0.3,34.721,20.522,0.102,109.54
2019-10-07,0.407,36.001,23.256,0.09,105.671
2019-10-08,0.376,35.975,22.986,0.055,89.085
2019-10-09,0.36,35.753,22.317,0.076,69.311
2019-10-10,0.312,35.402,21.331,-1.397,66.252
2019-10-11,0.268,34.984,19.935,1.074,62.052
2019-10-12,0.241,35.801,22.577,0.817,85.479
2019-10-13,0.272,35.981,23.163,-1.836,94.841
2019-10-14,0.433,35.894,22.721,0.681,104.514
2019-10-15,0.486,35.513,21.313,0.691,110.024
2019-10-16,0.495,35.084,20.028,-0.786,123.557
2019-10-17,0.511,35.598,21.084,0.613,114.938
2019-10-18,0.49,35.33,19.622,0.553,109.192
2019-10-19,0.438,35.11,19.043,1.166,94.607
2019-10-20,0.526,34.833,18.358,0.291,95.651
2019-10-21,0.436,34.885,18.43,0.921,105.885
2019-10-22,0.406,35.147,18.891,0.956,113.029
2019-10-23,0.498,35.303,19.333,0.191,114.632
2019-10-24,0.755,35.498,19.892,0.048,104.876
2019-10-25,0.461,35.19,18.991,0.421,106.859
2019-10-26,0.553,34.843,18.063,1.304,104.552
2019-10-27,0.629,34.901,18.179,1.27,96.688
2019-10-28,0.523,35.2,19.349,0.594,85.705
2019-10-29,0.516,35.356,19.936,1.301,90.034
2019-10-30,0.558,35.356,20.016,1.353,83.188
2019-10-31,0.649,35.291,20.117,0.047,91.472
2019-11-01,0.706,35.239,20.134,0.185,100.636
2019-11-02,0.777,35.242,19.876,1.137,100.536
2019-11-03,0.796,35.28,19.872,0.127,103.11
2019-11-04,0.704,35.246,19.431,0.747,103.658
2019-11-05,0.653,35.386,19.551,0.201,94.746
2019-11-06,1.022,34.97,18.781,-0.322,93.698
2019-11-07,1.42,34.092,17.148,0.846,94.339
2019-11-08,1.353,34.064,17.136,0.9,89.37
2019-11-09,1.068,34.502,17.656,-0.479,84.238
2019-11-10,1.082,34.375,17.213,0.441,82.095
2019-11-11,1.097,34.307,17.065,0.587,79.529
2019-11-12,1.13,34.35,17.133,-0.232,72.85
2019-11-13,0.745,34.594,17.4,-0.376,75.72
2019-11-14,0.641,34.767,17.444,1.166,67.802
2019-11-15,0.569,34.811,17.408,1.119,57.888
2019-11-16,0.449,34.934,17.49,0.57,64.123
2019-11-17,0.464,34.835,17.028,1.913,56.656
2019-11-18,0.73,34.524,16.156,0.73,65.601
2019-11-19,0.823,34.356,15.768,1.215,69.12
2019-11-20,0.751,34.391,15.88,1.483,70.19
2019-11-21,0.856,34.382,15.465,2.032,70.521
2019-11-22,1.164,34.202,14.999,1.401,88.631
2019-11-23,1.069,33.88,14.342,1.726,108.209
2019-11-24,1.038,33.879,14.157,2.372,108.386
2019-11-25,0.999,33.983,14.218,2.685,94.39
2019-11-26,1.325,33.939,13.965,1.754,93.969
2019-11-27,1.348,33.844,13.837,2.034,94.916
2019-11-28,1.166,34.013,14.186,1.209,96.975
2019-11-29,0.892,33.841,13.841,2.271,80.256
2019-11-30,0.836,33.724,13.549,3.086,53.048
2019-12-01,1.001,33.608,13.054,2.516,53.876
2019-12-02,0.872,33.876,13.446,2.653,56.095
2019-12-03,0.639,34.01,13.562,3.135,59.695
2019-12-04,0.647,33.666,12.631,3.782,54.338
2019-12-05,0.718,33.209,11.862,3.967,62.353
2019-12-06,0.7,33.125,11.671,4.264,59.501
2019-12-07,0.7,33.337,11.91,3.998,62.063
2019-12-08,0.665,33.761,12.391,4.365,60.482
2019-12-09,0.641,33.81,12.423,4.501,69.402
2019-12-10,0.416,34.067,13.15,3.942,66.289
2019-12-11,0.661,33.764,12.45,4.04,55.437
2019-12-12,0.692,33.707,12.227,4.011,44.401
2019-12-13,0.774,33.651,11.972,4.25,44.644
2019-12-14,0.661,33.984,12.778,3.699,40.568
2019-12-15,0.539,34.094,13.09,4.191,45.278
2019-12-16,0.501,33.361,11.57,4.395,37.52
2019-12-17,0.537,33.289,11.353,4.376,37.415
2019-12-18,0.527,33.279,11.324,4.619,44.732
2019-12-19,0.453,33.358,11.34,4.633,55.393
2019-12-20,0.455,33.415,11.214,4.557,64.608
2019-12-21,0.535,33.165,10.446,4.458,79.902
2019-12-22,0.481,33.188,10.547,5.271,84.966
2019-12-23,0.541,33.09,10.278,5.54,82.61
2019-12-24,0.555,33.027,10.221,5.298,85.452
2019-12-25,0.6,32.975,9.925,5.607,90.563
2019-12-26,0.685,33.054,10.096,5.5,88.152
2019-12-27,0.732,33.15,10.26,5.295,77.321
2019-12-28,0.869,33.292,10.595,4.407,66.353
2019-12-29,0.664,33.06,10.117,5.109,55.557
2019-12-30,0.793,33.381,10.592,4.73,63.358
2019-12-31,0.517,34.463,12.995,4.465,54.606
2020-01-01,0.388,34.408,12.906,5.406,42.075
2020-01-02,0.468,34.08,11.863,5.445,36.777
2020-01-03,0.557,33.764,11.148,4.989,37.708
2020-01-04,0.536,33.763,11.162,4.778,39.662
2020-01-05,0.62,33.265,10.018,5.589,45.698
2020-01-06,0.522,33.516,10.2,6.048,50.347
2020-01-07,0.505,33.336,9.76,6.26,56.821
2020-01-08,0.518,33.329,9.814,5.748,63.022
2020-01-09,0.467,33.372,9.897,5.731,64.639
2020-01-10,0.507,33.392,9.813,5.614,66.52
2020-01-11,0.549,33.318,9.607,6.165,62.358
2020-01-12,0.605,33.439,10.075,5.449,69.479
2020-01-13,0.601,33.256,9.579,6.18,62.943
2020-01-14,0.605,33.153,9.338,5.908,71.259
2020-01-15,0.527,32.961,8.799,6.7,71.941
2020-01-16,0.804,33.535,10.191,5.462,74.729
2020-01-17,0.587,33.369,9.689,6.333,75.524
2020-01-18,0.639,33.501,9.745,6.173,88.927
2020-01-19,0.605,33.555,9.805,5.773,91.517
2020-01-20,0.578,33.243,8.97,6.733,96.194
2020-01-21,0.502,33.462,9.174,6.608,97.189
2020-01-22,0.45,33.385,8.849,7.587,96.996
2020-01-23,0.446,33.36,8.888,7.25,100.941
2020-01-24,0.467,33.274,8.764,7.334,101.539
2020-01-25,0.347,33.52,9.465,8.059,92.748
2020-01-26,0.298,34.774,12.532,7.434,78.289
2020-01-27,0.382,33.281,8.759,7.776,80.862
2020-01-28,0.446,33.435,8.895,7.981,76.059
2020-01-29,0.483,33.087,8.011,7.928,72.979
2020-01-30,0.498,33.049,7.778,7.9,70.167
2020-01-31,0.608,33.393,8.4,7.557,81.852
2020-02-01,0.728,32.864,7.302,7.37,81.661
2020-02-02,0.615,32.843,7.251,7.714,85.178
2020-02-03,0.581,32.882,7.256,8.229,69.615
2020-02-04,0.572,32.876,7.351,8.1,65.626
2020-02-05,0.567,32.854,7.4,7.827,80.74
2020-02-06,0.561,32.972,7.592,7.695,90.025
2020-02-07,0.529,33.046,7.921,7.847,85.263
2020-02-08,0.363,33.03,7.823,8.709,78.908
2020-02-09,0.37,32.978,7.679,8.442,92.137
2020-02-10,0.414,32.895,7.545,8.374,92.722
2020-02-11,0.479,32.878,7.628,7.918,92.716
2020-02-12,0.422,32.874,7.684,8.373,93.057
2020-02-13,0.546,32.903,7.658,8.344,87.359
2020-02-14,0.515,32.881,7.583,7.946,96.664
2020-02-15,0.447,32.872,7.403,8.251,106.338
2020-02-16,0.469,32.839,7.308,8.202,96.736
2020-02-17,0.498,32.892,7.353,8.34,108.896
2020-02-18,0.533,32.87,7.276,8.451,117.885
2020-02-19,0.51,32.866,7.318,8.678,122.02
2020-02-20,0.468,32.845,7.217,8.338,132.523
2020-02-21,0.488,32.938,7.226,8.643,133.515
2020-02-22,0.693,32.931,7.053,8.178,127.239
2020-02-23,0.609,33.07,7.392,7.913,125.841
2020-02-24,0.575,33.516,8.508,7.332,120.686
2020-02-25,0.741,33.196,7.969,8.13,123.754
2020-02-26,0.881,32.813,7.318,8.23,118.705
2020-02-27,0.702,32.773,7.032,7.829,108.65
2020-02-28,0.489,32.855,7.058,8.416,108.907
2020-02-29,0.491,32.878,7.078,7.941,124.905
2020-03-01,0.486,32.902,7.006,8.727,144.09
2020-03-02,0.503,32.863,6.855,8.339,163.552
2020-03-03,0.487,32.846,6.889,8.493,155.213
2020-03-04,0.504,32.838,6.973,8.17,158.431
2020-03-05,0.513,32.873,7.122,8.671,171.795
2020-03-06,0.578,32.885,7.128,8.695,175.812
2020-03-07,0.561,32.948,7.028,8.342,172.554
2020-03-08,0.443,33.006,7.126,8.715,170.749
2020-03-09,0.488,32.902,6.823,7.838,161.321
2020-03-10,0.55,33.126,7.488,7.827,157.653
2020-03-11,0.587,33.063,7.422,7.814,167.719
2020-03-12,0.575,33.053,7.366,8.435,169.085
2020-03-13,0.809,34.242,10.62,6.712,172.448
2020-03-14,0.669,33.313,8.095,8.168,166.31
2020-03-15,0.578,33.028,7.153,7.913,173.439
2020-03-16,0.756,33.154,7.564,7.581,163.854
2020-03-17,0.599,32.961,6.995,7.761,175.39
2020-03-18,0.688,32.856,6.882,7.086,155.662
2020-03-19,1.102,33.135,7.792,7.318,159.194
2020-03-20,1.218,33.264,8.269,6.938,132.946
2020-03-21,0.981,32.927,7.412,6.348,139.817
2020-03-22,0.865,33.021,7.506,6.984,110.764
2020-03-23,0.645,32.998,7.156,7.685,131.6
2020-03-24,0.777,32.829,6.904,6.982,132.573
2020-03-25,0.801,33.265,7.906,7.862,129.219
2020-03-26,0.546,33.905,9.455,7.467,109.307
2020-03-27,0.81,33.913,9.486,7.459,120.683
2020-03-28,1.15,33.347,8.165,7.342,129.559
2020-03-29,0.966,34.247,10.531,6.335,138.87
2020-03-30,1.022,34.808,12.028,6.478,120.82
2020-03-31,0.851,33.56,8.57,6.56,106.136
2020-04-01,1.042,33.509,8.384,6.398,111.156
2020-04-02,,,,7.003,122.497
2020-04-03,,,,7.446,132.813
2020-04-04,0.458,33.289,7.841,7.356,143.256
2020-04-05,0.433,33.165,7.597,7.753,140.166
2020-04-06,0.544,33.171,7.791,7.881,140.054
2020-04-07,0.542,33.449,8.61,7.25,167.148
2020-04-08,0.628,33.492,8.688,7.146,191.845
2020-04-09,0.707,33.429,8.51,7.769,204.237
2020-04-10,0.296,33.262,7.941,7.877,186.553
2020-04-11,0.587,32.914,7.212,7.723,176.682
2020-04-12,0.714,32.883,7.148,7.672,181.628
2020-04-13,1.216,33.126,7.816,6.96,206.436
2020-04-14,1.065,33.08,7.924,6.879,208.014
2020-04-15,1.148,33.23,8.352,7.245,173.082
2020-04-16,1.497,32.888,7.361,7.392,176.704
2020-04-17,,,,7.685,173.057
2020-04-18,,,,7.561,176.968
2020-04-19,,,,7.626,199.222
2020-04-20,,,,7.185,178.682
2020-04-21,,,,6.687,158.767
2020-04-22,,,,6.371,196.949
2020-04-23,,,,6.357,165.174
2020-04-24,,,,5.827,180.372
2020-04-25,0.84,32.809,7.309,6.708,181.442
2020-04-26,0.759,32.808,7.288,6.189,166.939
2020-04-27,,,,6.224,176.767
2020-04-28,0.999,32.89,7.782,6.15,183.724
2020-04-29,1.077,32.919,7.886,5.334,186.469
2020-04-30,0.998,32.937,7.93,5.272,203.537
2020-05-01,0.911,33.005,8.236,5.5,218.741
2020-05-02,,,,4.621,225.601
2020-05-03,,,,5.081,215.659
2020-05-04,,,,4.738,229.669
2020-05-05,1.215,32.717,8.436,4.908,235.064
2020-05-06,1.23,32.948,8.932,4.175,231.694
2020-05-07,1.089,32.889,8.692,4.913,250.967
2020-05-08,1.066,32.575,8.079,5.321,246.916
2020-05-09,1.183,32.595,7.891,5.517,253.47
2020-05-10,1.23,32.658,7.839,5.362,288.006
2020-05-11,1.564,32.669,7.881,4.451,293.334
2020-05-12,1.478,32.664,7.907,5.132,303.352
2020-05-13,1.28,32.624,7.894,5.102,296.984
2020-05-14,2.043,32.613,7.952,4.141,295.835
2020-05-15,2.468,32.603,8.372,3.921,296.675
2020-05-16,1.781,32.607,8.486,3.579,291.138
2020-05-17,2.1,32.596,8.443,4.069,289.415
2020-05-18,1.945,32.609,8.927,4.106,290.571
2020-05-19,1.451,32.607,8.888,3.378,295.47
2020-05-20,1.455,32.588,8.568,4.674,268.394
2020-05-21,1.151,32.605,8.653,3.751,244.208
2020-05-22,1.208,32.569,9.001,3.331,246.19
2020-05-23,1.271,32.542,8.952,3.159,231.834
2020-05-24,1.097,32.606,9.375,4.307,223.652
2020-05-25,0.718,32.56,9.095,3.937,207.051
2020-05-26,0.457,32.587,9.245,3.852,198.15
2020-05-27,0.925,32.596,9.314,3.683,214.048
2020-05-28,0.583,32.484,9.625,3.707,242.97
2020-05-29,0.676,32.681,11.479,4.114,259.184
2020-05-30,0.77,32.66,10.404,3.631,264.603
2020-05-31,0.623,32.502,10.756,3.945,260.753
2020-06-01,,,,3.073,272.77
2020-06-02,0.546,32.678,11.334,3.399,279.498
2020-06-03,,,,3.314,256.638
2020-06-04,,,,3.503,241.341
2020-06-05,,,,,254.039
2020-06-06,,,,,266.821
2020-06-07,,,,,275.439
2020-06-08,,,,,272.754
2020-06-09,,,,,249.149
2020-06-10,,,,,293.64
2020-06-11,,,,,294.85
2020-06-12,,,,,261.317
2020-06-13,,,,,262.714
2020-06-14,,,,,247.949
2020-06-15,,,,,251.853
2020-06-16,0.149,32.695,14.727,,271.446
2020-06-17,0.251,32.725,14.992,,276.395
2020-06-18,,,,,254.408
2020-06-19,,,,,261.397
2020-06-20,0.151,32.737,14.063,,251.791
2020-06-21,,,,,263.536
2020-06-22,0.182,32.765,15.868,,250.705
2020-06-23,,,,,240.952
2020-06-24,,,,,230.637
2020-06-25,,,,,238.898
2020-06-26,,,,,237.148
2020-06-27,,,,,237.53
2020-06-28,,,,,238.589
2020-06-29,,,,,252.416
2020-06-30,,,,,257.607
2020-07-01,,,,,247.088
2020-07-02,,,,,244.702
2020-07-03,,,,,247.95
2020-07-04,,,,,252.728
2020-07-05,,,,,259.164
2020-07-06,,,,,258.951
2020-07-07,0.152,32.503,19.244,,245.02
2020-07-08,0.169,32.54,19.595,,256.23
2020-07-09,,,,,275.227
2020-07-10,,,,,259.793
2020-07-11,,,,,265.517
2020-07-12,,,,,248.595
2020-07-13,,,,,231.755
2020-07-14,0.227,32.195,18.926,,228.786
2020-07-15,0.264,32.267,19.083,,223.467
2020-07-16,0.272,32.268,18.991,,217.744
2020-07-17,0.3,32.272,19.236,,230.745
2020-07-18,0.254,32.317,20.019,,229.465
2020-07-19,0.215,32.295,20.021,,221.426
2020-07-20,0.209,32.484,20.477,,224.021
2020-07-21,0.166,32.579,21.508,,213.863
2020-07-22,0.309,32.68,19.511,,227.716
2020-07-23,0.2,33.859,22.73,,229.882
2020-07-24,0.188,33.386,22.187,,240.413
2020-07-25,0.189,33.409,21.722,,238.687
2020-07-26,0.138,32.854,21.921,,243.176
2020-07-27,0.106,32.584,22.442,,249.861
2020-07-28,0.089,32.587,23.214,,252.317
2020-07-29,0.117,32.548,23.437,,254.022
2020-07-30,0.129,32.482,23.709,,253.108
2020-07-31,0.15,32.625,24.214,,247.444
2020-08-01,0.176,32.32,24.542,,235.204
2020-08-02,0.138,32.306,24.816,,244.996
2020-08-03,0.125,32.235,24.912,,223.229
2020-08-04,0.104,32.466,25.254,,222.291
2020-08-05,0.095,33.005,24.847,,205.251
2020-08-06,0.099,33.197,24.471,,206.377
2020-08-07,0.186,32.548,24.354,,208.459
2020-08-08,0.25,32.008,24.687,,217.851
2020-08-09,0.177,32.671,24.137,,222.549
2020-08-10,0.144,32.318,24.344,,243.081
2020-08-11,0.12,32.644,24.489,,241.362
2020-08-12,0.109,32.489,24.831,,229.257
2020-08-13,0.096,32.275,25.441,,192.417
2020-08-14,0.132,32.379,25.565,,179.375
2020-08-15,0.159,32.315,24.958,,179.031
2020-08-16,0.158,32.969,24.209,,170.864
2020-08-17,0.213,33.064,22.962,,172.896
2020-08-18,0.168,32.606,22.379,,202.342
2020-08-19,0.138,32.286,22.304,,205.476
2020-08-20,0.136,32.068,22.43,,236.673
2020-08-21,0.131,32.026,22.645,,242.7
2020-08-22,0.135,32.058,22.726,,239.649
2020-08-23,0.135,31.933,22.537,,246.02
2020-08-24,0.106,32.258,23.122,,233.561
2020-08-25,0.107,32.191,23.473,,232.584
2020-08-26,0.14,32.14,22.586,,230.473
2020-08-27,0.192,32.275,21.406,,232.138
2020-08-28,0.193,32.381,21.355,,235.787
2020-08-29,0.182,32.829,21.465,,221.533
2020-08-30,0.224,32.606,21.604,,200.473
2020-08-31,0.199,32.807,21.181,,199.37
2020-09-01,0.217,32.797,20.948,,196.555
2020-09-02,0.226,32.661,21.256,,214.06
2020-09-03,0.194,32.719,21.507,,212.709
2020-09-04,0.171,32.738,21.621,,209.439
2020-09-05,0.145,32.742,21.805,,217.056
2020-09-06,0.111,33.164,22.574,,223.815
2020-09-07,0.112,33.07,22.559,,227.379
2020-09-08,0.095,33.513,23.248,,214.353
2020-09-09,0.085,34.077,24.15,,200.147
2020-09-10,0.093,34.219,24.429,,196.129
2020-09-11,0.084,34.281,24.625,,185.382
2020-09-12,0.101,34.354,24.052,,179.507
2020-09-13,0.085,34.308,23.755,,182.68
2020-09-14,0.088,34.342,23.677,,177.1
2020-09-15,0.131,34.064,22.638,,162.107
2020-09-16,0.12,33.972,22.308,,167.337
2020-09-17,0.102,34.139,22.562,,153.049
2020-09-18,0.093,34.268,22.919,,162.992
2020-09-19,0.13,34.385,22.41,,156.353
2020-09-20,0.133,34.489,21.928,,158.947
2020-09-21,0.168,34.328,21.185,,155.723
2020-09-22,0.242,32.974,17.741,,177.78
2020-09-23,0.589,34.037,18.775,,174.759
2020-09-24,0.686,33.961,18.494,,184.526
2020-09-25,1.217,34.5,19.392,,169.165
2020-09-26,1.188,34.448,19.427,,177.012
2020-09-27,0.451,34.647,20.379,,163.584
2020-09-28,0.277,34.83,20.931,,171.476
2020-09-29,0.223,34.883,21.251,,171.25
2020-09-30,0.416,34.619,20.498,,176.26
2020-10-01,0.684,33.844,18.605,,158.902
2020-10-02,0.575,33.622,18.504,,151.748
2020-10-03,0.26,34.892,21.785,,149.821
2020-10-04,0.157,34.943,22.798,,157.485
2020-10-05,0.224,34.663,22.956,,156.363
2020-10-06,0.314,34.53,21.773,,153.208
2020-10-07,0.326,34.595,21.384,,142.508
2020-10-08,0.274,34.797,21.76,,148.374
2020-10-09,0.266,35.011,22.206,,141.375
2020-10-10,0.255,35.059,22.291,,126.408
2020-10-11,0.228,35.016,22.097,,127.531
2020-10-12,0.243,35.277,22.471,,124.668
2020-10-13,0.274,35.252,22.129,,124.985
2020-10-14,0.348,34.88,20.933,,128.343
2020-10-15,0.381,34.267,19.415,,134.46
2020-10-16,0.446,34.889,20.908,,149.556
2020-10-17,0.434,34.597,20.263,,162.276
2020-10-18,0.563,33.622,17.794,,158.51
2020-10-19,0.651,33.662,17.771,,151.814
2020-10-20,0.608,33.657,17.79,,143.635
2020-10-21,0.517,33.774,18.065,,139.948
2020-10-22,0.476,33.81,18.15,,124.762
2020-10-23,0.608,33.397,17.426,,110.501
2020-10-24,0.539,33.305,17.35,,99.179
2020-10-25,0.561,33.514,17.594,,80.915
2020-10-26,0.348,33.829,17.819,,64.309
2020-10-27,0.56,34.094,18.443,,51.965
2020-10-28,,,,,51.124
2020-10-29,0.676,33.928,17.765,,55.389
2020-10-30,0.487,34.03,17.778,,59.518
2020-10-31,0.359,34.77,19.226,,57.966
2020-11-01,0.42,35.159,20.298,,73.637
2020-11-02,0.558,34.536,18.33,,92.088
2020-11-03,0.517,34.546,17.839,,88.511
2020-11-04,0.586,34.451,17.475,,91.655
2020-11-05,0.706,34.364,17.239,,99.409
2020-11-06,0.928,34.315,17.134,,110.096
2020-11-07,1.105,34.254,17.015,0.043,119.86
2020-11-08,1.398,34.119,16.802,-0.102,111.201
2020-11-09,1.656,34.307,17.176,-0.949,94.194
2020-11-10,2.12,34.176,16.989,-1.2,96.918
2020-11-11,1.698,33.963,16.659,-1.21,91.868
2020-11-12,1.509,34.013,16.989,-1.235,87.901
2020-11-13,0.48,34.316,17.294,-1.131,84.968
2020-11-14,0.496,34.413,17.269,-0.978,81.854
2020-11-15,0.766,33.578,15.514,-0.454,76.272
2020-11-16,0.687,34.022,16.458,-0.905,87.245
2020-11-17,0.741,34.069,16.21,-0.266,98.558
2020-11-18,0.611,34.272,16.385,-0.039,99.334
2020-11-19,0.513,34.79,17.145,-0.433,94.917
2020-11-20,0.549,34.823,16.863,-0.208,81.8
2020-11-21,0.694,34.371,16.127,-0.225,85.899
2020-11-22,0.868,34.252,15.794,-0.29,92.807
2020-11-23,0.88,34.197,15.612,-0.676,80.975
2020-11-24,0.742,34.037,15.197,-0.197,81.544
2020-11-25,0.739,33.734,14.493,0.161,77.278
2020-11-26,0.685,33.966,14.887,-0.19,81.15
2020-11-27,0.751,33.86,14.775,-0.309,80.616
2020-11-28,0.504,35.022,17.401,-0.585,64.623
2020-11-29,0.46,34.718,16.403,-0.364,57.219
2020-11-30,0.746,34.304,15.538,-0.539,69.959
2020-12-01,0.486,34.394,15.92,-0.263,60.361
2020-12-02,0.468,34.579,16.179,-0.275,53.673
2020-12-03,0.459,34.7,16.383,-0.178,42.754
2020-12-04,0.658,33.78,14.185,0.445,45.223
2020-12-05,0.786,33.608,14.006,0.33,45.839
2020-12-06,0.567,33.974,14.395,1.162,45.508
2020-12-07,0.526,34.076,14.364,1.217,39.051
2020-12-08,0.533,34.108,14.303,1.289,44.031
2020-12-09,0.583,34.174,14.376,0.801,46.648
2020-12-10,0.572,33.938,13.817,1.492,49.629
2020-12-11,0.656,33.808,13.475,1.361,46.599
2020-12-12,0.76,33.893,13.614,1.228,59.516
2020-12-13,0.911,33.552,13.126,1.232,61.987
2020-12-14,1.097,33.56,13.133,0.904,59.951
2020-12-15,0.673,33.604,13.089,1.598,54.476
2020-12-16,0.734,33.713,13.102,1.748,57.719
2020-12-17,0.615,34.23,14.011,1.629,55.14
2020-12-18,0.421,35.112,16.058,1.461,56.531
2020-12-19,0.424,35.203,16.12,1.477,44.914
2020-12-20,0.386,35.312,16.468,1.411,54.878
2020-12-21,0.572,34.524,14.538,1.394,54.529
2020-12-22,0.393,34.892,15.228,1.547,51.186
2020-12-23,0.385,34.965,15.164,1.475,44.068
2020-12-24,0.383,34.995,15.297,1.495,47.853
2020-12-25,0.356,35.095,15.7,1.433,49.231
2020-12-26,0.359,34.916,15.096,1.792,51.445
2020-12-27,0.387,34.326,13.481,2.201,45.378
2020-12-28,0.381,34.65,14.334,1.944,41.929
2020-12-29,0.418,33.931,12.789,2.515,49.335
2020-12-30,0.419,33.295,11.389,3.142,58.884
2020-12-31,0.474,33.404,11.572,3.098,53.035
2021-01-01,0.464,33.526,11.767,3.143,54.073
2021-01-02,0.402,34.724,14.347,2.644,52.051
2021-01-03,0.386,35.007,14.93,2.442,48.627
2021-01-04,0.48,33.994,12.629,2.841,59.543
2021-01-05,0.517,33.487,11.474,3.039,63.182
2021-01-06,0.496,33.249,11.02,3.066,53.906
2021-01-07,0.534,33.305,11.058,2.99,56.033
2021-01-08,0.572,33.348,10.985,3.095,60.401
2021-01-09,0.506,33.252,10.845,3.275,70.939
2021-01-10,0.389,33.26,10.878,3.84,73.375
2021-01-11,0.438,33.178,10.677,3.715,67.037
2021-01-12,0.471,33.107,10.383,3.926,63.013
2021-01-13,0.514,33.114,10.402,3.903,67.611
2021-01-14,0.425,33.12,10.449,3.916,68.916
2021-01-15,0.555,33.036,10.25,3.733,68.895
2021-01-16,0.674,33.231,10.482,3.659,63.507
2021-01-17,0.673,33.293,10.587,3.757,57.631
2021-01-18,,,,3.967,61.032
2021-01-19,,,,3.656,60.27
2021-01-20,,,,3.988,58.966
2021-01-21,0.561,33.24,9.92,4.113,72.253
2021-01-22,0.51,33.276,10.104,4.122,78.822
2021-01-23,0.519,33.334,10.112,3.888,76.174
2021-01-24,0.483,33.462,10.242,3.877,81.795
2021-01-25,0.517,33.522,10.223,3.902,74.549
2021-01-26,0.582,33.424,9.852,3.915,71.16
2021-01-27,0.654,33.212,9.215,3.838,74.32
2021-01-28,0.688,33.327,9.413,3.633,65.127
2021-01-29,0.535,33.394,9.628,4.122,51.014
2021-01-30,0.605,33.278,8.868,4.225,49.925
2021-01-31,0.603,33.582,9.594,4.189,49.789
2021-02-01,0.647,33.658,9.777,3.708,51.641
2021-02-02,0.753,33.506,9.584,3.655,50.391
2021-02-03,0.575,33.601,9.843,4.369,61.128
2021-02-04,0.609,33.711,9.86,4.066,53.613
2021-02-05,0.546,33.515,9.191,4.097,73.322
2021-02-06,0.538,33.508,9.25,4.097,70.048
2021-02-07,0.562,33.208,8.465,4.13,76.894
2021-02-08,0.505,33.36,8.724,4.456,76.326
2021-02-09,0.575,33.392,8.562,4.358,92.592
2021-02-10,0.586,33.676,9.301,4.357,77.284
2021-02-11,0.681,33.63,9.001,4.271,84.781
2021-02-12,0.65,33.343,8.158,4.294,68.739
2021-02-13,0.694,33.741,9.194,4.251,69.694
2021-02-14,0.621,33.185,7.833,4.176,75.675
2021-02-15,0.593,32.953,7.193,3.836,73.347
2021-02-16,0.63,33.11,7.568,4.031,56.12
2021-02-17,0.451,33.008,7.418,5.076,66.323
2021-02-18,0.471,32.963,7.258,5.23,72.46
2021-02-19,0.485,33.194,7.67,4.859,72.405
2021-02-20,0.472,33.081,7.345,4.869,86.998
2021-02-21,0.389,33.363,8.132,5.12,91.414
2021-02-22,0.458,33.595,8.556,5.423,117.098
2021-02-23,0.518,33.576,8.342,5.55,142.043
2021-02-24,0.496,33.54,8.172,5.719,131.095
2021-02-25,0.475,33.297,7.634,5.615,121.647
2021-02-26,0.539,33.225,7.424,5.423,119.625
2021-02-27,0.729,33.017,6.987,5.099,128.849
2021-02-28,0.74,33.093,7.174,5.143,130.803
2021-03-01,0.833,32.999,7.046,5.089,125.904
2021-03-02,0.602,33.074,7.121,5.387,129.611
2021-03-03,0.627,33.193,7.283,5.325,143.838
2021-03-04,0.825,33.251,7.397,4.9,158.921
2021-03-05,0.804,33.34,7.51,4.748,186.836
2021-03-06,0.946,33.285,7.268,4.256,183.442
2021-03-07,1.041,33.248,7.065,3.891,186.299
2021-03-08,0.972,33.378,7.273,3.979,189.118
2021-03-09,0.941,33.516,7.602,4.032,167.398
2021-03-10,1.011,33.389,7.499,3.799,182.55
2021-03-11,1.139,33.318,7.456,3.061,193.107
2021-03-12,1.224,33.432,7.728,3.101,190.331
2021-03-13,1.153,33.628,8.161,2.875,185.826
2021-03-14,1.137,33.765,8.435,2.381,171.164
2021-03-15,1.001,33.525,7.708,2.556,153.73
2021-03-16,1.072,33.36,7.108,2.841,166.915
2021-03-17,1.156,33.354,7.074,2.6,166.889
2021-03-18,1.254,33.464,7.422,2.174,168.229
2021-03-19,0.936,33.608,8.015,2.514,172.302
2021-03-20,0.734,33.519,7.529,2.487,187.615
2021-03-21,0.827,33.6,7.885,2.18,192.789
2021-03-22,0.645,33.535,7.843,1.945,210.576
2021-03-23,0.607,33.513,7.962,2.479,205.714
2021-03-24,0.695,33.349,7.685,3.779,207.432
2021-03-25,0.95,33.173,7.463,4.172,181.343
2021-03-26,0.958,32.947,7.081,3.538,185.512
2021-03-27,0.952,33.028,7.18,3.378,184.962
2021-03-28,1.186,33.091,7.452,3.394,195.764
2021-03-29,0.644,33.181,7.431,3.645,178.92
2021-03-30,1.193,33.293,7.898,3.278,197.639
2021-03-31,1.9,33.478,8.72,1.983,167.747
2021-04-01,1.725,33.273,8.091,2.086,194.855
2021-04-02,2.156,33.106,7.544,1.701,193.013
2021-04-03,2.109,33.066,7.466,1.468,195.363
2021-04-04,1.998,33.092,7.498,-0.097,200.251
2021-04-05,2.779,33.139,7.63,-0.29,224.594
2021-04-06,2.25,33.219,7.961,-0.049,214.07
2021-04-07,3.797,33.116,7.826,-0.554,240.041
2021-04-08,1.675,33.12,8.105,1.114,215.307
2021-04-09,2.173,33.448,9.07,-0.37,200.199
2021-04-10,1.066,32.977,7.967,0.175,180.782
2021-04-11,0.85,32.876,8.04,0.419,178.631
2021-04-12,1.1,33.343,8.925,0.23,156.395
2021-04-13,1.223,33.615,9.402,-0.187,161.701
2021-04-14,0.774,33.229,8.708,-0.082,162.59
2021-04-15,0.544,32.859,8.027,-0.346,187.186
2021-04-16,0.556,33.178,8.608,-0.033,203.732
2021-04-17,0.642,33.154,8.357,0.438,224.541
2021-04-18,0.562,32.948,7.592,1.927,223.346
2021-04-19,0.63,33.018,7.883,2.003,241.97
2021-04-20,1.09,32.979,8.088,0.709,251.057
2021-04-21,1.289,32.834,8.332,-0.4,255.697
2021-04-22,1.275,32.749,7.525,0.83,228.649
2021-04-23,0.898,32.818,7.338,1.593,234.874
2021-04-24,1.27,32.788,7.407,0.967,230.02
2021-04-25,1.769,32.785,7.718,0.519,229.976
2021-04-26,1.332,32.768,7.512,0.185,216.462
2021-04-27,0.847,32.802,7.712,0.281,212.063
2021-04-28,0.621,32.801,8.017,0.07,216.034
2021-04-29,0.508,32.795,8.268,0.241,241.848
2021-04-30,0.494,32.769,8.257,0.186,222.268
2021-05-01,0.636,32.785,8.132,-0.01,210.149
2021-05-02,0.702,32.793,8.217,-0.171,191.053
2021-05-03,0.626,32.808,8.378,-0.341,217.679
2021-05-04,0.719,32.778,8.62,-0.172,226.216
2021-05-05,0.561,32.772,8.762,-0.355,214.945
2021-05-06,0.419,32.769,8.94,-0.465,216.262
2021-05-07,0.368,32.777,9.076,-0.347,219.213
2021-05-08,0.354,32.786,9.076,-0.289,240.38
2021-05-09,0.286,32.771,9.18,0.015,270.641
2021-05-10,0.337,32.763,9.352,-0.182,272.198
2021-05-11,0.385,32.767,9.313,0.14,272.342
2021-05-12,0.28,32.765,9.563,-0.241,286.731
2021-05-13,0.277,32.78,9.671,-0.26,293.08
2021-05-14,0.277,32.813,9.781,-0.137,310.561
2021-05-15,0.276,32.837,10.172,-0.059,309.252
2021-05-16,0.253,32.841,10.47,-0.106,308.558
2021-05-17,0.255,32.83,10.529,-0.179,308.271
2021-05-18,0.294,32.818,10.785,-0.128,290.815
2021-05-19,0.291,32.8,11.274,-0.275,270.37
2021-05-20,0.289,32.771,11.52,-0.279,271.118
2021-05-21,0.388,32.727,11.164,-0.244,270.489
2021-05-22,0.494,32.595,11.129,-0.329,272.548
2021-05-23,0.46,32.747,12.05,-0.365,262.832
2021-05-24,0.423,32.722,12.109,-0.335,256.207
2021-05-25,0.502,32.644,12.168,-0.238,268.892
2021-05-26,0.522,32.631,12.512,-0.566,253.819
2021-05-27,0.435,32.683,13.126,-0.323,228.163
2021-05-28,0.365,32.977,13.139,-0.31,207.071
2021-05-29,0.591,34.764,15.867,-0.737,199.991
2021-05-30,0.696,35.558,17.577,-1.077,204.369
2021-05-31,0.578,35.666,18.951,-0.669,186.397
2021-06-01,0.63,34.119,13.837,-0.395,156.41
2021-06-02,0.573,33.127,10.734,-0.337,189.138
2021-06-03,0.706,33.1,11.25,-0.331,216.167
2021-06-04,0.794,32.856,11.909,-0.6,224.935
2021-06-05,0.661,32.994,12.119,-0.265,219.436
2021-06-06,0.491,33.23,14.215,-0.03,215.7
2021-06-07,0.286,34.611,17.487,-0.323,231.956
2021-06-08,0.227,35.217,19.087,-0.203,266.069
2021-06-09,0.164,35.038,18.959,-0.313,257.393
2021-06-10,0.181,34.636,19.091,-0.147,259.523
2021-06-11,0.151,35.548,21.336,0.098,267.216
2021-06-12,0.148,35.685,21.566,0.111,265.549
2021-06-13,0.141,35.721,21.532,0.092,274.055
2021-06-14,0.112,35.734,21.992,0.168,283.103
2021-06-15,0.106,35.752,22.393,0.207,284.642
2021-06-16,0.114,35.758,22.331,0.238,283.611
2021-06-17,0.109,35.67,22.147,0.221,281.491
2021-06-18,0.107,35.153,21.322,0.223,274.358
2021-06-19,0.137,34.494,20.308,0.218,273.124
2021-06-20,0.168,33.808,19.39,0.223,267.553
2021-06-21,0.193,33.654,19.552,0.235,255.13
2021-06-22,0.186,33.267,19.401,-0.126,239.163
2021-06-23,0.202,33.512,19.869,0.177,245.968
2021-06-24,0.199,33.489,19.729,0.47,245.084
2021-06-25,0.185,33.746,19.895,0.009,255.516
2021-06-26,0.174,33.982,20.307,-0.197,269.459
2021-06-27,0.164,33.835,20.86,0.358,274.56
2021-06-28,0.163,33.829,21.182,0.621,275.116
2021-06-29,0.15,33.914,21.632,0.779,257.363
2021-06-30,0.14,33.798,21.926,0.252,233.063
2021-07-01,0.121,34.089,22.622,0.868,217.056
2021-07-02,0.214,33.82,22.494,0.921,214.195
2021-07-03,0.208,34.058,22.283,0.851,205.974
2021-07-04,0.119,34.614,22.583,0.787,202.542
2021-07-05,0.09,34.872,22.722,0.743,197.807
2021-07-06,0.075,34.863,23.056,0.817,205.544
2021-07-07,0.07,34.652,22.874,0.845,214.308
2021-07-08,0.079,34.608,22.953,0.878,226.595
2021-07-09,0.116,34.542,22.561,0.891,221.167
2021-07-10,0.12,34.706,21.698,0.694,206.147
2021-07-11,0.106,34.597,21.775,0.747,204.033
2021-07-12,0.145,34.389,21.698,0.737,215.118
2021-07-13,0.209,34.294,21.628,0.797,235.334
2021-07-14,0.215,34.256,21.82,0.868,252.673
2021-07-15,,,,,243.931
2021-07-16,,,,,241.764
2021-07-17,,,,,257.887
2021-07-18,,,,,247.233
2021-07-19,,,,,245.058
2021-07-20,,,,,246.057
2021-07-21,,,,,247.626
2021-07-22,,,,,230.963
2021-07-23,,,,,225.722
2021-07-24,,,,,230.421
2021-07-25,,,,,242.31
2021-07-26,0.2,34.025,22.814,1.047,241.426
2021-07-27,0.158,33.924,22.961,0.843,238.013
2021-07-28,0.167,33.628,22.541,0.966,236.215
2021-07-29,0.189,33.764,22.166,0.95,250.707
2021-07-30,0.196,33.831,22.526,1.167,260.602
2021-07-31,0.159,34.041,22.913,1.17,234.162
2021-08-01,0.136,34.247,23.138,1.22,202.205
2021-08-02,0.122,34.68,24.051,1.289,175.136
2021-08-03,0.123,34.678,24.086,1.31,176.62
2021-08-04,0.157,34.944,24.341,1.326,174.358
2021-08-05,0.216,35.043,24.242,1.305,179.605
2021-08-06,0.159,34.926,24.047,1.327,166.201
2021-08-07,0.118,34.59,23.67,1.357,185.71
2021-08-08,0.095,35.074,24.449,1.397,213.385
2021-08-09,0.097,35.214,24.872,1.443,238.283
2021-08-10,0.087,35.251,24.857,1.419,233.905
2021-08-11,0.082,35.102,24.976,1.479,229.207
2021-08-12,0.084,34.685,24.723,1.557,232.26
2021-08-13,0.082,34.667,24.845,1.601,246.637
2021-08-14,0.086,34.538,25.073,1.708,249.737
2021-08-15,0.087,34.659,25.3,1.708,247.013
2021-08-16,0.082,34.807,25.266,1.683,240.504
2021-08-17,0.083,34.986,25.332,1.673,233.845
2021-08-18,0.089,34.988,25.329,1.694,233.04
2021-08-19,0.092,34.943,25.418,1.721,217.769
2021-08-20,0.095,35.011,25.586,1.771,213.56
2021-08-21,0.097,34.766,25.701,1.859,213.889
2021-08-22,0.118,35.025,25.37,1.78,215.849
2021-08-23,0.129,35.004,24.631,1.601,222.223
2021-08-24,0.103,35.008,24.69,1.535,224.408
2021-08-25,0.094,34.983,24.707,1.67,221.988
2021-08-26,0.086,35.015,24.766,1.64,234.708
2021-08-27,0.083,35.029,25.137,1.726,228.678
2021-08-28,0.084,34.959,24.952,1.713,216.494
2021-08-29,0.086,34.767,24.397,1.642,209.85
2021-08-30,0.079,34.815,24.769,1.696,192.193
2021-08-31,0.085,34.973,25.195,1.779,195.937
2021-09-01,0.086,35.019,25.393,1.827,200.915
2021-09-02,0.098,35.137,25.317,1.829,193.36
2021-09-03,0.093,35.265,24.948,1.658,177.332
2021-09-04,0.076,35.259,24.778,1.64,186.398
2021-09-05,0.074,35.249,24.653,1.619,191.47
2021-09-06,0.117,35.145,24.399,1.588,196.907
2021-09-07,0.119,35.096,24.226,1.553,196.326
2021-09-08,0.082,35.018,24.074,1.549,194.95
2021-09-09,0.078,34.984,24.034,1.548,196.987
2021-09-10,0.085,34.859,23.879,1.553,213.594
2021-09-11,0.093,34.821,23.512,1.498,209.511
2021-09-12,0.105,34.805,23.244,1.429,204.298
2021-09-13,0.155,34.576,22.495,1.267,194.28
2021-09-14,0.144,34.372,22.443,1.312,172.061
2021-09-15,0.161,34.246,22.249,1.301,157.603
2021-09-16,0.221,34.075,22.141,1.298,156.393
2021-09-17,0.266,34.06,22.226,1.374,160.909
2021-09-18,0.215,34.5,22.868,1.406,161.234
2021-09-19,0.174,34.679,23.098,1.469,160.804
2021-09-20,0.138,34.679,22.959,1.442,170.009
2021-09-21,0.105,34.718,22.939,1.433,178.17
2021-09-22,0.105,34.501,22.784,1.449,184.834
2021-09-23,0.12,34.451,22.839,1.487,186.7
2021-09-24,0.143,34.398,22.89,1.54,182.14
2021-09-25,0.142,34.37,22.928,1.567,176.575
2021-09-26,0.123,34.49,23.185,1.594,175.31
2021-09-27,0.19,34.374,22.495,1.491,178.545
2021-09-28,0.222,34.252,22.163,1.453,187.836
2021-09-29,0.241,34.13,21.896,1.415,188.597
2021-09-30,0.269,34.289,21.747,1.293,184.998
2021-10-01,0.263,34.517,21.953,1.397,177.014
2021-10-02,0.318,34.368,21.551,1.365,164.562
2021-10-03,0.179,34.418,21.555,1.373,149.053
2021-10-04,0.171,34.021,21.103,1.214,150.299
2021-10-05,0.159,34.622,22.089,1.479,147.023
2021-10-06,0.201,34.826,22.136,1.38,137.774
2021-10-07,0.188,34.806,22.022,1.349,116.135
2021-10-08,0.156,34.671,21.841,1.379,108.971
2021-10-09,0.192,34.463,21.274,1.311,119.553
2021-10-10,0.235,34.884,21.834,1.342,132.835
2021-10-11,0.278,34.961,21.814,1.361,128.683
2021-10-12,0.217,35.122,22.289,1.379,118.677
2021-10-13,0.161,35.262,22.928,1.467,121.818
2021-10-14,0.147,35.344,23.032,1.471,137.869
2021-10-15,0.171,35.29,22.989,1.487,144.917
2021-10-16,0.14,35.237,23.061,1.51,143.165
2021-10-17,0.184,35.299,23.044,1.491,142.729
2021-10-18,0.326,34.764,21.558,1.333,142.121
2021-10-19,0.364,34.684,20.993,1.293,139.556
2021-10-20,0.599,33.757,18.533,1.323,140.13
2021-10-21,0.682,33.498,17.94,1.26,143.061
2021-10-22,0.937,33.387,17.717,0.33,133.542
2021-10-23,0.748,33.089,16.96,1.144,118.185
2021-10-24,0.849,33.041,16.783,1.13,103.14
2021-10-25,1.092,33.167,16.907,1.1,86.961
2021-10-26,1.101,33.33,17.275,0.171,84.546
2021-10-27,1.237,33.44,17.3,1.36,70.842
2021-10-28,0.987,34.312,18.234,-0.553,63.814
2021-10-29,0.765,35.233,19.95,-0.131,71.559
2021-10-30,0.447,35.384,20.072,0.144,77.136
2021-10-31,0.408,35.401,20.068,0.41,87.739
2021-11-01,0.601,35.381,19.937,1.285,91.85
2021-11-02,0.622,35.172,20.07,0.809,92.205
2021-11-03,0.785,34.851,19.053,1.011,100.942
2021-11-04,1.015,34.363,17.831,-1.362,98.911
2021-11-05,0.313,35.218,19.992,,97.675
2021-11-06,0.341,35.273,19.849,-1.357,105.517
2021-11-07,0.655,34.901,18.696,-1.091,103.282
2021-11-08,1.16,33.906,15.958,-0.155,112.032
2021-11-09,1.11,34.061,15.991,0.064,105.262
2021-11-10,0.97,33.927,15.878,0.583,105.8
2021-11-11,1.377,33.392,14.636,0.682,108.769
2021-11-12,1.095,34.199,16.167,0.254,102.625
2021-11-13,1.01,34.061,15.886,0.815,102.358
2021-11-14,1.369,33.612,14.929,0.941,104.558
2021-11-15,1.647,33.129,14.049,1.415,102.519
2021-11-16,1.289,33.001,13.942,1.534,109.392
2021-11-17,1.51,32.965,13.726,1.219,110.944
2021-11-18,1.517,32.882,13.714,1.572,101.784
2021-11-19,1.312,32.886,13.967,1.364,95.252
2021-11-20,1.263,32.986,13.899,1.719,88.781
2021-11-21,1.548,32.995,13.608,1.1,88.925
2021-11-22,1.909,33.005,13.452,1.002,88.304
2021-11-23,1.713,33.378,13.768,0.354,80.483
2021-11-24,1.42,33.104,13.264,1.389,66.633
2021-11-25,1.715,33.053,12.94,1.714,65.522
2021-11-26,1.702,32.838,12.779,1.636,67.34
2021-11-27,1.171,33.001,12.921,2.299,64.101
2021-11-28,1.307,33.131,12.756,1.928,60.274
2021-11-29,1.411,33.44,12.953,1.395,55.498
2021-11-30,1.189,33.2,12.582,1.931,67.035
2021-12-01,1.216,33.23,12.509,1.656,65.318
2021-12-02,1.463,33.105,12.28,1.595,75.035
2021-12-03,1.371,33.176,12.463,1.49,78.171
2021-12-04,1.432,33.23,12.42,0.195,85.039
2021-12-05,1.292,33.248,12.436,1.275,72.538
2021-12-06,1.371,33.094,12.221,1.947,70.897
2021-12-07,1.345,33.186,12.431,2.346,61.12
2021-12-08,1.211,33.155,12.374,1.383,62.666
2021-12-09,1.117,33.2,12.34,2.578,57.569
2021-12-10,0.945,32.961,11.802,3.418,58.476
2021-12-11,0.819,32.858,11.571,2.245,61.294
2021-12-12,0.763,32.989,11.961,3.503,73.11
2021-12-13,0.784,33.012,11.869,3.533,72.359
2021-12-14,0.791,33.115,11.906,3.77,80.915
2021-12-15,0.745,33.427,12.146,4.29,79.867
2021-12-16,0.789,33.482,12.25,3.685,71.855
2021-12-17,0.829,33.653,12.638,3.968,72.692
2021-12-18,0.885,33.959,13.084,2.919,62.668
2021-12-19,0.834,33.732,12.653,2.596,55.184
2021-12-20,0.662,33.676,12.502,4.359,61.737
2021-12-21,0.585,33.664,12.447,4.441,51.216
2021-12-22,0.663,33.679,12.298,3.511,50.625
2021-12-23,0.525,33.6,12.059,4.183,51.144
2021-12-24,0.594,33.394,11.336,3.83,44.306
2021-12-25,0.619,33.303,11.112,4.625,41.251
2021-12-26,0.557,33.272,11.058,4.879,37.568
2021-12-27,0.496,33.445,11.393,5.305,27.686
2021-12-28,0.519,33.346,11.224,4.044,35.965
2021-12-29,0.527,33.355,11.129,4.875,36.804
2021-12-30,0.536,33.411,11.24,4.338,37.665
2021-12-31,0.563,33.335,11.152,5.247,34.75
2022-01-01,0.687,33.308,11.064,5.996,46.781
2022-01-02,0.731,33.569,11.58,4.793,51.871
2022-01-03,0.557,33.733,11.906,4.387,62.272
2022-01-04,0.352,33.8,11.882,4.078,54.796
2022-01-05,0.379,33.788,11.896,5.894,60.944
2022-01-06,0.504,33.356,11.072,5.038,66.478
2022-01-07,0.522,33.561,11.313,6.148,76.708
2022-01-08,0.432,33.417,10.836,4.696,65.32
2022-01-09,0.521,33.44,10.695,5.014,65.702
2022-01-10,0.453,33.386,10.666,5.508,63.849
2022-01-11,0.472,33.465,10.67,5.941,62.658
2022-01-12,0.485,33.502,10.595,6.079,66.475
2022-01-13,0.558,33.608,10.65,5.084,70.314
2022-01-14,0.555,33.78,11.03,4.563,67.749
2022-01-15,0.376,33.438,10.364,4.734,74.574
2022-01-16,0.381,33.062,9.291,4.691,78.068
2022-01-17,0.398,33.265,9.838,5.486,73.076
2022-01-18,0.423,33.303,9.833,6.401,75.94
2022-01-19,0.46,33.479,10.024,5.627,67.456
2022-01-20,0.524,33.493,10.059,5.641,69.27
2022-01-21,0.546,33.623,10.241,6.27,69.45
2022-01-22,0.488,33.701,10.254,5.591,65.261
2022-01-23,0.468,33.555,9.926,6.291,64.685
2022-01-24,0.509,33.501,9.647,5.039,70.998
2022-01-25,0.531,33.482,9.405,6.534,77.302
2022-01-26,0.535,33.715,9.985,6.566,76.098
2022-01-27,0.629,33.779,9.907,6.28,80.4
2022-01-28,0.667,33.821,9.862,6.234,88.303
2022-01-29,0.477,34.162,10.943,6.46,91.661
2022-01-30,0.463,33.732,9.926,6.436,87.165
2022-01-31,0.506,33.69,9.714,6.237,83.132
2022-02-01,0.455,33.749,9.8,5.75,74.913
2022-02-02,0.46,33.885,10.13,6.412,81.76
2022-02-03,0.54,34.042,10.357,6.31,77.194
2022-02-04,0.56,33.929,10.261,4.9,78.657
2022-02-05,0.528,33.843,9.989,5.604,75.251
2022-02-06,0.52,33.908,9.871,5.894,91.354
2022-02-07,0.54,33.945,10.035,5.497,99.736
2022-02-08,0.616,33.784,9.757,5.692,118.383
2022-02-09,0.639,33.697,9.404,5.464,128.52
2022-02-10,0.707,33.576,9.06,5.239,118.154
2022-02-11,0.693,33.501,8.769,6.048,115.445
2022-02-12,0.647,33.789,9.495,5.272,127.976
2022-02-13,0.767,34.2,10.509,5.864,123.241
2022-02-14,0.763,33.957,9.812,4.825,119.618
2022-02-15,0.709,33.749,9.106,5.776,106.315
2022-02-16,0.589,33.632,8.808,5.698,108.349
2022-02-17,0.669,33.725,9.015,4.282,130.753
2022-02-18,0.57,33.557,8.757,4.597,139.274
2022-02-19,0.529,33.699,9.076,5.565,133.9
2022-02-20,0.488,33.894,9.455,4.557,126.143
2022-02-21,0.529,33.829,9.189,5.79,120.417
2022-02-22,0.574,33.701,8.997,5.102,117.297
2022-02-23,0.576,33.801,9.365,4.888,106.379
2022-02-24,0.656,33.737,9.143,4.733,103.402
2022-02-25,0.563,33.89,9.397,5.224,110.932
2022-02-26,0.459,33.761,9.1,6.352,113.79
2022-02-27,0.456,33.576,8.594,5.346,132.093
2022-02-28,0.442,33.554,8.534,5.427,143.826
2022-03-01,0.431,33.447,8.341,6.247,165.733
2022-03-02,0.461,33.469,8.385,5.965,179.627
2022-03-03,0.519,33.482,8.411,4.813,169.816
2022-03-04,0.554,33.396,8.206,6.001,157.421
2022-03-05,0.499,33.292,7.855,6.045,168.684
2022-03-06,0.518,33.336,7.975,4.618,144.108
2022-03-07,0.566,33.302,8.052,5.795,137.063
2022-03-08,0.597,33.324,8.176,6.51,139.129
2022-03-09,0.69,33.34,8.116,6.57,119.761
2022-03-10,0.588,33.304,7.975,7.088,138.226
2022-03-11,0.476,33.261,7.836,6.685,150.825
2022-03-12,0.74,33.532,8.764,6.122,152.064
2022-03-13,0.497,33.441,8.346,5.76,178.323
2022-03-14,0.503,33.455,8.317,6.82,172.081
2022-03-15,0.626,33.436,8.382,6.422,156.434
2022-03-16,0.798,33.466,8.581,5.568,165.89
2022-03-17,0.991,33.351,8.19,5.812,152.1
2022-03-18,1.193,33.27,8.278,4.979,155.527
2022-03-19,1.226,33.265,8.286,5.679,161.303
2022-03-20,1.463,33.238,8.455,4.719,157.137
2022-03-21,1.067,33.244,8.124,6.021,151.365
2022-03-22,1.053,33.279,8.024,5.939,145.433
2022-03-23,1.246,33.292,8.041,5.481,150.074
2022-03-24,1.136,33.217,8.001,5.03,158.589
2022-03-25,1.26,33.16,8.228,4.794,135.373
2022-03-26,1.523,33.135,8.21,5.361,130.249
2022-03-27,1.025,33.164,8.07,6.376,135.005
2022-03-28,0.842,33.286,8.138,5.915,158.425
2022-03-29,0.535,33.468,8.246,5.467,176.307
2022-03-30,0.464,33.374,7.916,6.637,193.713
2022-03-31,0.816,33.335,7.922,6.541,181.229
2022-04-01,,,,6.22,207.148
2022-04-02,,,,5.45,197.489
2022-04-03,,,,6.261,175.703
2022-04-04,,,,5.202,168.554
2022-04-05,,,,5.021,175.433
2022-04-06,1.695,33.386,8.501,4.338,170.057
2022-04-07,1.294,33.458,8.656,4.613,191.969
2022-04-08,0.976,33.573,9.064,4.955,195.891
2022-04-09,0.949,33.554,9.233,4.799,195.972
2022-04-10,0.938,33.869,10.097,2.795,203.559
2022-04-11,1.101,33.646,9.443,3.825,218.31
2022-04-12,1.681,33.596,9.418,4.465,220.855
2022-04-13,2.295,33.543,9.429,3.129,217.29
2022-04-14,2.646,33.395,9.341,-0.94,221.169
2022-04-15,1.917,33.257,9.086,0.022,214.083
2022-04-16,2.143,33.192,8.972,-0.379,215.742
2022-04-17,2.042,33.13,8.888,-0.688,243.157
2022-04-18,1.699,33.111,8.691,-0.663,246.818
2022-04-19,1.777,33.285,9.212,-0.871,254.877
2022-04-20,1.415,33.262,8.879,-0.418,268.7
2022-04-21,1.523,33.099,8.612,-0.967,249.048
2022-04-22,1.957,33.073,8.805,-0.361,250.811
2022-04-23,1.999,33.086,8.7,-1.257,256.146
2022-04-24,2.519,33.148,9.156,-0.787,253.755
2022-04-25,2.406,33.366,9.549,-1.021,256.184
2022-04-26,1.944,33.478,9.975,-1.227,259.954
2022-04-27,2.149,33.679,10.634,-1.52,264.351
2022-04-28,1.631,33.374,9.722,-0.85,287.386
2022-04-29,1.611,33.242,9.207,-0.799,260.21
2022-04-30,2.637,33.259,9.231,-0.904,253.028
2022-05-01,2.747,33.105,8.938,,226.296
2022-05-02,3.044,33.107,9.031,-0.655,231.044
2022-05-03,2.878,33.096,8.94,-0.58,195.132
2022-05-04,2.885,33.083,8.974,-0.597,155.881
2022-05-05,2.245,33.033,9.087,-0.575,124.518
2022-05-06,1.994,33.018,9.395,-0.639,134.781
2022-05-07,1.734,33.016,8.995,-1.346,128.931
2022-05-08,1.618,33.27,9.049,-0.453,130.978
2022-05-09,1.71,34.03,10.354,0.981,113.268
2022-05-10,1.112,34.005,10.635,0.296,138.01
2022-05-11,1.035,33.907,10.189,0.952,150.739
2022-05-12,1.045,33.759,9.658,1.264,172.841
2022-05-13,1.11,33.991,10.413,1.191,194.388
2022-05-14,1.601,34.036,10.727,0.869,226.718
2022-05-15,2.571,33.999,10.937,-0.797,257.3
2022-05-16,2.062,34.096,11.819,-1.071,239.332
2022-05-17,1.299,33.687,11.075,-1.369,243.748
2022-05-18,0.982,33.165,9.545,-1.352,262.959
2022-05-19,1.317,33.208,9.731,-1.154,273.203
2022-05-20,1.549,33.214,9.918,-1.0,263.752
2022-05-21,1.62,33.208,10.543,-0.865,243.867
2022-05-22,1.316,33.205,10.884,-1.027,243.642
2022-05-23,1.133,33.208,11.767,-1.348,281.498
2022-05-24,1.338,33.204,11.425,-1.361,266.161
2022-05-25,1.21,33.243,11.173,-1.255,248.541
2022-05-26,0.893,33.209,11.638,-1.339,251.661
2022-05-27,1.076,33.211,12.156,-1.395,263.66
2022-05-28,1.101,33.286,12.429,-1.458,279.363
2022-05-29,0.768,33.214,12.625,-1.502,268.785
2022-05-30,0.69,33.195,13.011,-1.509,245.689
2022-05-31,0.772,33.382,13.853,-1.407,236.931
2022-06-01,1.074,33.288,13.284,-1.493,239.013
2022-06-02,1.405,33.304,12.896,-1.323,239.861
2022-06-03,1.263,33.341,13.271,-1.498,245.077
2022-06-04,1.296,33.438,14.136,-1.635,244.522
2022-06-05,1.238,33.544,14.498,-1.595,224.443
2022-06-06,0.928,33.79,15.227,-1.657,224.461
2022-06-07,1.043,33.748,14.981,-1.564,257.284
2022-06-08,1.073,33.73,15.672,-1.389,271.846
2022-06-09,1.155,33.739,15.496,-1.461,251.297
2022-06-10,0.954,33.651,15.862,-1.359,239.411
2022-06-11,0.934,33.854,16.39,-1.212,229.982
2022-06-12,1.044,33.626,16.422,-1.226,261.33
2022-06-13,1.35,33.143,15.944,-1.199,277.925
2022-06-14,1.417,33.11,16.437,-1.715,257.717
2022-06-15,1.276,33.074,16.684,-1.009,263.431
2022-06-16,1.14,33.157,16.207,-1.127,258.429
2022-06-17,1.043,33.296,16.945,-1.044,271.862
2022-06-18,1.512,33.132,17.644,-0.907,285.581
2022-06-19,1.255,33.447,16.655,-1.304,281.299
2022-06-20,1.24,33.313,16.113,-1.25,290.359
2022-06-21,1.127,33.078,15.862,-1.136,304.71
2022-06-22,0.954,33.143,16.281,-1.572,308.482
2022-06-23,0.882,33.299,17.17,-0.999,333.192
2022-06-24,0.849,33.403,17.528,-0.939,330.447
2022-06-25,0.696,33.536,18.319,-0.784,325.526
2022-06-26,0.609,33.563,18.412,-0.787,324.751
2022-06-27,0.527,33.572,18.666,-0.836,322.244
2022-06-28,0.442,33.589,19.223,-0.723,325.219
2022-06-29,0.394,33.709,19.246,-0.72,313.849
2022-06-30,0.309,33.866,19.937,-0.68,279.82
2022-07-01,0.286,33.894,20.222,-0.644,281.115
2022-07-02,0.359,33.596,20.706,-0.359,280.11
2022-07-03,0.811,33.26,20.562,-0.254,269.372
2022-07-04,0.694,33.274,20.677,-0.231,244.883
2022-07-05,0.567,33.285,20.943,-0.103,242.852
2022-07-06,0.694,33.043,21.243,0.047,240.943
2022-07-07,0.64,33.0,21.361,0.171,267.518
2022-07-08,0.617,33.241,20.897,-0.001,266.311
2022-07-09,0.493,33.513,21.034,-0.122,271.188
2022-07-10,0.368,33.792,21.395,-0.115,282.684
2022-07-11,0.367,33.828,21.56,-0.055,296.693
2022-07-12,0.354,33.892,21.746,0.011,284.751
2022-07-13,0.23,33.725,22.019,0.094,287.413
2022-07-14,0.2,33.971,22.399,0.067,274.415
2022-07-15,0.286,34.05,22.6,0.054,255.41
2022-07-16,0.329,34.141,22.49,0.029,253.345
2022-07-17,0.306,34.087,22.911,0.15,253.684
2022-07-18,0.267,34.01,23.252,0.257,255.289
2022-07-19,0.232,33.969,23.489,0.364,265.109
2022-07-20,0.192,34.156,23.43,0.298,270.403
2022-07-21,0.171,34.149,23.755,0.367,277.886
2022-07-22,0.233,34.085,23.637,0.352,287.416
2022-07-23,0.206,34.108,23.651,0.396,268.874
2022-07-24,0.178,34.084,23.86,0.407,268.405
2022-07-25,0.152,34.049,24.155,0.513,263.501
2022-07-26,0.179,33.681,24.57,0.686,259.74
2022-07-27,0.192,33.673,24.447,0.677,258.628
2022-07-28,0.175,33.531,24.894,0.839,266.095
2022-07-29,0.146,33.548,24.986,0.84,244.85
2022-07-30,0.171,33.459,24.488,0.757,260.502
2022-07-31,0.197,33.281,24.933,0.965,259.621
2022-08-01,0.332,33.203,25.285,1.087,269.572
2022-08-02,0.29,33.301,25.222,1.037,264.988
2022-08-03,0.212,33.649,25.141,1.011,264.024
2022-08-04,0.169,33.554,25.277,1.091,260.449
2022-08-05,0.153,33.511,25.457,1.097,284.935
2022-08-06,0.152,33.387,25.446,1.157,282.551
2022-08-07,0.148,33.126,25.755,1.312,262.985
2022-08-08,0.138,33.022,25.959,1.278,239.783
2022-08-09,0.136,33.046,25.989,1.355,224.252
2022-08-10,0.212,33.309,25.7,1.167,225.822
2022-08-11,0.198,33.701,25.468,1.061,217.002
2022-08-12,0.267,33.461,25.178,1.047,192.371
2022-08-13,0.329,33.345,23.635,0.755,165.302
2022-08-14,0.26,33.222,23.503,0.786,160.991
2022-08-15,0.254,33.877,24.48,0.906,182.608
2022-08-16,0.2,34.163,24.648,0.882,203.433
2022-08-17,0.175,34.919,25.245,0.826,191.598
2022-08-18,0.122,35.231,25.271,0.761,200.003
2022-08-19,0.095,35.289,25.286,0.74,197.757
2022-08-20,0.11,35.239,25.316,0.765,200.72
2022-08-21,0.102,35.264,25.404,0.791,219.09
2022-08-22,0.108,35.144,25.366,0.849,216.323
2022-08-23,0.132,34.946,25.25,0.881,214.308
2022-08-24,0.12,35.041,25.187,0.825,216.522
2022-08-25,0.089,35.067,25.185,0.838,207.245
2022-08-26,0.086,35.022,25.311,0.888,230.506
2022-08-27,0.086,35.125,25.486,0.922,245.89
2022-08-28,0.092,34.962,25.986,1.139,243.739
2022-08-29,0.078,34.641,25.992,1.251,244.13
2022-08-30,0.083,34.749,26.094,1.248,243.869
2022-08-31,0.088,35.01,26.061,1.226,248.42
2022-09-01,0.08,35.111,25.592,1.017,254.102
2022-09-02,0.076,35.13,25.47,0.903,247.625
2022-09-03,0.074,35.033,25.788,1.097,223.981
2022-09-04,0.077,34.972,25.736,1.143,209.675
2022-09-05,0.078,35.07,25.996,1.167,193.77
2022-09-06,0.112,34.799,25.859,1.211,193.179
2022-09-07,0.154,34.022,25.075,1.134,188.928
2022-09-08,0.143,34.008,25.038,0.576,178.604
2022-09-09,,,,,167.627
2022-09-10,,,,,170.116
2022-09-11,,,,,173.702
2022-09-12,,,,,176.203
2022-09-13,0.171,34.457,24.38,0.778,
2022-09-14,0.212,33.244,22.903,0.158,
2022-09-15,0.211,33.108,22.705,-0.555,
2022-09-16,0.261,33.122,22.672,0.919,
2022-09-17,0.267,33.132,22.649,1.39,
2022-09-18,0.265,33.144,22.621,1.201,
2022-09-19,0.261,33.156,22.593,1.085,
2022-09-20,0.257,33.173,22.565,1.488,
2022-09-21,0.357,32.775,21.507,1.386,
2022-09-22,0.269,32.849,21.697,1.539,
2022-09-23,0.373,33.076,21.336,1.365,
2022-09-24,0.404,33.306,20.412,1.146,
2022-09-25,0.381,33.385,20.319,1.108,
2022-09-26,0.412,33.177,20.108,1.088,
2022-09-27,0.357,33.072,20.029,1.158,
2022-09-28,0.433,32.897,19.571,1.013,
2022-09-29,0.59,32.787,19.297,0.959,
2022-09-30,0.665,32.769,18.614,0.78,
2022-10-01,0.491,33.196,19.479,0.871,
2022-10-02,0.46,33.342,19.54,0.943,
2022-10-03,0.434,33.542,19.235,0.92,
2022-10-04,0.479,33.368,18.444,0.927,
2022-10-05,0.478,33.513,18.685,0.328,
2022-10-06,0.494,33.45,18.571,-0.73,
2022-10-07,0.506,33.327,18.249,-0.639,
2022-10-08,1.152,33.099,17.326,-0.492,
2022-10-09,0.937,33.109,17.251,-0.298,
2022-10-10,0.689,33.239,17.58,-0.461,
2022-10-11,0.772,33.143,17.501,-0.549,
2022-10-12,0.877,33.063,17.466,-0.494,
2022-10-13,1.099,33.106,17.448,-0.78,
2022-10-14,0.988,33.277,18.002,-0.998,
2022-10-15,,33.08,17.542,-0.628,
2022-10-16,,33.252,17.92,-0.759,
2022-10-17,,33.675,18.935,-1.267,
2022-10-18,,33.533,18.697,-1.185,
2022-10-19,,33.456,18.395,-1.083,
2022-10-20,,33.423,17.671,-0.307,
2022-10-21,,33.347,17.193,0.537,
2022-10-22,,33.421,17.54,0.532,
2022-10-23,,33.285,17.088,0.504,
2022-10-24,,33.09,16.826,0.544,
2022-10-25,,33.251,17.278,0.423,
2022-10-26,,33.682,18.201,0.566,
2022-10-27,,32.952,17.111,0.591,
2022-10-28,,33.079,16.958,0.486,
2022-10-29,,33.672,17.732,0.541,
2022-10-30,,34.013,18.167,0.474,
2022-10-31,,34.276,18.488,0.384,
2022-11-01,,34.272,18.378,0.48,
2022-11-02,,34.532,19.154,0.754,
2022-11-03,,34.558,19.075,0.507,
2022-11-04,,34.317,18.485,0.519,
2022-11-05,,34.361,18.93,0.52,
2022-11-06,,34.014,17.998,0.436,
2022-11-07,,34.572,19.8,0.528,
2022-11-08,,34.198,18.472,-1.212,
2022-11-09,,34.947,20.159,-1.63,
2022-11-10,,34.751,19.348,-1.265,
2022-11-11,,34.708,19.049,-1.479,
