time,44009_air_pressure,44009_wave_height,44009_sea_surface_temperature,44009_wind_spd,44025_air_pressure,44025_wave_height,44025_sea_surface_temperature,44025_wind_spd,44027_air_pressure,44027_wave_height,44027_sea_surface_temperature,44027_wind_spd,44065_air_pressure,44065_wave_height,44065_sea_surface_temperature,44065_wind_spd
10/22/12 0:50,1019.4,0.62,18.6,7.3,1015.2,0.88,16.8,8.2,1006.3,1.61,13.1,7.2,1015.8,0.57,17.1,7.1
10/22/12 1:50,1019.9,0.79,18.5,7.4,1015.5,0.98,16.7,8.7,1006.4,1.69,13.1,5.5,1016.3,0.63,17.1,7.3
10/22/12 2:50,1020.2,0.75,18.5,7.8,1015.8,1.02,16.7,9.6,1006.3,1.63,13.2,5.2,1016.2,0.61,17.1,8.8
10/22/12 3:50,1020.2,0.81,18.5,8.3,1015.9,1.14,16.7,9.7,1006.3,1.63,13.1,9.4,1016.4,0.7,17.1,9.4
10/22/12 4:50,1020.3,0.84,18.5,7.3,1015.8,1.2,16.7,9.6,1006.2,1.64,13.1,9.2,1016.3,0.72,17.1,9.2
10/22/12 5:50,1020.3,0.82,18.5,6.8,1015.8,1.26,16.7,9.5,1005.6,1.56,13.1,10.5,1016.2,0.75,17.1,9.8
10/22/12 6:50,1020.4,0.75,18.5,8,1016,1.29,16.7,10.2,1005.2,1.74,13.1,9.7,1016.4,0.83,17,10.3
10/22/12 7:50,1020.3,0.84,18.4,8.4,1016.1,1.24,16.6,10.5,1005.2,1.6,13.1,10.1,1016.5,0.82,17,10.9
10/22/12 8:50,1020.3,0.93,18.4,9.3,1016.3,1.2,16.6,10.2,1005.4,1.53,13,10.8,1017,0.76,17,9.3
10/22/12 9:50,1020.9,0.99,18.4,9,1016.4,1.5,16.6,11.4,1005.4,1.66,13,10.5,1017.7,0.65,16.8,9.2
10/22/12 10:50,1021.2,1.07,18.3,8.4,1017.3,1.49,16.6,10.6,1005.6,1.64,12.9,10.8,1018.1,0.59,16.7,8.1
10/22/12 11:50,1021.9,1.04,18.3,8.1,1017.7,1.22,16.6,10.2,1006.4,1.39,12.9,11,1018.8,0.55,16.7,8
10/22/12 12:50,1022.3,0.93,18.3,7.9,1018.4,1.26,16.6,10.2,1006.9,1.4,13,10.8,1019.4,0.55,16.7,7.9
10/22/12 13:50,1022.7,0.94,18.3,8.1,1018.7,1.23,16.6,9,1007.2,1.4,13,9.8,1019.3,0.64,16.7,9
10/22/12 14:50,1022.5,0.89,18.3,7.6,1018.6,1.16,16.6,7.9,1007,1.41,13,10.1,1018.8,0.65,16.8,8.6
10/22/12 15:50,1022.4,0.82,18.3,5.9,1018.2,0.94,16.6,6.6,1006.9,1.39,12.9,8.6,1018.5,0.5,16.8,5.7
10/22/12 16:50,1022.1,0.79,18.4,6.1,1017.4,0.83,16.6,6.6,1006.6,1.41,13,9.2,1017.7,0.49,16.9,7.6
10/22/12 17:50,1021.3,0.7,18.4,5.5,1016.8,0.88,16.7,8.1,1006.2,1.37,13,8.9,1017,0.43,17,7.5
10/22/12 18:50,1020.8,0.67,18.4,3.4,1016.3,0.81,16.7,7.5,1005.9,1.56,13,9.7,1016.6,0.41,17,6.2
10/22/12 19:50,1020.8,0.59,18.5,2.8,1016.1,0.75,16.7,8.3,1005.7,1.51,13,12.6,1016.5,0.41,17,6.5
10/22/12 20:50,1020.4,0.53,18.5,3.2,1016.1,0.75,16.7,6.8,1006.5,1.54,13,10.6,1016.4,0.32,17,4.2
10/22/12 21:50,1020.6,0.47,18.5,1.9,1016.3,0.57,16.7,6.6,1007.1,1.43,13,10.8,1016.6,0.33,16.7,5
10/22/12 22:50,1020.8,0.44,18.4,5,1016.7,0.52,16.7,6.2,1007.8,1.46,12.9,10.3,1017.3,0.3,16.6,4.9
10/22/12 23:50,1021.2,0.51,18.4,6.3,1017,0.46,16.7,6.8,1008.4,1.43,12.9,10.5,1017.5,0.32,16.6,6.6
10/23/12 0:50,1021.3,0.53,18.4,5.8,1017.3,0.49,16.7,7.9,1008.9,1.29,12.9,10.5,1018,0.39,16.6,5.3
10/23/12 1:50,1021.3,0.44,18.3,6.1,1017.4,0.57,16.7,7.1,1009.3,1.18,12.9,10.4,1018,0.35,16.6,5.1
10/23/12 2:50,1021.5,0.49,18.3,5.7,1017.4,0.6,16.7,7.4,1009.6,1.27,12.9,10.2,1018.1,0.35,16.7,5.5
10/23/12 3:50,1021.5,0.46,18.3,4.7,1017.6,0.61,16.7,6.9,1010.3,1.4,12.8,10.4,1018.4,0.36,16.8,5.2
10/23/12 4:50,1021.1,0.46,18.2,5.4,1017.7,0.62,16.6,7,1010.8,1.33,12.8,10.8,1018.2,0.37,16.8,4.2
10/23/12 5:50,1021.2,0.45,18.2,4.2,1017.7,0.62,16.6,5.7,1010.8,1.3,12.8,11.5,1018.3,0.37,16.8,3.2
10/23/12 6:50,1021.1,0.41,18.2,3.6,1017.7,0.53,16.6,5.3,1011,1.39,12.8,11,1018.2,0.38,16.9,3.3
10/23/12 7:50,1021.1,0.41,18.2,4,1017.9,0.5,16.6,3.8,1011.2,1.34,12.8,10.9,1018.2,0.33,16.9,4.2
10/23/12 8:50,1021.1,0.38,18.2,2.8,1018.1,0.5,16.6,4.2,1011.9,1.16,12.8,9.9,1018.4,0.33,16.8,3.3
10/23/12 9:50,1021.2,0.36,18.1,3.1,1018.3,0.48,16.6,4,1012.6,1.08,12.7,10.2,1018.6,0.36,16.8,3.2
10/23/12 10:50,1021.4,0.39,18.1,2.6,1019,0.53,16.6,3.9,1013.1,1.17,12.7,11.1,1019.1,0.33,16.8,2.3
10/23/12 11:50,1022,0.34,18.1,2.7,1019.2,0.5,16.6,2.6,1014.1,1.22,12.7,12.5,1019.8,0.32,16.7,2.7
10/23/12 12:50,1022.3,0.32,18.1,3.4,1020.1,0.44,16.6,4,1014.5,1.3,12.6,11.6,1020.4,0.33,16.7,1.3
10/23/12 13:50,1022.6,0.34,18.2,4.2,1019.9,0.4,16.6,2.3,1014.6,1.25,12.7,11,1020,0.34,16.8,0.9
10/23/12 14:50,1022.4,0.32,18.3,3.8,1019.6,0.38,16.7,1,1014.3,1.14,12.7,10.1,1020.2,0.33,17,2.2
10/23/12 15:50,1022.1,0.37,18.4,4.5,1019.7,0.37,17,1.8,1013.9,1.15,12.6,10.9,1020.2,0.38,16.9,2.9
10/23/12 16:50,1021.3,0.33,18.5,4,1019,0.35,17.1,2,1013.3,1.08,12.6,10.4,1019.4,0.32,17,1.6
10/23/12 17:50,1020.4,0.35,18.6,6.1,1018.4,0.36,17.1,0.6,1012.9,1.09,12.5,10.1,1018.6,0.34,17.1,1.4
10/23/12 18:50,1019.8,0.41,18.5,6.5,1018.2,0.34,17.1,0.6,1013.1,0.99,12.6,9.3,1018.5,0.41,17.1,1.6
10/23/12 19:50,1019.7,0.46,18.5,6.5,1018.3,0.36,17.1,0,1013.2,0.9,12.6,9.4,1018.3,0.37,17.1,1.7
10/23/12 20:50,1019.7,0.54,18.5,6.8,1018.1,0.35,17.1,1.3,1013.6,0.99,12.6,8.6,1018.3,0.41,17.1,2
10/23/12 21:50,1019.8,0.53,18.4,6.4,1018.2,0.36,17.1,1.6,1014.1,0.9,12.7,8.2,1018.3,0.38,17.1,2.6
10/23/12 22:50,1020,0.59,18.3,7.5,1018.4,0.38,17,2.1,1014.5,0.83,12.6,9.6,1018.3,0.38,17.1,2.2
10/23/12 23:50,1020.4,0.61,18.3,6.6,1018.5,0.35,16.9,2.2,1015.4,0.82,12.6,8.3,1018.4,0.35,17,1.8
10/24/12 0:50,1020.5,0.68,18.4,6.6,1018.2,0.35,16.9,2.6,1016.3,0.72,12.6,9,1018.7,0.41,17,1.7
10/24/12 1:50,1020.4,0.63,18.3,6.3,1019.1,0.36,16.9,1.7,1016.8,0.73,12.6,10.4,1019,0.35,17,2.4
10/24/12 2:50,1020.2,0.7,18.3,7,1018.7,0.35,16.8,2.3,1017.6,0.75,12.5,9.2,1018.8,0.37,17,4.8
10/24/12 3:50,1020.6,0.7,18.3,6.1,1018.6,0.33,16.8,3.5,1018.1,0.76,12.4,9.5,1018.6,0.43,17,4.8
10/24/12 4:50,1020.5,0.7,18.3,6.8,1018.8,0.36,16.8,3.1,1018.2,0.75,12.3,11.3,1018.8,0.38,17,4.8
10/24/12 5:50,1020.2,0.71,18.3,7.3,1018.7,0.34,16.8,4.5,1018.1,0.8,12.1,10,1018.7,0.39,17,5.2
10/24/12 6:50,1020.1,0.74,18.3,7.2,1018.6,0.34,16.7,5.1,1018.8,0.83,12.1,8,1018.6,0.47,17,5.6
10/24/12 7:50,1020,0.72,18.2,6.3,1018.3,0.4,16.7,5.6,1019.1,0.82,12.2,8.4,1018.6,0.46,17,5.6
10/24/12 8:50,1019.9,0.66,18.1,6.5,1018.6,0.49,16.7,5.4,1019.3,0.76,12.3,7.3,1018.9,0.51,17,5.4
10/24/12 9:50,1020.3,0.67,18.1,5.4,1018.8,0.5,16.7,5.6,1019.3,0.78,12.4,9,1019.1,0.56,17,6.7
10/24/12 10:50,1020.6,0.58,18.1,5,1018.8,0.55,16.7,6.9,1020.1,0.89,12.4,7.3,1019.3,0.61,17,7.7
10/24/12 11:50,1021,0.63,18,4.5,1019.4,0.63,16.6,6.3,1020.3,0.81,12.3,6.8,1019.9,0.58,17,6.4
10/24/12 12:50,1021.3,0.67,18,4.4,1019.6,0.73,16.6,6.4,1020.8,0.72,12.3,5,1020.2,0.63,17,6.3
10/24/12 13:50,1021.4,0.64,18.1,3.7,1019.8,0.72,16.6,6.4,1021,0.63,12.3,4.9,1020.4,0.6,17,5.7
10/24/12 14:50,1021.4,0.61,18.1,2.5,1019.4,0.7,16.6,7,1020.9,0.5,12.4,5,1020.2,0.59,17,5.7
10/24/12 15:50,1021.1,0.63,18.2,1.2,1019.7,0.68,16.6,5.9,1020.4,0.42,12.4,5,1020.2,0.57,17,5.4
10/24/12 16:50,1020.5,0.64,18.3,0.7,1019.1,0.66,16.7,6.1,1019.9,0.4,12.5,4.9,1019.9,0.55,17.1,3.9
10/24/12 17:50,1019.9,0.61,18.5,1.2,1018.9,0.65,16.7,7.3,1019.4,0.36,12.4,3.4,1019.6,0.56,16.7,4.4
10/24/12 18:50,1019.8,0.63,18.9,1.2,1018.9,0.74,16.7,7.8,1018.9,0.32,12.5,1.1,1019.4,0.55,16.6,4.5
10/24/12 19:50,1019.8,0.59,18.6,2.1,1019.1,0.86,16.7,7.1,1018.6,0.31,12.4,2.3,1019.6,0.55,16.4,5.1
10/24/12 20:50,1019.9,0.59,18.9,2.9,1019.4,0.79,16.7,6.3,1018.8,0.3,12.4,1.6,1019.8,0.57,16.4,5.5
10/24/12 21:50,1020.2,0.55,18.7,3.4,1019.9,0.82,16.6,6.5,1019.1,0.33,12.4,3.9,1020.2,0.6,16.6,5.6
10/24/12 22:50,1020.9,0.51,18.6,4.3,1020.4,0.81,16.6,6.5,1019.8,0.29,12.5,5.7,1020.8,0.6,16.7,5.7
10/24/12 23:50,1021.2,0.53,18.4,5.6,1021.1,0.8,16.6,6,1020.2,0.39,12.4,6.4,1021.6,0.59,16.8,5.2
10/25/12 0:50,1021.8,0.57,18.3,5.3,1021.5,0.77,16.6,5.7,1020.8,0.57,12.4,6.6,1021.7,0.64,16.9,5.5
10/25/12 1:50,1021.9,,18.1,5.6,1021.6,0.73,16.6,5.8,1021.5,0.53,12.4,7.5,1021.9,0.69,16.9,5.8
10/25/12 2:50,1022.1,0.64,18.2,6,1021.7,0.78,16.6,5,1022.1,0.58,12.4,7.5,1021.9,0.7,16.9,5.9
10/25/12 3:50,1022.1,0.74,18.2,5.6,1021.8,0.74,16.6,6,1022.9,0.7,12.3,6.4,1022.1,0.7,16.9,6.1
10/25/12 4:50,1022,0.72,18.2,5.7,1022.1,0.74,16.6,6.4,1023.8,0.58,12.3,6.7,1022.5,0.67,17,5.9
10/25/12 5:50,,,,,1022.2,0.73,16.6,6.5,1023.8,0.65,12.1,7.2,1022.6,0.67,17,5.6
10/25/12 6:50,1022.8,0.69,18.3,5.4,1022.3,0.74,16.6,5.8,1024.2,0.53,12.1,6.7,1022.8,0.68,17,5.4
10/25/12 7:50,1022.3,0.7,18.3,5.4,1021.8,0.7,16.6,5.5,1024,0.5,12.1,4.8,1022.2,0.69,16.9,5
10/25/12 8:50,1022.5,0.73,18.3,5.1,1022,0.7,16.6,5.4,1024,0.52,12.1,4.9,1022.3,0.66,16.8,5
10/25/12 9:50,1022.6,0.68,18.3,5.2,1022.6,0.68,16.6,5.5,1024.4,0.51,12.1,5.1,1022.9,0.69,16.6,6
10/25/12 10:50,1023,0.68,18.3,4.8,1023.2,0.69,16.6,5.9,1025.1,0.48,12.2,5.1,1023.6,0.69,16.6,5.2
10/25/12 11:50,1023.8,0.65,18.3,4.8,1023.7,0.63,16.5,5.3,1025.8,0.5,12.2,5.2,1024,0.65,16.6,5.6
10/25/12 12:50,1024.5,,18.3,5.5,1024,0.66,16.5,4.5,1026.5,0.53,12.2,5.5,1024.3,0.62,16.7,4.5
10/25/12 13:50,1024.7,0.68,18.3,5.7,1024.3,0.64,16.6,4.5,1026.3,0.59,12.2,4.2,1024.5,0.61,16.7,4.5
10/25/12 14:50,1024.7,0.66,18.3,5.6,1024.4,0.58,16.6,4.7,1026.3,0.57,12.2,2.7,1024.9,0.61,16.8,3.6
10/25/12 15:50,1024.6,0.7,18.3,5.5,1024.4,0.61,16.6,4.8,1026.3,0.52,12.3,2.5,1024.8,0.61,16.9,3.2
10/25/12 16:50,1024.1,0.71,18.3,4.7,1024,0.63,16.6,4.9,1025.7,0.42,12.3,2.5,1024.6,0.57,16.8,3.2
10/25/12 17:50,1023.9,,18.4,4.2,1024.1,0.64,16.6,4,1025.4,0.35,12.3,2.3,1024.2,0.55,16.9,4.2
10/25/12 18:50,,,,3.6,1023.7,0.58,16.6,4,1024.9,0.29,12.3,0.4,1024,0.53,16.9,4.6
10/25/12 19:50,1023.9,0.68,18.4,3.4,1024,0.6,16.6,4.5,1024.7,0.25,12.3,0.3,1024,0.56,16.9,4.9
10/25/12 20:50,1023.8,0.65,18.4,4.6,1023.6,0.62,16.6,5.5,1024.5,0.2,12.3,2.1,1023.7,0.58,16.9,4.6
10/25/12 21:50,1023.7,0.66,18.4,4.9,1023.5,0.62,16.6,5.6,1024.8,0.21,12.3,2.9,1023.8,0.59,16.9,4.6
10/25/12 22:50,1024.1,0.69,18.4,6.4,1023.9,0.66,16.6,5.2,1024.9,0.19,12.3,2.6,1024.3,0.58,16.9,4.3
10/25/12 23:50,1024.2,0.67,18.4,5.9,1024.2,0.68,16.6,3.6,1025,0.21,12.3,3.7,1024.4,0.58,17,4
10/26/12 0:50,,,,5.3,1024.1,0.67,16.5,3.3,1025.2,0.28,12.3,4.1,1024.3,0.56,17,3.3
10/26/12 1:50,1024,0.75,18.4,5.1,1024,0.66,16.5,4.1,1025.2,0.28,12.3,1.9,1024.3,0.55,17,2.9
10/26/12 2:50,1023.5,0.8,18.3,6,1023.7,0.69,16.4,3.9,1024.7,0.29,12.3,1.2,1023.8,0.52,17.1,3.8
10/26/12 3:50,1023.2,0.79,18.3,6,1023.4,0.63,16.4,4,1024.4,0.25,12.3,1.3,1023.7,0.56,17.1,3.1
10/26/12 4:50,1022.8,0.84,18.3,6.3,1023.2,0.62,16.5,3.3,1024.1,0.26,12.2,1.3,1023.6,0.52,17.1,2.5
10/26/12 5:50,1022.4,0.81,18.3,5.7,1022.8,0.62,16.5,2.9,1023.9,0.24,12.2,2.7,1023.2,0.54,17.1,1.9
10/26/12 6:50,1022.6,0.81,18.3,5,1022.5,0.65,16.4,3,1024.4,0.22,12.2,2.3,1022.8,0.51,17.1,2.1
10/26/12 7:50,,,,5.2,1022.3,0.65,16.4,3.2,1024.2,0.22,12.3,2.3,1022.6,0.53,17,2.8
10/26/12 8:50,1022,0.8,18.2,4.8,1022.3,0.65,16.4,3.2,1024.2,0.22,12.3,1.8,1022.7,0.55,17,3.8
10/26/12 9:50,1021.9,0.78,18.1,5.5,1022.4,0.71,16.4,3.3,1024.2,0.22,12.3,1.2,1022.7,0.53,17,4.1
10/26/12 10:50,1021.9,0.71,18.1,5.4,1022.6,0.71,16.3,3.5,1023.9,0.21,12.2,0.1,1022.8,0.56,17,4.6
10/26/12 11:50,1022.1,0.7,18.1,5.4,1022.8,0.69,16.4,2.9,1023.8,0.2,12.1,0.6,1023,0.56,17,3.9
10/26/12 12:50,1022.4,0.8,18.2,5.7,1022.8,0.71,16.4,3.1,1023.8,0.18,12.2,0,1023.1,0.6,17,3.1
10/26/12 13:50,1022.8,,18.2,5.6,1022.6,0.68,16.4,3.5,1023.5,0.19,12.3,0,1022.9,0.58,17.1,3
10/26/12 14:50,,,,5.7,1022.9,0.69,16.5,3.7,1023.8,0.17,12.5,0,1023.4,0.58,17.2,3.5
10/26/12 15:50,1022.5,0.84,18.3,5.8,1023.2,0.66,16.6,3.1,1023.4,0.16,12.7,0,1023.5,0.61,17.2,3.4
10/26/12 16:50,1021.9,0.85,18.4,5.5,1022.2,0.67,16.7,2.9,1023.1,0.16,13,0,1022.6,0.58,17.2,2.1
10/26/12 17:50,1021,0.89,18.5,6.2,1021.5,0.73,16.8,2.2,1022.2,0.15,12.8,0.4,1021.7,0.58,17.3,3.1
10/26/12 18:50,1020.3,,18.5,6.2,1020.6,0.7,17.1,3,1022.3,0.15,12.8,1.9,1020.9,0.57,17.3,3.2
10/26/12 19:50,1019.9,1,18.5,5.8,1020.2,0.68,17.1,3.8,1021.8,0.14,12.9,3.3,1020.4,0.56,17.2,3.4
10/26/12 20:50,1019.3,1.01,18.4,6,1019.6,0.69,17,3.9,1021.5,0.19,12.7,2.4,1020,0.56,17.2,2.5
10/26/12 21:50,1019.2,,18.3,6.2,1019.6,0.69,17,4.5,1020.9,0.2,12.5,1.7,1020,0.57,17.1,2.2
10/26/12 22:50,1019.2,1.12,18.3,6.8,1019.9,0.65,17,3.5,1020.8,0.19,12.5,2.4,1020.2,0.6,17.1,2.6
10/26/12 23:50,1019.7,,18.3,5.9,1020.2,0.67,16.9,3.6,1020.2,0.19,12.5,2.1,1020.5,0.58,17.1,2.9
10/27/12 0:50,1019.7,1.15,18.2,6.1,1020.1,0.69,16.8,3.6,1020,0.18,12.6,1.9,1020.3,0.61,17.2,3
10/27/12 1:50,1019.4,1.23,18.2,6.2,1020.3,0.67,16.7,3,1020,0.2,12.6,3.8,1020.5,0.61,17.2,2.4
10/27/12 2:50,1019,1.23,18.2,6.9,1019.9,0.69,16.7,4.2,1019.9,0.22,12.6,3.5,1020.1,0.61,17.2,3
10/27/12 3:50,1018.5,1.32,18.3,7.1,1019.5,0.73,16.7,3.8,1020,0.23,12.6,2.4,1019.8,0.65,17.2,2.5
10/27/12 4:50,1017.9,1.3,18.2,7.7,1018.9,0.7,16.7,4.7,1019.7,0.21,12.6,2.5,1019.3,0.64,17.1,3.3
10/27/12 5:50,1017.4,,18.2,7.7,1018.5,0.7,16.7,3.9,1020,0.2,12.4,0.2,1018.5,0.62,17.1,4.2
10/27/12 6:50,1016.5,1.53,18.2,8.6,1017.7,0.68,16.7,4.4,1019.8,0.19,12.3,0.1,1017.7,0.68,17.1,5.3
10/27/12 7:50,1015.8,1.52,18.2,8.8,1016.8,0.72,16.7,4.5,1019.4,0.19,12.2,0.5,1016.9,0.7,17.1,3.9
10/27/12 8:50,1015.2,1.64,18.1,9.4,1016.4,0.77,16.7,5.3,1019.3,0.19,12.2,0.5,1016.5,0.72,17.1,4.5
10/27/12 9:50,1014.9,1.68,18.1,10.3,1016.2,0.75,16.7,5.3,1019,0.19,12.3,0.4,1016.5,0.78,17.1,5
10/27/12 10:50,1014.7,1.75,18.1,10.2,1016.5,0.78,16.6,5.1,1018.5,0.2,12.3,0,1016.7,0.73,17,4.9
10/27/12 11:50,1014.6,1.72,18.1,9.5,1016.3,0.76,16.6,5.9,1018.6,0.2,12.3,1.9,1016.8,0.7,17,4
10/27/12 12:50,1014.6,1.93,18.1,10.3,1016,0.84,16.6,7.2,1018.8,0.19,12.3,2.1,1016.7,0.73,17,4.8
10/27/12 13:50,1014.7,,18,10.3,1016.1,0.86,16.6,7,1018.7,0.2,12.3,2.7,1016.4,0.75,17.1,4.5
10/27/12 14:50,1014,2.16,18,10.5,1015.9,0.97,16.6,7.5,1018.6,0.19,12.4,3.2,1016.3,0.83,17.1,6.8
10/27/12 15:50,1013.7,2.2,18,10.3,1015.7,1.04,16.7,7.2,1018.7,0.24,12.5,3.9,1016.3,0.88,17.1,5.9
10/27/12 16:50,1012.6,2.18,18,11,1015,1.17,16.7,7.3,1018.2,0.3,12.6,5.6,1015.7,0.96,17.2,5.5
10/27/12 17:50,1012.5,2.28,18,10.6,1014.5,1.13,16.7,7.2,1017.6,0.38,12.6,5.4,1015,0.99,17.1,5.9
10/27/12 18:50,1011.9,2.48,17.9,10.7,1013.9,1.27,16.7,7.5,1017.6,0.47,12.6,4.9,1014.2,1.09,17.1,7.2
10/27/12 19:50,1011.7,2.41,17.9,10.6,1013.7,1.36,16.7,8,1017,0.35,12.7,4.8,1014,1.16,17.1,7.3
10/27/12 20:50,1011.4,2.44,17.7,10.9,1013.2,1.38,16.7,8.5,1016.8,0.36,12.7,7.1,1013.7,1.34,17,7.8
10/27/12 21:50,1011,2.51,17.6,10.8,1013.1,1.58,16.7,9,1016.7,0.49,12.7,9,1013.2,1.39,17,8.5
10/27/12 22:50,1010.1,2.57,17.5,11.7,1012.8,1.55,16.6,10.1,1017.3,0.63,12.6,7.8,1013.2,1.56,17,8.8
10/27/12 23:50,1010.6,2.71,17.5,11.8,1012.6,1.7,16.6,9.3,1017.4,0.61,12.7,5.9,1013.3,1.69,17,8.3
10/28/12 0:50,1010.5,2.75,17.4,11.6,1012.1,1.85,16.6,10.2,1017.3,0.69,12.5,6.6,1012.9,1.78,17,8.9
10/28/12 1:50,1009.7,2.73,17.4,12.2,1011.9,1.89,16.6,10.4,1017.6,0.76,12.6,7.3,1012.5,1.69,17,8.3
10/28/12 2:50,1008.9,2.83,17.4,12,1011.4,1.97,16.6,10.9,1017.5,0.76,12.6,7.8,1012.4,1.82,17,8.6
10/28/12 3:50,1009.4,,17.5,11,1011.2,2.41,16.6,11.4,1017.7,0.78,12.6,8.9,1012,1.93,17,8.1
10/28/12 4:50,1009,3.31,17.6,11.4,1010.6,2.44,16.6,12.4,1017.7,0.97,12.6,9.3,1011.7,2.01,17,9.3
10/28/12 5:50,1007.9,3.02,17.6,11.9,1010.6,,16.7,11.8,1018,1.07,12.6,8.9,1011,2.12,17,10.4
10/28/12 6:50,1007.3,3.3,17.6,12.5,1010.5,3.02,16.7,12.1,1017.6,1.14,12.6,9,1011.2,2.12,17,10.7
10/28/12 7:50,1006.3,,17.5,13.1,1009.5,3.22,16.7,11.3,1017.3,0.97,12.5,9.7,1010.2,2.42,17,10.9
10/28/12 8:50,1006.2,3.52,17.5,13.4,1008.8,2.86,16.6,12.7,1016.9,1.01,12.5,9.8,1010.2,2.62,16.8,10.8
10/28/12 9:50,1005.8,3.92,17.4,14.2,1008.6,2.94,16.6,12.9,1017,1.17,12.5,10.1,1009.7,2.6,16.7,11.2
10/28/12 10:50,1005.1,4,17.4,15.5,1008.3,2.89,16.6,13.9,1017.3,1.24,12.5,9.5,1009.7,2.64,16.6,10.7
10/28/12 11:50,1005.2,4.12,17.4,15.4,1008.4,3.23,16.6,14,1017.3,1.17,12.5,9.4,1009.6,2.73,16.4,11.5
10/28/12 12:50,1005.1,4.06,17.4,15.1,1008.6,3.18,16.6,14.2,1017.4,1.12,12.5,9.9,1009.8,2.74,16.4,11.3
10/28/12 13:50,1004.2,4.22,17.4,15.1,1008.5,3.1,16.6,14.4,1017.1,1.2,12.5,10.5,1009.6,2.79,16.2,11.8
10/28/12 14:50,1004.2,4.35,17.5,14.6,1007.9,3.22,16.6,14.7,1016.6,1.28,12.6,10.9,1009.3,2.65,16.2,11.9
10/28/12 15:50,1003.7,4.61,17.5,15.3,1007,3.4,16.6,14.7,1016.3,1.36,12.6,10.8,1008,2.9,16.2,12.4
10/28/12 16:50,,,,15.7,1005.6,3.84,16.6,15.1,1015.9,1.43,12.6,11,1006.7,2.88,16.2,11.8
10/28/12 17:50,1001.3,4.73,17.6,15.6,1004.9,3.93,16.6,15.7,1014.9,1.43,12.5,11.5,1005.9,2.89,16.2,13
10/28/12 18:50,1000.1,,17.6,16.7,1004,4.52,16.6,17.2,1014.7,1.52,12.6,10.5,1005.6,3.29,16.3,12.2
10/28/12 19:50,999.3,5.09,17.6,16.6,1003.4,4.66,16.6,17.3,1014.3,1.41,12.5,11.2,1005.1,3.16,16.1,13.4
10/28/12 20:50,998.8,5,17.6,16.9,1002.8,4.37,16.5,16.9,1014,1.44,12.4,11.7,1004.4,3.46,16.2,13.6
10/28/12 21:50,,,,,1002.4,4.43,16.3,17.9,1013.6,1.55,12.4,12.7,1004,3.58,16,13.4
10/28/12 22:50,997.5,5.73,17.4,17.9,1002.4,5.13,16.3,16.6,1013.6,1.68,12.4,12.1,1003.5,3.71,15.9,16
10/28/12 23:50,997,5.45,17.5,18,1001.5,5.1,16.3,18.1,1012.6,1.82,12.4,13.8,1002.7,3.97,15.9,17.4
10/29/12 0:50,996.7,5.67,17.5,18.3,1001.1,5.14,16,17.9,1012.9,1.91,12.3,10.3,1002.7,4.18,15.9,15
10/29/12 1:50,996.3,5.71,17.6,18.4,1000.9,5.09,16,17.5,1012.3,1.68,12.4,11.6,1002.3,4.04,15.9,14.9
10/29/12 2:50,995.6,6.56,17.6,18.5,1000.1,4.98,16,17.6,1011.9,1.91,12.5,11.4,1001.8,4.28,15.9,14.8
10/29/12 3:50,994.3,,17.7,20.1,999.8,5.88,15.7,16.8,1011.9,2.09,12.5,10.5,1001.2,3.82,15.6,14.9
10/29/12 4:50,993.6,6.53,17.6,19.6,998.4,5.51,15.4,17.2,1011.6,2.04,12.5,11.4,1000.4,3.5,15.3,13.9
10/29/12 5:50,992.1,6.62,17.5,20.8,997.6,5.45,15.4,16.9,1011.5,1.75,12.4,11.2,999.8,4.24,15.3,14.4
10/29/12 6:50,990.5,6.92,17.4,21.5,996.3,5.68,15.5,16.5,1010.4,1.92,12.4,11.7,998.4,3.75,15.3,13.8
10/29/12 7:50,988.6,7.1,17.4,20.2,993.2,5.73,15.9,17.9,1009.6,1.8,12.4,13,996.2,3.97,15.4,14.7
10/29/12 8:50,988.9,7.06,17.4,18.3,991.8,5.25,16,17.6,1009.8,1.79,12.5,11.2,994.2,4.22,15.3,15
10/29/12 9:50,988.4,7.04,17.4,17.5,990.1,5.4,15.9,18.9,1009.4,1.6,12.5,11,992.6,3.92,15.5,16
10/29/12 10:50,987.1,7.38,17.4,17.2,988.3,5.75,15.9,19.6,1008.8,1.76,12.6,12.8,990.4,4.19,15.5,16.9
10/29/12 11:50,985.1,5.86,17.3,17.9,986.9,5.72,15.8,18.9,1009.1,1.74,12.6,12.7,988.7,4.4,15.5,17.7
10/29/12 12:50,982.4,6.72,17.2,18.9,985,6.19,15.7,20.4,1009,1.96,12.5,13,986.9,4.84,15.4,18.1
10/29/12 13:50,980.1,,17.2,18.4,982.7,6.97,15.6,20.8,1008.9,2.19,12.4,12.2,984.3,4.63,15.3,19.1
10/29/12 14:50,977.2,6.73,17.3,19.8,980.2,7.11,15.5,21,1008.7,2.11,12.4,10.3,982.4,5.12,15.3,18.2
10/29/12 15:50,973.9,6.04,17.3,20,976.6,6.68,15.3,22.8,1007.6,2.15,12.5,13.8,979.3,,15.2,19.4
10/29/12 16:50,970.6,5.62,17.3,20.7,972.5,7.21,15.3,22.8,1007.1,2.46,12.6,14.5,975.3,5.74,15.1,19.9
10/29/12 17:50,966.4,6.11,17.3,22,968.2,7.22,15.4,25.1,1006.8,2.59,12.6,13.9,970.7,5.9,15.1,22.3
10/29/12 18:50,963.5,6.32,17.3,21.4,964.7,8.1,15.3,25.1,1006.7,2.63,12.6,13.1,967.9,6.96,15.1,20.4
10/29/12 19:50,958.7,5.25,17.2,22.6,960.8,8.82,15.3,24.4,1007,2.42,12.7,13.3,963.6,7.79,15.2,22
10/29/12 20:50,956.4,5.97,17.1,23.1,958.9,8.56,15.5,20.6,1006.9,2.18,12.7,12.3,960,8.3,15.3,24
10/29/12 21:50,957.4,5.46,17,21.5,958.2,8.16,15.9,21.1,1006.7,2.31,12.7,12.7,958.1,9.08,15.5,22.1
10/29/12 22:50,959.6,5.94,17,21.4,962.7,9.43,16,21.1,1006.2,2.5,12.7,14,959.5,9.37,15.6,22.3
10/29/12 23:50,961.6,5.85,17,21.7,966.7,9.65,16,23.8,1005.9,2.95,12.7,13.5,962.6,8.94,15.6,23.7
10/30/12 0:50,966.5,5.35,17,21,970.6,8.71,16.1,22.3,1005.7,3.26,12.7,13,966.6,9.86,15.6,22.7
10/30/12 1:50,970.6,5.2,17,21,975.2,8.25,16.1,20.7,1005.4,3.27,12.7,13.6,970.8,8.8,15.5,22.9
10/30/12 2:50,974.4,4.95,16.9,21,978.3,8.25,16.1,20.5,1005.7,3.54,12.7,12.3,975.1,8.65,15.5,20.3
10/30/12 3:50,977.4,4.8,16.9,20.1,981.2,8.16,16,17.5,1005.2,3.79,12.7,12.5,978.3,6.82,15.5,18.8
10/30/12 4:50,980.2,4.8,16.9,18.6,983.2,7.02,15.9,17,1004.6,4.69,12.7,12.4,981.1,7.3,15.5,17.6
10/30/12 5:50,982.2,4.19,16.9,17.2,985,6.42,15.8,14.9,1004.3,4.78,12.7,12.8,983.2,6.16,15.5,16
10/30/12 6:50,983.8,3.83,16.8,15.5,986.2,5.86,15.7,15.1,1004.4,4.97,12.7,12.4,984.5,5.35,15.6,15.6
10/30/12 7:50,984.9,3.39,16.7,14.7,987,5.4,15.7,14,1004.6,5.08,12.7,11.3,985.5,5.46,15.6,15.2
10/30/12 8:50,986.2,3.51,16.7,14.6,988,5.3,15.7,14.8,1004.7,4.74,12.7,11.8,986.6,5.01,15.6,13.9
10/30/12 9:50,987.5,3.63,16.7,14.1,989.2,5.12,15.7,12.8,1005.3,4.35,12.6,11.1,987.6,4.84,15.6,15.6
10/30/12 10:50,988.6,3.85,16.6,14.8,989.7,4.91,15.7,15.7,1006,4.49,12.6,11.1,988.8,4.82,15.5,14.3
10/30/12 11:50,989.8,3.8,16.6,15.4,991.4,5.51,15.8,14.2,1007,4.48,12.6,10.5,990.1,4.69,15.5,14.4
10/30/12 12:50,991.2,3.85,16.6,15.2,992.3,4.56,15.8,15.5,1007.8,4.39,12.6,10.1,990.8,4.39,15.5,16.6
10/30/12 13:50,992.4,3.44,16.6,15.2,993.3,5.34,15.9,15,1008.2,3.75,12.7,10.4,992.2,5.09,15.5,14.4
10/30/12 14:50,993.3,3.94,16.6,15.4,994,5.14,15.9,15.8,1008.8,3.96,12.7,8.9,993,4.62,15.4,15.3
10/30/12 15:50,994.2,3.53,16.6,14.6,995,5.47,16,13.4,1008.4,3.24,12.7,10.2,994,4.01,15,14.5
10/30/12 16:50,994.6,3.48,16.7,14.3,995.6,5.15,16,12.8,1007.9,3.36,12.7,10.4,994.7,4.35,15,13.4
10/30/12 17:50,995.4,3.01,16.6,11.8,995.9,4.95,15.9,12.4,1007.5,3.15,12.7,11.8,995.2,3.87,15,12
10/30/12 18:50,995.9,3.12,16.6,12.3,996.4,4.47,15.9,12.1,1007.9,3.07,12.7,10.4,995.5,3.85,15,11.6
10/30/12 19:50,996.7,2.74,16.6,10.8,996.7,4.44,15.9,11.2,1007.2,3.17,12.7,10.4,995.7,3.98,15.1,12.3
10/30/12 20:50,997.4,2.41,16.6,11,996.8,3.84,15.9,10.3,1007,2.72,12.6,7.3,996.1,3.67,15.1,11.1
10/30/12 21:50,998.3,2.35,16.6,10.8,997.2,3.82,15.9,9.3,1007.4,3.03,12.7,10,996.7,3.3,15.1,11
10/30/12 22:50,999.1,2.35,16.6,11.2,997.5,3.42,16,8.8,1006.9,3.1,12.6,10.9,997,2.96,15.1,10.9
10/30/12 23:50,999.4,2.21,16.5,10.8,997.7,3.22,16,10.2,1007.5,3.33,12.6,10.5,997.6,2.61,15.1,7
10/31/12 0:50,1000,2.18,16.5,10.3,997.8,3.1,16,8.7,1006.5,3.32,12.6,10.7,997.9,2.49,15.1,6.8
10/31/12 1:50,1000.3,2.13,16.5,9.8,998,2.99,15.9,8.8,1006.2,3.15,12.7,11.6,998,2.23,15.1,7.2
10/31/12 2:50,1000.3,2.09,16.4,9,998.1,2.6,15.9,9.4,1005.4,2.9,12.6,10.2,998.1,2.39,15.1,8
10/31/12 3:50,999.7,1.9,16.4,9.8,998.3,2.56,15.9,7.8,,,,,998.3,2.18,14.8,7
10/31/12 4:50,999.7,1.96,16.4,9.7,998.3,2.42,15.9,8.2,,,,,998.3,2.09,14.7,8.9
10/31/12 5:50,999.7,2.07,16.4,10,997.8,2.31,15.9,8.2,,,,,998.2,2.06,14.7,7.8
10/31/12 6:50,1000.2,2,16.4,9.4,998,2.38,15.9,7.2,,,,,998.5,2.13,14.7,7.4
10/31/12 7:50,1000.4,1.97,16.4,9.3,998.3,2.42,15.9,7.2,,,,,998.6,1.9,14.7,5.8
10/31/12 8:50,1000.9,2.01,16.4,9,998.7,2.38,15.9,6,,,,,999,1.82,14.6,5.4
10/31/12 9:50,1001.8,1.91,16.4,8,999.2,2.2,15.9,7,,,,,999.4,1.79,14.6,4.7
10/31/12 10:50,1002,1.73,16.4,8.4,999.4,2.18,15.8,5.1,,,,,999.4,1.75,14.6,4.7
10/31/12 11:50,1002.5,1.82,16.3,7.4,999.8,2.34,15.8,4.1,,,,,999.8,1.79,14.6,6.6
10/31/12 12:50,1002.8,1.75,16.3,8.2,1000,2.31,15.8,6.3,,,,,1000.1,1.8,14.6,7.9
10/31/12 13:50,1003.2,1.65,16.3,8.1,1000.2,2.31,15.7,7.5,,,,,1000.4,1.91,14.6,7.4
10/31/12 14:50,1003.3,1.55,16.4,7.9,1000.3,2.32,15.6,7.7,,,,,1000.5,1.9,14.7,6.3
10/31/12 15:50,1003.3,1.5,16.4,6.7,1000.4,2.21,15.5,9.2,,,,,1000.6,1.99,14.9,5.8
10/31/12 16:50,1003,1.46,16.5,6.4,1000.4,2.08,15.5,7.3,,,,,1000.6,1.8,15,6.1
10/31/12 17:50,1002.7,1.41,16.5,4.5,1000.4,2.25,15.5,7.4,,,,,1000.5,1.74,15,4.8
10/31/12 18:50,1002.6,1.28,16.6,4,1000.2,1.93,15.5,7.4,,,,,1000.5,1.72,15,3.4
10/31/12 19:50,1002.8,1.22,16.6,3.8,1000.5,2.06,15.5,6.2,,,,,1000.4,1.75,15,3.4
10/31/12 20:50,1002.9,1.27,16.5,6.3,1000.6,1.91,15.5,4.8,,,,,1000.6,1.46,15,5.9
10/31/12 21:50,1003.3,1.33,16.5,6.1,1001,1.86,15.5,6.3,,,,,1000.8,1.44,15,6.2
10/31/12 22:50,1003.9,1.17,16.4,7.4,1001.2,1.74,15.5,6.1,,,,,1001.2,1.45,15,7.7
10/31/12 23:50,1004.3,1.35,16.4,6.4,1001.3,1.7,15.4,8.7,,,,,1001.9,1.47,14.9,7.2
11/1/12 0:50,1004.6,1.25,16.3,6.3,1001.6,1.79,15.4,8.5,,,,,1002.1,1.47,14.9,6
11/1/12 1:50,1004.8,1.37,16.1,7.3,1001.8,1.86,15.4,7.9,,,,,1002.2,1.47,15,6.8
11/1/12 2:50,1004.9,1.31,16.2,8.4,1001.9,1.76,15.4,9.1,,,,,1002.1,1.31,15,7.3
11/1/12 3:50,1004.8,1.43,16.3,7.2,1002.1,1.84,15.3,7.9,,,,,1002.2,1.38,15,6.8
11/1/12 4:50,1004.9,1.35,16.2,7.5,1001.9,1.77,15.2,7.6,,,,,1002,1.39,14.9,7.5
11/1/12 5:50,1005.1,1.31,16.2,7.6,1001.7,1.8,15.1,6.8,,,,,1001.7,1.31,14.9,7.6
11/1/12 6:50,1005.3,1.26,16.1,7.3,1001.7,1.7,15.2,7.2,,,,,1001.9,1.26,14.9,8.1
11/1/12 7:50,1005.4,1.3,16.1,6.2,1001.6,1.83,15.1,7.1,,,,,1001.7,1.41,14.6,8
11/1/12 8:50,1005.2,1.09,16.1,8.6,1001.6,1.73,15.1,8,,,,,1001.7,1.5,14.7,8.5
11/1/12 9:50,1005.3,1.14,16.1,9.1,1001.8,1.83,15.1,7.4,,,,,1001.7,1.5,14.7,8.8
11/1/12 10:50,1005.5,1.19,16.2,8.3,1001.7,1.72,15.1,8.1,,,,,1001.7,1.5,14.6,9.5
11/1/12 11:50,1006.1,1.15,16.2,6.7,1002,1.84,15.1,8,,,,,1001.9,1.48,14.7,9.3
11/1/12 12:50,1006.4,1.12,16.2,6.9,1002.4,1.96,15.1,7.6,,,,,1002.3,1.4,14.7,8.2
11/1/12 13:50,1006.6,1.12,16.2,6.8,1002.5,1.67,15,8.1,,,,,1002.5,1.4,14.8,8.4
11/1/12 14:50,1006.6,1.07,16.2,7.4,1002.6,1.66,15,7.6,,,,,1002.5,1.41,14.8,7.7
11/1/12 15:50,1006.7,1.16,16.2,7.1,1002.4,1.58,15,7.5,,,,,1002.4,1.25,14.8,7
11/1/12 16:50,1006.2,1,16.2,7.6,1002,1.61,14.9,8,,,,,1001.8,1.34,14.8,8.3
11/1/12 17:50,1005.5,1.02,16.2,7.7,1001.4,1.53,15,7.7,,,,,1001.5,1.2,14.8,7.4
11/1/12 18:50,1005.1,1.07,16.1,6.9,1001.2,1.59,15,9,,,,,1001.3,1.17,14.8,7.7
11/1/12 19:50,1005.1,1.21,16.1,8.3,1001.2,1.65,15,9,,,,,1001.6,1.15,14.7,7.5
11/1/12 20:50,1005.2,1.23,16,9.1,1001.3,1.61,15,8.9,,,,,1001.7,1.28,14.3,7.8
11/1/12 21:50,1005.6,1.19,15.9,8.7,1001.4,1.57,15,9.1,,,,,1001.9,1.25,14.2,8.5
11/1/12 22:50,1006.6,1.43,15.9,8.2,1002.1,1.61,15,8.9,,,,,1002.3,1.27,14.2,8.5
11/1/12 23:50,1006.9,1.37,15.9,8.7,1002.4,1.69,15,8.7,,,,,1002.8,1.21,14.3,8.3
11/2/12 0:50,1006.7,1.24,16,9.8,1002.6,1.6,15,9.1,,,,,1002.9,1.19,14.3,8.9
11/2/12 1:50,1007.1,1.32,16.1,9.9,1002.6,1.58,15,9.2,,,,,1002.8,1.2,14.3,9.6
11/2/12 2:50,1007.3,1.15,16.2,8.7,1002.7,1.62,15,9.2,,,,,1002.9,1.21,14.3,9
11/2/12 3:50,1007.3,1.1,16.2,9.5,1002.7,1.7,15,9.3,,,,,1002.8,1.16,14.3,9.6
11/2/12 4:50,1007.3,1.09,16.2,9.9,1002.6,1.7,15,9.3,,,,,1002.7,1.24,14.4,10.4
11/2/12 5:50,1007.4,1.08,16.2,9.7,1002.5,1.66,15,9.4,,,,,1002.8,1.29,14.4,10.1
11/2/12 6:50,1007.5,1.18,16.1,10.4,1002.6,1.65,15,9.5,,,,,1003,1.28,14.3,9.6
11/2/12 7:50,1007.2,1.2,16.1,10.2,1002.4,1.77,15,9.6,,,,,1002.8,1.27,14.3,10.1
11/2/12 8:50,1007.3,1.29,16.1,10.6,1002.4,1.61,15,10,,,,,1002.8,1.31,14.4,9.5
11/2/12 9:50,1007.3,1.11,16.1,9.9,1002.4,1.57,15,9.3,,,,,1002.8,1.17,14.3,9.9
11/2/12 10:50,1007.5,1.37,16,10.3,1002.5,1.59,14.9,9.2,,,,,1002.7,1.28,14.3,10.2
11/2/12 11:50,1007.6,1.41,16,10.9,1002.7,1.71,14.9,9.2,,,,,1003.1,1.09,14.3,9.8
11/2/12 12:50,1008.2,1.36,16.1,10.4,1003.1,1.51,14.9,9.1,,,,,1003.5,1.12,14,9.5
11/2/12 13:50,1008.6,1.3,16,10,1003.1,1.62,14.9,9.7,,,,,1003.6,1.18,13.9,9.5
11/2/12 14:50,1008.4,1.28,16.1,9.7,1003.2,1.41,14.9,8.8,,,,,1003.7,1.24,13.9,8
11/2/12 15:50,1008.2,1.21,16.1,7.2,1003.1,1.43,14.9,8.2,,,,,1003.7,1.08,14,7.8
11/2/12 16:50,1007.3,1.16,16.1,9.7,1002.8,1.33,15,8.7,,,,,1003.2,0.94,14,8
11/2/12 17:50,1006.9,1.11,16.1,9.8,1002.5,1.3,15,7.6,,,,,1002.8,0.99,14,7.4
11/2/12 18:50,1006.8,1.32,16.1,10.4,1002.4,1.22,15,8.3,,,,,1002.5,1.12,14,11
11/2/12 19:50,1007.1,1.46,16.1,12.1,1002.4,1.31,15,10.6,,,,,1002.9,1.12,14,9.8
11/2/12 20:50,1007.7,1.55,16.1,10.9,1002.9,1.48,15,10.5,,,,,1003.4,1.1,14,10.1
11/2/12 21:50,1008.3,1.51,16.1,11,1003.3,1.5,14.9,10.2,,,,,1004,1.05,14,10
11/2/12 22:50,1009.2,1.53,16.1,12.4,1004,1.57,14.9,10.5,,,,,1004.5,1.12,14,11.7
11/2/12 23:50,1010.2,1.54,16,10.9,1004.2,1.63,14.9,12.8,,,,,1005.3,1.19,14.3,12.2
11/3/12 0:50,1010.7,1.56,16,12.2,1004.8,1.81,14.9,12.7,,,,,1006,1.39,14.5,12.3
11/3/12 1:50,1011,1.51,16,13.7,1005.5,1.89,14.9,12.5,,,,,1006.5,1.32,14.7,12.8
11/3/12 2:50,1011.6,1.7,16,11.3,1005.9,1.75,14.9,11.9,,,,,1006.7,1.4,14.8,12.3
11/3/12 3:50,1011.7,1.52,16,12,1006.1,1.78,14.8,12.6,,,,,1006.8,1.33,14.8,12.9
11/3/12 4:50,1011.8,1.57,16,11.8,1006.3,1.86,14.8,12.8,,,,,1007.2,1.24,14.8,12
11/3/12 5:50,1012,1.59,16,11.9,1006.4,1.74,14.8,12.6,,,,,1007.2,1.19,14.8,12
11/3/12 6:50,1012.3,1.44,16,11.2,1006.7,1.71,14.8,12.2,,,,,1007.4,1.17,14.8,12.1
11/3/12 7:50,1012.3,1.34,16,11.7,1006.7,1.68,14.8,11.8,,,,,1007.5,1.12,14.8,10.9
11/3/12 8:50,1012.4,1.37,15.9,12.6,1006.7,1.64,14.8,12.4,,,,,1007.7,1.11,14.8,10.9
11/3/12 9:50,1012.9,1.44,15.9,12.2,1007.4,1.63,14.8,11.7,,,,,1008.1,1.07,14.8,10.9
11/3/12 10:50,1013.2,1.47,15.9,12.2,1007.8,1.52,14.8,11.1,,,,,1008.5,1.04,14.8,10.8
11/3/12 11:50,1014,1.65,15.9,12,1008.6,1.61,14.8,10.9,,,,,1009,1,14.8,11.7
11/3/12 12:50,1014.5,1.54,15.8,12.2,1009.3,1.47,14.8,10.5,,,,,1009.7,1.07,14.7,11.6
11/3/12 13:50,1014.8,1.54,15.9,12,1009.5,1.35,14.8,10.6,,,,,1010.1,1.15,14.7,11.5
11/3/12 14:50,1014.9,1.67,15.9,11.4,1009.5,1.32,14.8,10.5,,,,,1010.1,1.04,14.7,10.9
11/3/12 15:50,1014.9,1.55,15.8,11,1009.5,1.27,14.8,9.7,,,,,1010.1,1.06,14.7,10.6
11/3/12 16:50,1014.4,1.6,15.8,11.5,1009,1.23,14.8,9.3,,,,,1009.7,1.05,14.7,10.2
11/3/12 17:50,1014.4,1.68,15.8,10.4,1008.8,1.14,14.8,9.4,,,,,1009.3,1.13,14.7,10.9
11/3/12 18:50,1014.7,1.52,15.8,10.6,1008.9,1.2,14.8,8.5,,,,,1009.5,1,14.3,10.7
11/3/12 19:50,1014.9,1.65,15.8,11.8,1009.3,1.1,14.8,10.8,,,,,1010,1.05,14.4,10.6
11/3/12 20:50,1014.9,1.77,15.8,11.8,1009.6,1.25,14.8,10.6,,,,,1010.3,1.04,14.3,11.7
11/3/12 21:50,1015.2,1.65,15.8,11.8,1009.9,1.35,14.8,10.6,,,,,1010.7,1.05,14.2,11.8
11/3/12 22:50,1015.7,1.72,15.7,12.7,1010.5,1.36,14.8,12.1,,,,,1011.3,1.09,14.2,11.7
11/4/12 0:50,1016.6,1.62,15.7,10.8,1011.6,1.51,14.7,11.6,,,,,1012.3,1.35,14.2,13
11/4/12 1:50,1017.1,1.58,15.7,10.8,1011.8,1.43,14.7,11.7,,,,,1012.7,1.3,14.2,11.5
11/4/12 2:50,1017.3,1.4,15.7,10,1012.3,1.57,14.7,10.7,,,,,1013,1.36,14.2,11.8
11/4/12 3:50,1017.3,1.33,15.7,9.9,1012.6,1.45,14.7,11.4,,,,,1013.5,1.08,14.2,11
11/4/12 4:50,1017.5,1.23,15.7,9.3,1013.1,1.44,14.7,10.1,,,,,1013.8,1.14,14.2,10.8
11/4/12 5:50,1017.7,1.16,15.7,8.8,1013,1.41,14.7,10.6,,,,,1013.7,0.99,14.1,10.7
11/4/12 6:50,1017.8,1.1,15.7,8.8,1013.1,1.35,14.6,10,,,,,1013.9,,14.1,9.5
11/4/12 7:50,1017.4,1.16,15.6,8.2,1013,1.31,14.6,9.1,,,,,1013.5,0.81,14.1,10
11/4/12 8:50,1017.4,1.12,15.6,7.7,1013.3,1.22,14.6,9.3,,,,,1013.7,0.87,14.1,9.7
11/4/12 9:50,1017.7,1.1,15.6,8.2,1013.7,1.13,14.6,9.3,,,,,1014.3,0.85,14,9.2
11/4/12 10:50,1018.1,1.08,15.6,7.7,1013.7,1.08,14.6,8.6,,,,,1014.1,0.82,14,8.9
11/4/12 11:50,1018.5,1.08,15.5,6.3,1014,1.09,14.6,8.5,,,,,1014.7,0.75,14,8.3
11/4/12 12:50,1018.9,1.07,15.5,7.3,1014.6,0.95,14.6,7.5,,,,,1015,0.69,14,7.9
11/4/12 13:50,1019.1,0.98,15.5,5.8,1014.7,0.95,14.5,6.9,,,,,1015.2,0.67,14,7.5
11/4/12 14:50,1018.9,0.93,15.5,5.9,1014.4,0.79,14.6,6.2,,,,,1014.9,0.61,14.1,6.7
11/4/12 15:50,1018.7,0.91,15.6,5.1,1014.1,0.7,14.6,5.9,,,,,1014.5,0.53,14.1,6.3
11/4/12 16:50,1017.8,0.84,15.6,4,1013.7,0.64,14.6,4.7,,,,,1014.1,0.49,14.1,5.9
11/4/12 17:50,1017.3,0.69,15.6,4.4,1013.2,0.61,14.6,5.9,,,,,1013.6,0.45,14.2,6.4
11/4/12 18:50,1016.8,0.68,15.7,4.7,1013.2,0.59,14.7,6.7,,,,,1013.4,0.42,14.2,6.4
11/4/12 19:50,1016.4,0.63,15.6,6.5,1013,0.65,14.7,7.3,,,,,1013.2,0.45,14.2,7.1
11/4/12 20:50,1016.8,0.69,15.6,7.3,1013,0.7,14.7,7.1,,,,,1013.3,0.55,14.1,8.4
11/4/12 21:50,1016.8,0.83,15.6,8.6,1013,0.69,14.6,7.8,,,,,1013.5,0.67,14.1,8
11/4/12 22:50,1017.2,1.07,15.5,8.7,1013.2,0.79,14.6,8.9,,,,,1013.9,0.64,14,8
11/4/12 23:50,1017.6,1.07,15.5,8.6,1013.5,0.92,14.6,8.4,,,,,1014.3,0.6,14,8.2
11/5/12 0:50,1017.9,1.02,15.5,6.8,1013.7,0.96,14.6,8.1,,,,,1014.3,0.65,14,8.2
11/5/12 1:50,1017.7,0.81,15.4,7.4,1014,0.9,14.6,6.9,,,,,1014.4,0.62,14,8.2
11/5/12 2:50,1017.6,0.85,15.4,6.8,1014,0.8,14.6,9.1,,,,,1014.5,0.58,14,7.6
11/5/12 3:50,1017.3,0.84,15.4,5.9,1014,0.87,14.6,8.4,,,,,1014.5,0.6,14,6.1
11/5/12 4:50,1017.1,0.62,15.4,5.7,1014,1.2,14.6,8.1,,,,,1014.5,0.55,14,7
11/5/12 5:50,1017.3,0.66,15.4,5.7,1014.2,1.09,14.6,7.2,,,,,1014.7,0.59,14,7
11/5/12 6:50,1016.8,0.71,15.4,6.1,1014.3,0.95,14.5,7.7,,,,,1014.8,0.59,14,6.6
11/5/12 7:50,1016.3,0.7,15.4,6.9,1013.8,0.96,14.6,7.7,,,,,1014.4,0.59,14,6.8
11/5/12 8:50,1016.4,0.74,15.4,6.1,1013.8,0.83,14.5,8,,,,,1014.5,0.63,14,6.5
11/5/12 9:50,1016.6,0.75,15.4,6.5,1014.2,0.78,14.5,7.3,,,,,1014.6,0.54,14,6.8
11/5/12 10:50,1017.2,0.84,15.3,5.7,1014.7,0.81,14.5,8.7,,,,,1015.3,0.58,14,6.9
11/5/12 11:50,1017.5,0.93,15.3,7.4,1015.3,0.87,14.5,9.1,,,,,1015.8,0.65,14,6.9
11/5/12 12:50,1018.4,0.92,15.3,6.9,1015.9,1.02,14.5,9.1,,,,,1016.5,0.61,14,7.5
11/5/12 13:50,1018.5,1,15.3,7.3,1016.1,1,14.5,8.5,,,,,1016.9,0.7,14,7.5
11/5/12 14:50,1018.6,1.08,15.3,6.9,1016.1,1.08,14.4,8.4,,,,,1016.9,,13.9,7.3
11/5/12 15:50,1018.9,1.19,15.2,7.7,1016.4,0.91,14.4,6.6,,,,,1016.8,0.68,14,7.2
11/5/12 16:50,1018.8,1.17,15.2,7.7,1016,0.8,14.4,7.3,,,,,1016.6,0.63,14,6.7
11/5/12 17:50,1018.2,1.24,15.2,8.5,1015.8,0.79,14.4,6.5,,,,,1016.2,0.53,14,7.3
11/5/12 18:50,1018.1,1.18,15.1,8.1,1015.4,0.76,14.4,7,,,,,1015.7,0.58,14,6.7
11/5/12 19:50,1018.2,1.23,15,8.5,1015.7,0.71,14.4,6.3,,,,,1016,0.52,14,6.1
11/5/12 20:50,1018.7,1.22,14.7,7.9,1016.3,0.68,14.4,6.5,,,,,1016.5,0.5,14,7.1
11/5/12 21:50,1018.9,1.26,14.6,8.5,1016.8,0.64,14.5,6.3,,,,,1017.2,0.51,14,5.1
11/5/12 22:50,1019.7,1.15,14.5,8.6,1017.9,0.71,14.5,7,,,,,1017.9,0.52,14,7.7
11/5/12 23:50,1020.6,1.14,14.5,6.5,1018.5,0.77,14.5,7.6,,,,,1018.8,0.63,13.9,8.7