time,GI Salinity,GI Temperature,GI Pressure,GI Density,CP04 Salinity,CP04 Temperature,CP04 Pressure,CP04 Density,GI DenCS,GI DenCT,CP04 DenCS,CP04 DenCT,GI MeanS,GI MeanT,CP04 MeanS,CP04 MeanT
2018-01-01,34.87,4.20,39.03,1027.85,34.38,11.70,7.17,1026.20,1027.83,1027.72,1026.05,1025.36,34.86,5.27,34.19,15.75
2018-01-02,34.87,4.10,38.55,1027.85,34.09,10.87,7.22,1026.12,1027.84,1027.72,1026.20,1025.13,34.86,5.27,34.19,15.75
2018-01-03,34.87,4.17,38.27,1027.85,33.73,10.17,7.31,1025.97,1027.83,1027.72,1026.32,1024.86,34.86,5.27,34.19,15.75
2018-01-04,34.87,4.19,37.39,1027.84,34.05,10.80,6.72,1026.10,1027.83,1027.72,1026.21,1025.10,34.86,5.27,34.19,15.75
2018-01-05,34.87,4.13,37.55,1027.85,34.20,11.28,6.81,1026.14,1027.83,1027.72,1026.12,1025.22,34.86,5.27,34.19,15.75
2018-01-06,34.88,4.19,38.18,1027.85,33.87,10.56,7.06,1026.01,1027.83,1027.72,1026.25,1024.97,34.86,5.27,34.19,15.75
2018-01-07,34.87,4.31,38.01,1027.83,33.85,10.16,7.32,1026.07,1027.82,1027.72,1026.32,1024.95,34.86,5.27,34.19,15.75
2018-01-08,34.88,4.73,38.75,1027.80,34.31,10.61,7.24,1026.34,1027.77,1027.73,1026.24,1025.31,34.86,5.27,34.19,15.75
2018-01-09,34.89,4.66,37.74,1027.80,34.96,12.04,7.14,1026.59,1027.78,1027.73,1025.98,1025.81,34.86,5.27,34.19,15.75
2018-01-10,34.89,4.66,37.77,1027.80,34.91,11.77,7.36,1026.60,1027.78,1027.73,1026.03,1025.77,34.86,5.27,34.19,15.75
2018-01-11,34.89,4.63,37.67,1027.81,34.93,11.84,7.41,1026.60,1027.78,1027.73,1026.02,1025.78,34.86,5.27,34.19,15.75
2018-01-12,34.89,4.59,37.44,1027.81,34.89,11.74,7.26,1026.59,1027.78,1027.73,1026.04,1025.75,34.86,5.27,34.19,15.75
2018-01-13,34.89,4.49,37.66,1027.82,35.04,12.22,7.08,1026.61,1027.79,1027.73,1025.95,1025.86,34.86,5.27,34.19,15.75
2018-01-14,34.90,4.41,38.73,1027.84,34.97,11.92,7.33,1026.62,1027.81,1027.74,1026.01,1025.81,34.86,5.27,34.19,15.75
2018-01-15,34.89,4.23,39.46,1027.86,34.97,11.73,7.32,1026.65,1027.83,1027.74,1026.04,1025.81,34.86,5.27,34.19,15.75
2018-01-16,34.90,4.18,37.77,1027.86,35.09,12.25,7.35,1026.64,1027.83,1027.74,1025.94,1025.90,34.86,5.27,34.19,15.75
2018-01-17,34.90,4.10,40.03,1027.88,35.18,12.71,7.27,1026.63,1027.85,1027.75,1025.85,1025.98,34.86,5.27,34.19,15.75
2018-01-18,34.89,3.96,43.70,1027.91,34.61,11.29,7.18,1026.44,1027.88,1027.76,1026.12,1025.53,34.86,5.27,34.19,15.75
2018-01-19,34.89,3.96,41.59,1027.90,33.15,7.75,7.18,1025.89,1027.87,1027.75,1026.70,1024.41,34.86,5.27,34.19,15.75
2018-01-20,34.89,3.99,38.62,1027.88,33.03,7.42,7.15,1025.84,1027.85,1027.74,1026.75,1024.32,34.86,5.27,34.19,15.75
2018-01-21,34.90,4.09,38.29,1027.87,33.32,8.12,7.26,1025.97,1027.84,1027.74,1026.65,1024.54,34.86,5.27,34.19,15.75
2018-01-22,34.90,4.19,40.00,1027.87,33.35,8.44,7.33,1025.95,1027.84,1027.75,1026.60,1024.57,34.86,5.27,34.19,15.75
2018-01-23,34.88,3.87,38.11,1027.89,33.94,9.61,7.18,1026.22,1027.86,1027.73,1026.41,1025.02,34.86,5.27,34.19,15.75
2018-01-24,34.88,3.82,37.29,1027.88,33.98,9.72,7.08,1026.23,1027.87,1027.72,1026.40,1025.05,34.86,5.27,34.19,15.75
2018-01-25,34.88,3.80,37.17,1027.88,33.67,8.84,7.24,1026.14,1027.87,1027.72,1026.54,1024.81,34.86,5.27,34.19,15.75
2018-01-26,34.89,4.03,37.33,1027.87,33.74,8.96,7.40,1026.17,1027.84,1027.73,1026.52,1024.87,34.86,5.27,34.19,15.75
2018-01-27,34.89,4.02,37.26,1027.87,33.99,9.27,7.43,1026.32,1027.84,1027.73,1026.47,1025.06,34.86,5.27,34.19,15.75
2018-01-28,34.89,3.96,37.23,1027.88,33.92,9.29,7.31,1026.26,1027.85,1027.73,1026.47,1025.00,34.86,5.27,34.19,15.75
2018-01-29,34.90,3.98,37.20,1027.88,34.18,9.81,7.21,1026.38,1027.85,1027.73,1026.38,1025.21,34.86,5.27,34.19,15.75
2018-01-30,34.89,3.98,37.47,1027.88,34.38,10.27,6.99,1026.46,1027.85,1027.73,1026.30,1025.36,34.86,5.27,34.19,15.75
2018-01-31,34.89,3.95,37.54,1027.88,34.36,10.29,7.23,1026.44,1027.85,1027.73,1026.30,1025.34,34.86,5.27,34.19,15.75
2018-02-01,34.89,4.12,37.56,1027.87,34.41,10.52,7.10,1026.43,1027.83,1027.73,1026.26,1025.38,34.86,5.27,34.19,15.75
2018-02-02,34.90,4.63,38.30,1027.82,34.33,10.37,7.05,1026.40,1027.78,1027.74,1026.29,1025.32,34.86,5.27,34.19,15.75
2018-02-03,34.91,4.56,37.59,1027.83,34.12,9.74,7.25,1026.35,1027.79,1027.75,1026.39,1025.16,34.86,5.27,34.19,15.75
2018-02-04,34.91,4.57,37.53,1027.83,33.88,9.00,7.29,1026.28,1027.79,1027.74,1026.51,1024.98,34.86,5.27,34.19,15.75
2018-02-05,34.90,4.43,38.08,1027.84,33.73,8.67,7.06,1026.21,1027.80,1027.74,1026.57,1024.86,34.86,5.27,34.19,15.75
2018-02-06,34.89,4.01,37.72,1027.88,34.94,11.70,7.34,1026.63,1027.85,1027.73,1026.05,1025.79,34.86,5.27,34.19,15.75
2018-02-07,34.89,3.88,37.11,1027.89,34.35,10.09,7.32,1026.46,1027.86,1027.73,1026.34,1025.34,34.86,5.27,34.19,15.75
2018-02-08,34.89,3.87,36.88,1027.89,34.06,9.44,7.16,1026.35,1027.86,1027.73,1026.44,1025.12,34.86,5.27,34.19,15.75
2018-02-09,34.90,3.99,37.04,1027.88,33.86,8.79,7.39,1026.29,1027.85,1027.74,1026.55,1024.96,34.86,5.27,34.19,15.75
2018-02-10,34.91,4.18,37.49,1027.87,33.60,8.28,7.36,1026.17,1027.83,1027.75,1026.63,1024.76,34.86,5.27,34.19,15.75
2018-02-11,34.91,4.06,38.39,1027.89,33.81,8.98,7.21,1026.22,1027.85,1027.75,1026.52,1024.92,34.86,5.27,34.19,15.75
2018-02-12,34.90,3.86,37.69,1027.90,34.06,9.67,7.20,1026.31,1027.86,1027.74,1026.41,1025.11,34.86,5.27,34.19,15.75
2018-02-13,34.90,3.81,37.19,1027.90,33.58,8.38,7.40,1026.14,1027.87,1027.74,1026.61,1024.75,34.86,5.27,34.19,15.75
2018-02-14,34.90,3.98,38.89,1027.90,33.81,8.83,7.37,1026.25,1027.86,1027.75,1026.54,1024.92,34.86,5.27,34.19,15.75
2018-02-15,34.90,3.88,43.90,1027.93,33.52,8.13,7.20,1026.13,1027.89,1027.77,1026.65,1024.70,34.86,5.27,34.19,15.75
2018-02-16,34.91,3.81,41.10,1027.92,33.35,7.71,7.11,1026.06,1027.88,1027.76,1026.71,1024.57,34.86,5.27,34.19,15.75
2018-02-17,34.91,4.17,38.85,1027.88,33.57,8.24,7.24,1026.15,1027.84,1027.75,1026.63,1024.73,34.86,5.27,34.19,15.75
2018-02-18,34.90,4.17,40.30,1027.88,33.59,8.30,7.13,1026.15,1027.84,1027.75,1026.62,1024.75,34.86,5.27,34.19,15.75
2018-02-19,34.90,4.18,46.06,1027.90,33.40,7.81,7.40,1026.08,1027.87,1027.78,1026.70,1024.60,34.86,5.27,34.19,15.75
2018-02-20,34.91,4.17,53.06,1027.95,33.35,7.83,7.35,1026.04,1027.90,1027.82,1026.69,1024.57,34.86,5.27,34.19,15.75
2018-02-21,34.91,4.05,43.80,1027.92,33.29,7.94,7.34,1025.97,1027.87,1027.78,1026.68,1024.52,34.86,5.27,34.19,15.75
2018-02-22,34.91,4.13,39.88,1027.89,33.48,8.46,7.32,1026.05,1027.84,1027.76,1026.60,1024.67,34.86,5.27,34.19,15.75
2018-02-23,34.90,4.27,40.35,1027.86,33.19,7.37,7.35,1025.98,1027.83,1027.75,1026.76,1024.44,34.86,5.27,34.19,15.75
2018-02-24,34.91,4.11,49.47,1027.93,33.12,7.16,7.27,1025.95,1027.89,1027.80,1026.79,1024.39,34.86,5.27,34.19,15.75
2018-02-25,34.91,3.98,52.34,1027.96,33.71,8.65,7.19,1026.18,1027.92,1027.81,1026.57,1024.84,34.86,5.27,34.19,15.75
2018-02-26,34.91,3.97,43.75,1027.92,35.18,12.61,7.26,1026.64,1027.88,1027.77,1025.87,1025.97,34.86,5.27,34.19,15.75
2018-02-27,34.91,3.98,43.30,1027.92,35.66,13.99,7.32,1026.73,1027.88,1027.77,1025.59,1026.34,34.86,5.27,34.19,15.75
2018-02-28,34.91,3.93,37.83,1027.90,35.49,13.57,7.25,1026.69,1027.86,1027.74,1025.68,1026.21,34.86,5.27,34.19,15.75
2018-03-01,34.91,3.94,38.42,1027.90,34.63,11.08,7.18,1026.46,1027.86,1027.75,1026.16,1025.55,34.86,5.27,34.19,15.75
2018-03-02,34.91,3.93,38.01,1027.90,33.67,8.40,6.84,1026.20,1027.86,1027.75,1026.61,1024.81,34.86,5.27,34.19,15.75
2018-03-03,34.91,4.05,37.10,1027.89,35.42,13.25,6.82,1026.70,1027.84,1027.75,1025.74,1026.16,34.86,5.27,34.19,15.75
2018-03-04,34.91,4.02,37.03,1027.89,35.57,13.61,7.08,1026.75,1027.84,1027.75,1025.67,1026.28,34.86,5.27,34.19,15.75
2018-03-05,34.90,3.69,37.00,1027.92,35.73,14.04,7.03,1026.78,1027.88,1027.74,1025.58,1026.40,34.86,5.27,34.19,15.75
2018-03-06,34.90,3.78,37.15,1027.91,35.69,13.88,7.24,1026.78,1027.87,1027.74,1025.62,1026.36,34.86,5.27,34.19,15.75
2018-03-07,34.90,3.98,37.06,1027.89,35.45,13.11,7.20,1026.75,1027.85,1027.74,1025.77,1026.18,34.86,5.27,34.19,15.75
2018-03-08,34.91,3.90,36.97,1027.90,35.45,13.08,7.08,1026.76,1027.86,1027.74,1025.78,1026.18,34.86,5.27,34.19,15.75
2018-03-09,34.90,4.11,37.33,1027.87,35.32,12.55,7.08,1026.77,1027.83,1027.74,1025.88,1026.08,34.86,5.27,34.19,15.75
2018-03-10,34.86,4.43,37.27,1027.80,34.92,11.12,7.11,1026.73,1027.80,1027.70,1026.15,1025.78,34.86,5.27,34.19,15.75
2018-03-11,34.85,4.41,36.88,1027.80,34.67,10.28,7.21,1026.68,1027.80,1027.70,1026.30,1025.58,34.86,5.27,34.19,15.75
2018-03-12,34.87,4.42,37.02,1027.81,34.68,10.36,7.18,1026.66,1027.80,1027.71,1026.29,1025.59,34.86,5.27,34.19,15.75
2018-03-13,34.87,4.42,36.89,1027.81,35.38,12.92,6.66,1026.74,1027.80,1027.71,1025.81,1026.13,34.86,5.27,34.19,15.75
2018-03-14,34.87,4.42,37.20,1027.81,35.28,12.46,6.90,1026.76,1027.80,1027.72,1025.90,1026.05,34.86,5.27,34.19,15.75
2018-03-15,34.88,4.24,38.27,1027.85,34.96,11.21,6.83,1026.74,1027.82,1027.73,1026.14,1025.80,34.86,5.27,34.19,15.75
2018-03-16,34.90,4.05,37.94,1027.88,34.49,9.57,6.95,1026.66,1027.84,1027.74,1026.42,1025.44,34.86,5.27,34.19,15.75
2018-03-17,34.90,3.75,37.01,1027.90,33.90,7.79,6.99,1026.47,1027.87,1027.73,1026.70,1024.99,34.86,5.27,34.19,15.75
2018-03-18,34.89,3.56,37.49,1027.92,33.85,7.61,7.09,1026.46,1027.89,1027.73,1026.72,1024.95,34.86,5.27,34.19,15.75
2018-03-19,34.90,3.84,41.47,1027.92,33.84,7.50,7.19,1026.47,1027.88,1027.76,1026.74,1024.94,34.86,5.27,34.19,15.75
2018-03-20,34.86,4.24,45.48,1027.86,34.05,7.89,7.17,1026.58,1027.86,1027.74,1026.68,1025.10,34.86,5.27,34.19,15.75
2018-03-21,34.83,4.31,39.73,1027.81,34.13,8.13,6.85,1026.61,1027.82,1027.69,1026.65,1025.17,34.86,5.27,34.19,15.75
2018-03-22,34.87,3.79,38.05,1027.88,34.09,8.20,6.94,1026.56,1027.87,1027.72,1026.64,1025.13,34.86,5.27,34.19,15.75
2018-03-23,34.87,3.65,38.16,1027.90,34.07,8.30,7.20,1026.53,1027.89,1027.72,1026.62,1025.12,34.86,5.27,34.19,15.75
2018-03-24,34.88,3.77,37.11,1027.89,33.84,7.79,7.23,1026.43,1027.87,1027.72,1026.70,1024.95,34.86,5.27,34.19,15.75
2018-03-25,34.89,3.88,36.83,1027.88,34.09,8.59,7.24,1026.50,1027.86,1027.72,1026.58,1025.13,34.86,5.27,34.19,15.75
2018-03-26,34.89,3.92,36.92,1027.88,34.96,11.19,7.26,1026.74,1027.85,1027.73,1026.14,1025.81,34.86,5.27,34.19,15.75
2018-03-27,34.89,4.03,37.02,1027.87,35.55,12.89,7.33,1026.88,1027.84,1027.73,1025.82,1026.26,34.86,5.27,34.19,15.75
2018-03-28,34.89,4.01,37.47,1027.88,35.56,12.99,7.28,1026.87,1027.85,1027.73,1025.80,1026.27,34.86,5.27,34.19,15.75
2018-03-29,34.90,3.86,37.28,1027.90,35.22,12.00,7.28,1026.80,1027.86,1027.74,1025.99,1026.01,34.86,5.27,34.19,15.75
2018-03-30,34.90,3.77,37.27,1027.90,35.04,11.57,7.10,1026.74,1027.87,1027.74,1026.07,1025.87,34.86,5.27,34.19,15.75
2018-03-31,34.91,4.04,37.26,1027.89,34.54,10.20,7.24,1026.59,1027.84,1027.74,1026.32,1025.48,34.86,5.27,34.19,15.75
2018-04-01,34.90,3.94,38.79,1027.89,34.51,10.11,7.21,1026.58,1027.86,1027.74,1026.33,1025.46,34.86,5.27,34.19,15.75
2018-04-02,34.90,4.04,42.43,1027.90,35.17,11.92,7.19,1026.77,1027.87,1027.76,1026.01,1025.97,34.86,5.27,34.19,15.75
2018-04-03,34.90,4.11,39.87,1027.88,35.46,12.77,7.25,1026.83,1027.85,1027.75,1025.84,1026.19,34.86,5.27,34.19,15.75
2018-04-04,34.89,4.11,39.28,1027.87,35.34,12.79,7.01,1026.74,1027.84,1027.74,1025.84,1026.10,34.86,5.27,34.19,15.75
2018-04-05,34.90,4.08,39.44,1027.88,34.82,11.04,7.04,1026.66,1027.85,1027.75,1026.17,1025.70,34.86,5.27,34.19,15.75
2018-04-06,34.90,4.09,38.78,1027.88,34.71,10.58,7.13,1026.66,1027.84,1027.74,1026.25,1025.62,34.86,5.27,34.19,15.75
2018-04-07,34.90,4.00,37.35,1027.88,,,,,1027.85,1027.74,,,34.86,5.27,34.19,15.75
2018-04-08,34.90,3.91,37.65,1027.89,,,,,1027.86,1027.74,,,34.86,5.27,34.19,15.75
2018-04-09,34.90,3.94,37.75,1027.89,34.96,11.17,7.29,1026.75,1027.85,1027.74,1026.14,1025.81,34.86,5.27,34.19,15.75
2018-04-10,34.90,3.92,37.32,1027.89,35.13,11.69,7.32,1026.78,1027.85,1027.74,1026.05,1025.93,34.86,5.27,34.19,15.75
2018-04-11,34.90,3.91,37.46,1027.89,35.23,11.89,7.29,1026.83,1027.86,1027.73,1026.01,1026.02,34.86,5.27,34.19,15.75
2018-04-12,34.90,3.86,37.43,1027.90,35.24,11.95,7.25,1026.82,1027.86,1027.74,1026.00,1026.02,34.86,5.27,34.19,15.75
2018-04-13,34.90,3.81,37.14,1027.90,35.10,11.61,7.09,1026.78,1027.86,1027.73,1026.06,1025.91,34.86,5.27,34.19,15.75
2018-04-14,34.90,3.79,36.87,1027.90,35.00,11.49,7.14,1026.72,1027.87,1027.73,1026.08,1025.84,34.86,5.27,34.19,15.75
2018-04-15,34.90,3.79,36.83,1027.90,35.00,11.37,7.14,1026.74,1027.87,1027.73,1026.11,1025.83,34.86,5.27,34.19,15.75
2018-04-16,34.89,3.83,37.17,1027.89,34.93,11.20,7.08,1026.72,1027.86,1027.73,1026.14,1025.78,34.86,5.27,34.19,15.75
2018-04-17,34.89,3.80,37.73,1027.90,35.02,11.87,7.02,1026.67,1027.87,1027.73,1026.01,1025.85,34.86,5.27,34.19,15.75
2018-04-18,34.89,3.78,37.51,1027.90,34.63,10.47,7.03,1026.61,1027.87,1027.73,1026.27,1025.55,34.86,5.27,34.19,15.75
2018-04-19,34.89,3.83,36.75,1027.89,34.26,9.53,7.12,1026.49,1027.86,1027.72,1026.43,1025.26,34.86,5.27,34.19,15.75
2018-04-20,34.88,3.84,36.72,1027.88,34.42,9.87,7.14,1026.55,1027.86,1027.72,1026.37,1025.39,34.86,5.27,34.19,15.75
2018-04-21,34.89,3.84,36.72,1027.88,34.19,9.33,7.30,1026.46,1027.86,1027.72,1026.46,1025.21,34.86,5.27,34.19,15.75
2018-04-22,34.88,3.88,36.87,1027.88,34.14,9.30,7.36,1026.43,1027.86,1027.72,1026.47,1025.18,34.86,5.27,34.19,15.75
2018-04-23,34.88,3.89,36.99,1027.87,34.36,10.34,7.43,1026.42,1027.86,1027.72,1026.29,1025.35,34.86,5.27,34.19,15.75
2018-04-24,34.87,3.90,36.93,1027.87,35.45,14.89,7.41,1026.33,1027.86,1027.72,1025.40,1026.19,34.86,5.27,34.19,15.75
2018-04-25,34.87,3.93,36.84,1027.86,36.00,17.53,7.14,1026.19,1027.85,1027.71,1024.80,1026.61,34.86,5.27,34.19,15.75
2018-04-26,34.86,3.93,36.81,1027.85,36.05,17.76,7.06,1026.17,1027.85,1027.70,1024.74,1026.64,34.86,5.27,34.19,15.75
2018-04-27,34.86,3.93,36.84,1027.85,35.94,17.19,7.15,1026.23,1027.85,1027.70,1024.88,1026.56,34.86,5.27,34.19,15.75
2018-04-28,34.86,3.99,36.80,1027.85,35.93,17.29,7.17,1026.20,1027.84,1027.70,1024.85,1026.55,34.86,5.27,34.19,15.75
2018-04-29,34.86,4.02,36.86,1027.85,36.01,17.93,7.20,1026.10,1027.84,1027.70,1024.70,1026.61,34.86,5.27,34.19,15.75
2018-04-30,34.87,4.00,37.07,1027.86,35.69,16.49,7.14,1026.20,1027.85,1027.71,1025.04,1026.37,34.86,5.27,34.19,15.75
2018-05-01,34.88,3.91,37.02,1027.88,35.39,14.99,7.21,1026.31,1027.85,1027.72,1025.38,1026.14,34.86,5.27,34.19,15.75
2018-05-02,34.89,3.94,36.95,1027.88,35.38,14.86,7.22,1026.33,1027.85,1027.73,1025.41,1026.13,34.86,5.27,34.19,15.75
2018-05-03,34.89,4.13,36.92,1027.86,35.43,15.24,7.17,1026.29,1027.83,1027.73,1025.33,1026.17,34.86,5.27,34.19,15.75
2018-05-04,34.90,4.15,36.86,1027.86,34.84,13.69,7.15,1026.16,1027.83,1027.73,1025.65,1025.71,34.86,5.27,34.19,15.75
2018-05-05,34.90,4.20,36.66,1027.86,34.16,11.67,7.17,1026.01,1027.82,1027.73,1026.05,1025.19,34.86,5.27,34.19,15.75
2018-05-06,34.90,4.23,36.75,1027.86,33.81,10.71,7.24,1025.91,1027.82,1027.74,1026.23,1024.92,34.86,5.27,34.19,15.75
2018-05-07,34.90,4.25,36.74,1027.86,33.29,9.86,7.21,1025.68,1027.82,1027.74,1026.37,1024.52,34.86,5.27,34.19,15.75
2018-05-08,34.90,4.22,36.78,1027.86,33.41,10.07,7.28,1025.73,1027.82,1027.74,1026.34,1024.61,34.86,5.27,34.19,15.75
2018-05-09,34.91,4.39,36.82,1027.84,34.05,11.79,7.26,1025.92,1027.80,1027.74,1026.03,1025.10,34.86,5.27,34.19,15.75
2018-05-10,34.91,4.70,36.84,1027.81,34.32,12.61,7.23,1025.98,1027.77,1027.75,1025.87,1025.32,34.86,5.27,34.19,15.75
2018-05-11,34.91,4.68,36.91,1027.82,34.38,12.91,7.22,1025.97,1027.77,1027.74,1025.81,1025.36,34.86,5.27,34.19,15.75
2018-05-12,34.90,4.39,37.12,1027.84,34.39,13.29,7.28,1025.90,1027.80,1027.74,1025.74,1025.36,34.86,5.27,34.19,15.75
2018-05-13,34.88,3.98,37.93,1027.87,34.32,13.02,7.25,1025.89,1027.85,1027.72,1025.79,1025.31,34.86,5.27,34.19,15.75
2018-05-14,34.88,3.94,37.91,1027.88,34.24,12.62,7.25,1025.91,1027.86,1027.73,1025.87,1025.25,34.86,5.27,34.19,15.75
2018-05-15,34.88,4.02,39.08,1027.87,34.16,12.69,7.22,1025.84,1027.85,1027.73,1025.86,1025.19,34.86,5.27,34.19,15.75
2018-05-16,34.88,4.24,39.79,1027.85,34.27,13.44,7.26,1025.78,1027.83,1027.73,1025.71,1025.28,34.86,5.27,34.19,15.75
2018-05-17,34.90,4.58,40.39,1027.83,33.85,12.80,7.26,1025.58,1027.80,1027.75,1025.84,1024.95,34.86,5.27,34.19,15.75
2018-05-18,34.91,4.80,38.42,1027.81,33.57,12.32,7.24,1025.45,1027.76,1027.75,1025.93,1024.73,34.86,5.27,34.19,15.75
2018-05-19,34.90,4.72,37.83,1027.81,33.97,12.34,7.29,1025.76,1027.77,1027.74,1025.93,1025.05,34.86,5.27,34.19,15.75
2018-05-20,34.89,4.47,38.08,1027.83,34.42,14.14,7.21,1025.74,1027.80,1027.73,1025.56,1025.39,34.86,5.27,34.19,15.75
2018-05-21,34.90,4.90,37.19,1027.78,34.29,13.87,7.27,1025.70,1027.75,1027.74,1025.62,1025.29,34.86,5.27,34.19,15.75
2018-05-22,34.90,4.93,36.67,1027.77,33.98,12.95,7.32,1025.65,1027.74,1027.73,1025.81,1025.05,34.86,5.27,34.19,15.75
2018-05-23,34.90,4.91,36.91,1027.78,33.78,12.60,7.23,1025.56,1027.74,1027.74,1025.88,1024.90,34.86,5.27,34.19,15.75
2018-05-24,34.90,4.74,37.22,1027.80,33.68,12.66,7.27,1025.47,1027.76,1027.74,1025.86,1024.82,34.86,5.27,34.19,15.75
2018-05-25,34.89,4.54,36.87,1027.82,33.73,13.63,7.25,1025.32,1027.79,1027.73,1025.67,1024.86,34.86,5.27,34.19,15.75
2018-05-26,34.90,4.85,36.80,1027.78,33.72,13.97,7.17,1025.24,1027.75,1027.73,1025.60,1024.85,34.86,5.27,34.19,15.75
2018-05-27,34.90,4.71,36.83,1027.80,33.73,14.30,7.23,1025.18,1027.77,1027.73,1025.53,1024.86,34.86,5.27,34.19,15.75
2018-05-28,34.89,4.48,37.98,1027.83,33.61,14.18,7.22,1025.11,1027.80,1027.73,1025.55,1024.76,34.86,5.27,34.19,15.75
2018-05-29,34.89,4.45,38.95,1027.83,33.62,14.46,7.26,1025.06,1027.80,1027.74,1025.49,1024.77,34.86,5.27,34.19,15.75
2018-05-30,34.90,4.75,37.95,1027.80,33.62,14.79,7.29,1024.98,1027.77,1027.74,1025.42,1024.77,34.86,5.27,34.19,15.75
2018-05-31,34.89,4.47,37.59,1027.82,33.62,15.55,7.27,1024.82,1027.80,1027.73,1025.26,1024.77,34.86,5.27,34.19,15.75
2018-06-01,34.89,4.76,37.15,1027.79,33.70,16.25,7.21,1024.73,1027.76,1027.73,1025.10,1024.84,34.86,5.27,34.19,15.75
2018-06-02,34.90,4.78,36.79,1027.79,33.82,16.34,7.17,1024.80,1027.76,1027.73,1025.08,1024.93,34.86,5.27,34.19,15.75
2018-06-03,34.89,4.81,38.66,1027.79,34.34,17.15,7.11,1025.01,1027.76,1027.74,1024.89,1025.33,34.86,5.27,34.19,15.75
2018-06-04,34.89,4.86,39.11,1027.79,34.79,17.18,7.04,1025.34,1027.76,1027.74,1024.88,1025.67,34.86,5.27,34.19,15.75
2018-06-05,34.88,4.84,37.46,1027.77,34.66,16.55,7.11,1025.39,1027.75,1027.72,1025.03,1025.57,34.86,5.27,34.19,15.75
2018-06-06,34.85,4.62,36.91,1027.77,34.68,16.74,7.16,1025.36,1027.78,1027.70,1024.98,1025.59,34.86,5.27,34.19,15.75
2018-06-07,34.83,4.57,36.84,1027.76,34.88,17.08,7.29,1025.44,1027.78,1027.68,1024.90,1025.74,34.86,5.27,34.19,15.75
2018-06-08,34.82,4.47,36.81,1027.77,34.87,17.37,7.31,1025.36,1027.79,1027.67,1024.83,1025.73,34.86,5.27,34.19,15.75
2018-06-09,34.83,4.48,36.99,1027.77,34.22,16.30,7.26,1025.11,1027.79,1027.68,1025.09,1025.23,34.86,5.27,34.19,15.75
2018-06-10,34.87,4.69,37.84,1027.78,34.24,16.18,7.28,1025.15,1027.77,1027.71,1025.11,1025.25,34.86,5.27,34.19,15.75
2018-06-11,34.86,4.75,38.86,1027.77,34.37,16.47,7.22,1025.19,1027.77,1027.71,1025.05,1025.35,34.86,5.27,34.19,15.75
2018-06-12,34.87,4.96,38.54,1027.76,34.22,16.29,7.30,1025.12,1027.74,1027.72,1025.09,1025.23,34.86,5.27,34.19,15.75
2018-06-13,34.88,5.03,36.57,1027.74,34.37,16.41,7.23,1025.20,1027.73,1027.71,1025.06,1025.35,34.86,5.27,34.19,15.75
2018-06-14,34.87,5.09,36.28,1027.73,34.27,16.14,7.13,1025.19,1027.72,1027.71,1025.12,1025.27,34.86,5.27,34.19,15.75
2018-06-15,34.86,5.10,36.47,1027.73,33.59,15.57,7.20,1024.80,1027.72,1027.70,1025.25,1024.75,34.86,5.27,34.19,15.75
2018-06-16,34.87,5.07,38.92,1027.75,34.71,17.65,7.26,1025.17,1027.73,1027.72,1024.77,1025.61,34.86,5.27,34.19,15.75
2018-06-17,34.84,4.70,40.48,1027.78,34.67,18.02,7.28,1025.05,1027.78,1027.71,1024.68,1025.58,34.86,5.27,34.19,15.75
2018-06-18,34.86,4.75,36.79,1027.77,34.83,18.42,7.26,1025.07,1027.76,1027.71,1024.58,1025.70,34.86,5.27,34.19,15.75
2018-06-19,34.87,4.54,35.58,1027.79,34.62,18.58,7.10,1024.87,1027.78,1027.70,1024.54,1025.54,34.86,5.27,34.19,15.75
2018-06-20,34.86,4.61,35.47,1027.77,34.75,19.02,7.20,1024.86,1027.77,1027.69,1024.43,1025.64,34.86,5.27,34.19,15.75
2018-06-21,34.84,4.94,35.72,1027.72,34.85,19.51,7.16,1024.81,1027.73,1027.68,1024.30,1025.72,34.86,5.27,34.19,15.75
2018-06-22,34.86,4.82,37.42,1027.76,34.91,19.51,7.20,1024.86,1027.76,1027.70,1024.30,1025.77,34.86,5.27,34.19,15.75
2018-06-23,34.84,4.84,43.30,1027.77,34.98,19.37,7.15,1024.94,1027.78,1027.72,1024.34,1025.82,34.86,5.27,34.19,15.75
2018-06-24,34.85,5.29,42.55,1027.72,34.93,19.53,7.17,1024.87,1027.73,1027.72,1024.30,1025.78,34.86,5.27,34.19,15.75
2018-06-25,34.90,5.89,39.19,1027.67,34.86,19.56,7.19,1024.81,1027.63,1027.75,1024.29,1025.73,34.86,5.27,34.19,15.75
2018-06-26,34.90,6.08,35.97,1027.63,34.63,19.31,7.32,1024.70,1027.59,1027.73,1024.35,1025.55,34.86,5.27,34.19,15.75
2018-06-27,34.89,6.11,35.48,1027.62,34.51,19.19,7.30,1024.64,1027.59,1027.72,1024.38,1025.46,34.86,5.27,34.19,15.75
2018-06-28,34.87,6.18,35.71,1027.59,34.59,19.78,7.17,1024.54,1027.58,1027.70,1024.23,1025.52,34.86,5.27,34.19,15.75
2018-06-29,34.85,6.08,36.10,1027.59,34.75,20.24,7.19,1024.54,1027.60,1027.69,1024.11,1025.64,34.86,5.27,34.19,15.75
2018-06-30,34.85,5.87,37.35,1027.63,34.73,20.45,7.26,1024.48,1027.63,1027.70,1024.05,1025.63,34.86,5.27,34.19,15.75
2018-07-01,34.86,5.58,38.64,1027.68,34.40,19.99,7.27,1024.34,1027.67,1027.71,1024.18,1025.37,34.86,5.27,34.19,15.75
2018-07-02,34.85,6.30,37.74,1027.57,34.05,19.57,7.28,1024.19,1027.58,1027.70,1024.29,1025.11,34.86,5.27,34.19,15.75
2018-07-03,34.85,6.50,37.55,1027.55,33.77,19.21,7.31,1024.07,1027.55,1027.70,1024.38,1024.89,34.86,5.27,34.19,15.75
2018-07-04,34.85,6.47,38.83,1027.55,33.49,18.85,7.33,1023.94,1027.56,1027.71,1024.47,1024.68,34.86,5.27,34.19,15.75
2018-07-05,34.85,6.01,43.20,1027.63,33.51,19.71,7.34,1023.74,1027.64,1027.72,1024.25,1024.69,34.86,5.27,34.19,15.75
2018-07-06,34.85,5.66,45.52,1027.69,33.80,22.13,7.22,1023.30,1027.69,1027.74,1023.59,1024.91,34.86,5.27,34.19,15.75
2018-07-07,34.84,6.17,41.56,1027.60,33.97,22.19,7.23,1023.42,1027.61,1027.71,1023.58,1025.04,34.86,5.27,34.19,15.75
2018-07-08,34.84,6.44,36.98,1027.54,34.22,21.31,7.31,1023.85,1027.55,1027.69,1023.82,1025.24,34.86,5.27,34.19,15.75
2018-07-09,34.82,6.44,35.54,1027.52,34.47,21.37,7.31,1024.03,1027.55,1027.67,1023.81,1025.43,34.86,5.27,34.19,15.75
2018-07-10,34.83,6.52,35.93,1027.52,34.56,21.74,7.23,1023.99,1027.54,1027.67,1023.70,1025.50,34.86,5.27,34.19,15.75
2018-07-11,34.82,6.36,36.98,1027.53,34.41,21.97,7.22,1023.81,1027.56,1027.67,1023.64,1025.38,34.86,5.27,34.19,15.75
2018-07-12,34.85,6.33,36.35,1027.56,34.50,22.11,7.27,1023.84,1027.56,1027.69,1023.60,1025.45,34.86,5.27,34.19,15.75
2018-07-13,34.84,6.67,36.67,1027.51,34.78,22.79,7.33,1023.86,1027.52,1027.68,1023.41,1025.67,34.86,5.27,34.19,15.75
2018-07-14,34.84,6.64,36.35,1027.51,34.86,22.99,7.31,1023.87,1027.52,1027.69,1023.35,1025.73,34.86,5.27,34.19,15.75
2018-07-15,34.84,6.72,35.60,1027.49,34.87,23.16,7.26,1023.82,1027.51,1027.68,1023.30,1025.73,34.86,5.27,34.19,15.75
2018-07-16,34.83,6.88,35.22,1027.47,34.73,23.16,7.25,1023.72,1027.49,1027.68,1023.30,1025.63,34.86,5.27,34.19,15.75
2018-07-17,34.83,6.79,35.04,1027.48,34.58,23.31,7.21,1023.56,1027.50,1027.67,1023.26,1025.51,34.86,5.27,34.19,15.75
2018-07-18,34.82,6.56,35.66,1027.51,34.12,23.17,7.17,1023.25,1027.53,1027.67,1023.30,1025.16,34.86,5.27,34.19,15.75
2018-07-19,34.84,6.74,36.74,1027.50,34.03,23.10,7.26,1023.21,1027.51,1027.69,1023.32,1025.09,34.86,5.27,34.19,15.75
2018-07-20,34.85,6.65,37.58,1027.52,33.80,22.29,7.31,1023.26,1027.53,1027.69,1023.55,1024.91,34.86,5.27,34.19,15.75
2018-07-21,34.86,6.20,39.83,1027.60,33.97,22.83,7.24,1023.24,1027.60,1027.72,1023.40,1025.05,34.86,5.27,34.19,15.75
2018-07-22,34.82,6.67,37.75,1027.50,34.74,23.53,7.18,1023.62,1027.53,1027.68,1023.19,1025.63,34.86,5.27,34.19,15.75
2018-07-23,34.81,7.20,35.36,1027.40,34.59,23.42,7.25,1023.54,1027.44,1027.66,1023.23,1025.52,34.86,5.27,34.19,15.75
2018-07-24,34.84,6.81,35.71,1027.47,34.55,23.43,7.31,1023.50,1027.50,1027.68,1023.22,1025.49,34.86,5.27,34.19,15.75
2018-07-25,34.85,6.72,35.80,1027.50,34.34,23.37,7.26,1023.36,1027.51,1027.69,1023.24,1025.33,34.86,5.27,34.19,15.75
2018-07-26,34.85,6.78,36.13,1027.49,34.37,23.38,7.16,1023.38,1027.50,1027.69,1023.24,1025.35,34.86,5.27,34.19,15.75
2018-07-27,34.84,7.03,35.70,1027.45,33.78,23.01,7.23,1023.04,1027.47,1027.68,1023.35,1024.90,34.86,5.27,34.19,15.75
2018-07-28,34.83,7.24,35.35,1027.42,33.68,23.10,7.24,1022.94,1027.43,1027.67,1023.32,1024.82,34.86,5.27,34.19,15.75
2018-07-29,34.84,6.85,35.19,1027.47,34.18,23.68,7.24,1023.15,1027.49,1027.68,1023.15,1025.21,34.86,5.27,34.19,15.75
2018-07-30,34.88,6.10,35.15,1027.60,34.06,23.63,7.30,1023.07,1027.59,1027.71,1023.17,1025.11,34.86,5.27,34.19,15.75
2018-07-31,34.82,6.75,34.97,1027.47,33.74,23.55,7.28,1022.85,1027.50,1027.66,1023.19,1024.86,34.86,5.27,34.19,15.75
2018-08-01,34.81,7.28,34.88,1027.40,33.76,23.30,7.27,1022.94,1027.43,1027.66,1023.26,1024.88,34.86,5.27,34.19,15.75
2018-08-02,34.81,7.13,34.97,1027.41,33.82,23.76,7.23,1022.86,1027.45,1027.65,1023.13,1024.93,34.86,5.27,34.19,15.75
2018-08-03,34.81,7.31,34.98,1027.39,33.82,23.93,7.29,1022.80,1027.42,1027.66,1023.08,1024.92,34.86,5.27,34.19,15.75
2018-08-04,34.81,7.52,34.96,1027.35,33.76,24.18,7.28,1022.69,1027.39,1027.65,1023.00,1024.88,34.86,5.27,34.19,15.75
2018-08-05,34.80,7.26,34.96,1027.39,33.44,23.73,7.26,1022.57,1027.43,1027.65,1023.14,1024.63,34.86,5.27,34.19,15.75
2018-08-06,34.82,7.34,34.89,1027.38,33.54,24.20,7.29,1022.51,1027.42,1027.66,1023.00,1024.72,34.86,5.27,34.19,15.75
2018-08-07,34.83,7.22,34.88,1027.41,33.63,24.36,7.24,1022.53,1027.43,1027.67,1022.95,1024.78,34.86,5.27,34.19,15.75
2018-08-08,34.82,7.11,34.97,1027.42,33.65,25.07,7.21,1022.33,1027.45,1027.66,1022.74,1024.80,34.86,5.27,34.19,15.75
2018-08-09,34.82,7.28,34.96,1027.38,33.74,25.66,7.16,1022.22,1027.43,1027.66,1022.56,1024.87,34.86,5.27,34.19,15.75
2018-08-10,34.81,7.63,35.09,1027.34,33.90,25.78,7.19,1022.31,1027.38,1027.66,1022.52,1024.99,34.86,5.27,34.19,15.75
2018-08-11,34.81,7.74,35.18,1027.33,33.93,25.63,7.23,1022.37,1027.36,1027.66,1022.57,1025.01,34.86,5.27,34.19,15.75
2018-08-12,34.83,7.52,35.03,1027.38,33.72,25.46,7.25,1022.27,1027.39,1027.67,1022.62,1024.85,34.86,5.27,34.19,15.75
2018-08-13,34.85,7.31,34.91,1027.42,33.81,25.57,7.24,1022.30,1027.42,1027.68,1022.58,1024.92,34.86,5.27,34.19,15.75
2018-08-14,34.84,7.25,34.75,1027.42,33.80,25.33,7.19,1022.37,1027.43,1027.68,1022.66,1024.91,34.86,5.27,34.19,15.75
2018-08-15,34.84,7.37,34.79,1027.40,33.58,25.56,7.14,1022.13,1027.41,1027.68,1022.59,1024.74,34.86,5.27,34.19,15.75
2018-08-16,34.84,7.41,35.00,1027.40,33.48,25.48,7.23,1022.08,1027.41,1027.68,1022.61,1024.67,34.86,5.27,34.19,15.75
2018-08-17,34.83,7.53,35.15,1027.37,33.73,25.48,7.27,1022.27,1027.39,1027.67,1022.61,1024.86,34.86,5.27,34.19,15.75
2018-08-18,34.83,7.30,35.25,1027.40,33.62,25.80,7.20,1022.09,1027.42,1027.67,1022.51,1024.78,34.86,5.27,34.19,15.75
2018-08-19,34.84,7.09,35.26,1027.44,33.73,25.65,7.14,1022.22,1027.46,1027.68,1022.56,1024.86,34.86,5.27,34.19,15.75
2018-08-20,34.85,7.17,35.16,1027.44,33.76,24.80,7.22,1022.50,1027.44,1027.69,1022.82,1024.88,34.86,5.27,34.19,15.75
2018-08-21,34.83,7.53,34.94,1027.37,33.36,23.87,7.22,1022.47,1027.39,1027.67,1023.10,1024.57,34.86,5.27,34.19,15.75
2018-08-22,34.82,7.55,34.84,1027.36,33.42,23.96,7.16,1022.49,1027.39,1027.67,1023.07,1024.62,34.86,5.27,34.19,15.75
2018-08-23,34.83,7.33,34.81,1027.39,33.05,23.35,7.16,1022.39,1027.42,1027.67,1023.25,1024.33,34.86,5.27,34.19,15.75
2018-08-24,34.85,7.31,34.86,1027.41,32.90,22.77,7.31,1022.44,1027.42,1027.68,1023.41,1024.22,34.86,5.27,34.19,15.75
2018-08-25,34.87,6.76,35.03,1027.51,32.88,22.73,7.35,1022.44,1027.50,1027.71,1023.43,1024.21,34.86,5.27,34.19,15.75
2018-08-26,34.83,7.46,35.69,1027.39,32.93,22.81,7.31,1022.45,1027.40,1027.68,1023.40,1024.24,34.86,5.27,34.19,15.75
2018-08-27,34.85,7.34,36.57,1027.42,32.87,22.64,7.25,1022.46,1027.43,1027.69,1023.45,1024.20,34.86,5.27,34.19,15.75
2018-08-28,34.85,7.06,37.06,1027.46,32.84,22.68,7.27,1022.42,1027.47,1027.70,1023.44,1024.17,34.86,5.27,34.19,15.75
2018-08-29,34.75,7.98,37.20,1027.25,32.89,23.25,7.25,1022.30,1027.33,1027.62,1023.28,1024.21,34.86,5.27,34.19,15.75
2018-08-30,34.83,7.27,37.96,1027.42,32.97,23.57,7.23,1022.27,1027.44,1027.68,1023.18,1024.27,34.86,5.27,34.19,15.75
2018-08-31,34.80,7.39,36.03,1027.38,33.22,23.98,7.22,1022.34,1027.42,1027.65,1023.06,1024.47,34.86,5.27,34.19,15.75
2018-09-01,34.82,7.35,35.19,1027.39,33.56,23.85,7.28,1022.63,1027.42,1027.66,1023.10,1024.73,34.86,5.27,34.19,15.75
2018-09-02,34.83,7.32,34.81,1027.40,33.61,23.76,7.33,1022.70,1027.42,1027.67,1023.13,1024.77,34.86,5.27,34.19,15.75
2018-09-03,34.84,7.33,34.74,1027.41,33.55,23.74,7.35,1022.65,1027.42,1027.68,1023.13,1024.72,34.86,5.27,34.19,15.75
2018-09-04,34.84,7.32,34.89,1027.41,33.25,23.48,7.33,1022.51,1027.42,1027.68,1023.21,1024.49,34.86,5.27,34.19,15.75
2018-09-05,34.79,7.23,35.37,1027.39,33.17,23.50,7.34,1022.44,1027.44,1027.64,1023.21,1024.43,34.86,5.27,34.19,15.75
2018-09-06,34.80,7.22,35.32,1027.39,33.17,23.65,7.32,1022.40,1027.44,1027.65,1023.16,1024.43,34.86,5.27,34.19,15.75
2018-09-07,34.81,7.26,34.95,1027.40,33.20,23.81,7.29,1022.37,1027.43,1027.66,1023.11,1024.45,34.86,5.27,34.19,15.75
2018-09-08,34.81,7.22,34.72,1027.40,33.25,23.82,7.24,1022.41,1027.43,1027.66,1023.11,1024.49,34.86,5.27,34.19,15.75
2018-09-09,34.81,7.28,34.99,1027.39,33.35,23.34,7.21,1022.62,1027.43,1027.65,1023.25,1024.56,34.86,5.27,34.19,15.75
2018-09-10,34.90,7.16,37.19,1027.49,33.51,22.50,7.18,1022.98,1027.45,1027.74,1023.49,1024.69,34.86,5.27,34.19,15.75
2018-09-11,34.97,6.70,41.66,1027.63,33.60,22.11,7.23,1023.16,1027.54,1027.81,1023.60,1024.76,34.86,5.27,34.19,15.75
2018-09-12,34.77,8.23,36.66,1027.23,33.57,22.30,7.31,1023.09,1027.29,1027.63,1023.55,1024.74,34.86,5.27,34.19,15.75
2018-09-13,34.86,7.54,43.89,1027.43,33.41,21.89,7.29,1023.07,1027.43,1027.73,1023.66,1024.61,34.86,5.27,34.19,15.75
2018-09-14,34.97,6.49,44.19,1027.67,33.40,21.69,7.26,1023.12,1027.58,1027.83,1023.72,1024.60,34.86,5.27,34.19,15.75
2018-09-15,34.77,7.32,38.30,1027.37,33.52,21.89,7.29,1023.16,1027.44,1027.64,1023.66,1024.70,34.86,5.27,34.19,15.75
2018-09-16,34.77,7.33,35.17,1027.36,33.58,22.35,7.32,1023.08,1027.42,1027.63,1023.53,1024.75,34.86,5.27,34.19,15.75
2018-09-17,34.79,7.19,35.07,1027.38,33.96,22.87,7.31,1023.22,1027.44,1027.64,1023.39,1025.04,34.86,5.27,34.19,15.75
2018-09-18,34.94,6.72,37.69,1027.59,34.17,23.36,7.19,1023.23,1027.52,1027.77,1023.24,1025.20,34.86,5.27,34.19,15.75
2018-09-19,34.77,8.01,35.53,1027.26,34.37,23.68,7.13,1023.29,1027.32,1027.63,1023.15,1025.35,34.86,5.27,34.19,15.75
2018-09-20,34.73,8.35,34.73,1027.17,34.43,23.06,7.20,1023.52,1027.27,1027.59,1023.33,1025.40,34.86,5.27,34.19,15.75
2018-09-21,34.77,7.99,36.09,1027.26,34.58,22.90,7.31,1023.68,1027.33,1027.63,1023.38,1025.52,34.86,5.27,34.19,15.75
2018-09-22,34.85,7.20,36.14,1027.44,34.62,22.83,7.22,1023.73,1027.44,1027.69,1023.40,1025.55,34.86,5.27,34.19,15.75
2018-09-23,34.77,7.44,35.12,1027.34,34.69,22.72,7.30,1023.81,1027.40,1027.62,1023.43,1025.60,34.86,5.27,34.19,15.75
2018-09-24,34.77,7.35,35.34,1027.35,34.76,22.69,7.32,1023.87,1027.42,1027.63,1023.44,1025.65,34.86,5.27,34.19,15.75
2018-09-25,34.79,6.93,34.73,1027.42,34.72,22.23,7.25,1023.98,1027.47,1027.64,1023.57,1025.62,34.86,5.27,34.19,15.75
2018-09-26,34.78,7.16,34.66,1027.38,34.78,22.46,7.22,1023.96,1027.44,1027.63,1023.50,1025.67,34.86,5.27,34.19,15.75
2018-09-27,34.77,7.50,35.01,1027.33,34.93,23.09,7.23,1023.89,1027.40,1027.63,1023.32,1025.78,34.86,5.27,34.19,15.75
2018-09-28,34.76,7.02,35.73,1027.40,34.86,22.68,7.23,1023.96,1027.47,1027.62,1023.44,1025.73,34.86,5.27,34.19,15.75
2018-09-29,34.77,6.87,35.21,1027.42,34.83,22.51,7.29,1023.98,1027.49,1027.63,1023.49,1025.71,34.86,5.27,34.19,15.75
2018-09-30,34.78,6.83,34.55,1027.43,34.92,22.64,7.35,1024.01,1027.49,1027.63,1023.45,1025.78,34.86,5.27,34.19,15.75
2018-10-01,34.78,6.74,34.57,1027.44,35.00,22.43,7.39,1024.13,1027.50,1027.63,1023.51,1025.84,34.86,5.27,34.19,15.75
2018-10-02,34.79,6.74,34.67,1027.45,35.02,22.44,7.34,1024.14,1027.50,1027.64,1023.51,1025.85,34.86,5.27,34.19,15.75
2018-10-03,34.79,6.69,34.76,1027.46,34.70,22.11,7.23,1023.99,1027.51,1027.64,1023.60,1025.61,34.86,5.27,34.19,15.75
2018-10-04,34.79,6.75,34.58,1027.45,34.36,21.19,7.27,1023.99,1027.50,1027.63,1023.86,1025.34,34.86,5.27,34.19,15.75
2018-10-05,34.80,6.72,34.57,1027.46,34.61,21.69,7.21,1024.04,1027.50,1027.64,1023.72,1025.53,34.86,5.27,34.19,15.75
2018-10-06,34.81,6.60,34.68,1027.49,34.98,22.28,7.30,1024.16,1027.52,1027.65,1023.55,1025.82,34.86,5.27,34.19,15.75
2018-10-07,34.81,6.47,34.63,1027.51,34.98,22.07,7.32,1024.22,1027.54,1027.66,1023.61,1025.82,34.86,5.27,34.19,15.75
2018-10-08,34.79,6.39,34.77,1027.50,34.88,21.81,7.34,1024.22,1027.55,1027.64,1023.69,1025.75,34.86,5.27,34.19,15.75
2018-10-09,34.79,6.40,34.56,1027.50,34.78,21.70,7.36,1024.17,1027.55,1027.64,1023.72,1025.67,34.86,5.27,34.19,15.75
2018-10-10,34.80,6.42,34.44,1027.50,34.57,21.28,7.31,1024.13,1027.54,1027.64,1023.83,1025.51,34.86,5.27,34.19,15.75
2018-10-11,34.82,6.57,34.51,1027.50,34.75,21.88,7.19,1024.09,1027.52,1027.66,1023.66,1025.64,34.86,5.27,34.19,15.75
2018-10-12,34.83,6.50,34.80,1027.51,34.64,21.71,6.96,1024.06,1027.53,1027.67,1023.71,1025.55,34.86,5.27,34.19,15.75
2018-10-13,34.81,6.26,34.33,1027.53,34.38,20.41,7.13,1024.22,1027.56,1027.65,1024.06,1025.36,34.86,5.27,34.19,15.75
2018-10-14,34.80,6.15,34.44,1027.54,34.07,18.90,7.29,1024.37,1027.58,1027.64,1024.46,1025.12,34.86,5.27,34.19,15.75
2018-10-15,34.80,6.10,34.34,1027.54,34.35,19.65,7.29,1024.39,1027.59,1027.64,1024.26,1025.33,34.86,5.27,34.19,15.75
2018-10-16,34.79,6.08,34.42,1027.54,34.77,20.40,7.14,1024.51,1027.59,1027.64,1024.07,1025.66,34.86,5.27,34.19,15.75
2018-10-17,34.80,6.02,34.38,1027.55,34.93,20.31,7.15,1024.66,1027.60,1027.64,1024.09,1025.78,34.86,5.27,34.19,15.75
2018-10-18,34.80,5.99,34.19,1027.55,34.42,18.45,7.17,1024.75,1027.60,1027.64,1024.57,1025.39,34.86,5.27,34.19,15.75
2018-10-19,34.81,5.98,34.45,1027.57,33.91,17.01,7.27,1024.71,1027.60,1027.66,1024.92,1025.00,34.86,5.27,34.19,15.75
2018-10-20,34.81,5.96,34.51,1027.57,33.53,16.22,7.07,1024.61,1027.60,1027.66,1025.10,1024.71,34.86,5.27,34.19,15.75
2018-10-21,34.85,6.00,34.51,1027.60,33.52,16.10,7.02,1024.62,1027.60,1027.69,1025.13,1024.70,34.86,5.27,34.19,15.75
2018-10-22,34.83,5.58,34.74,1027.63,33.21,14.93,7.25,1024.64,1027.65,1027.67,1025.39,1024.46,34.86,5.27,34.19,15.75
2018-10-23,34.83,5.57,34.40,1027.63,33.16,14.77,7.27,1024.64,1027.65,1027.66,1025.43,1024.42,34.86,5.27,34.19,15.75
2018-10-24,34.81,5.68,34.45,1027.61,33.25,14.82,7.15,1024.69,1027.64,1027.65,1025.42,1024.49,34.86,5.27,34.19,15.75
2018-10-25,34.84,5.95,34.73,1027.59,33.06,14.96,7.18,1024.53,1027.61,1027.67,1025.39,1024.35,34.86,5.27,34.19,15.75
2018-10-26,34.87,6.25,34.96,1027.58,33.25,14.79,7.23,1024.70,1027.57,1027.70,1025.42,1024.49,34.86,5.27,34.19,15.75
2018-10-27,34.86,6.22,35.13,1027.58,33.48,15.08,7.01,1024.82,1027.57,1027.70,1025.36,1024.66,34.86,5.27,34.19,15.75
2018-10-28,34.87,6.11,34.70,1027.59,33.37,14.75,7.07,1024.81,1027.58,1027.70,1025.43,1024.58,34.86,5.27,34.19,15.75
2018-10-29,34.87,6.03,35.55,1027.61,33.38,14.86,7.12,1024.79,1027.60,1027.71,1025.41,1024.59,34.86,5.27,34.19,15.75
2018-10-30,34.84,5.90,36.96,1027.61,33.07,14.29,7.14,1024.67,1027.62,1027.69,1025.53,1024.35,34.86,5.27,34.19,15.75
2018-10-31,34.79,5.46,35.54,1027.62,32.89,13.75,7.23,1024.64,1027.67,1027.65,1025.64,1024.21,34.86,5.27,34.19,15.75
2018-11-01,34.78,5.37,35.03,1027.62,32.79,13.63,7.17,1024.59,1027.68,1027.63,1025.67,1024.13,34.86,5.27,34.19,15.75
2018-11-02,34.77,5.33,34.57,1027.61,32.76,13.71,7.12,1024.55,1027.68,1027.62,1025.65,1024.11,34.86,5.27,34.19,15.75
2018-11-03,34.79,5.33,34.69,1027.63,32.74,13.80,7.01,1024.52,1027.68,1027.63,1025.63,1024.10,34.86,5.27,34.19,15.75
2018-11-04,34.81,5.37,35.08,1027.64,32.81,13.82,7.29,1024.57,1027.68,1027.65,1025.63,1024.15,34.86,5.27,34.19,15.75
2018-11-05,34.83,5.52,34.72,1027.64,32.85,13.84,7.31,1024.60,1027.66,1027.67,1025.62,1024.18,34.86,5.27,34.19,15.75
2018-11-06,34.83,5.42,34.65,1027.65,32.89,13.86,7.15,1024.62,1027.67,1027.67,1025.62,1024.21,34.86,5.27,34.19,15.75
2018-11-07,34.85,5.40,34.91,1027.67,33.04,14.02,7.16,1024.71,1027.68,1027.69,1025.59,1024.33,34.86,5.27,34.19,15.75
2018-11-08,34.84,5.30,34.77,1027.68,33.69,14.93,7.25,1025.02,1027.69,1027.68,1025.39,1024.83,34.86,5.27,34.19,15.75
2018-11-09,34.81,5.10,34.70,1027.68,33.75,15.00,7.25,1025.05,1027.71,1027.66,1025.38,1024.87,34.86,5.27,34.19,15.75
2018-11-10,34.81,5.14,34.62,1027.67,33.69,14.84,7.01,1025.03,1027.71,1027.65,1025.41,1024.83,34.86,5.27,34.19,15.75
2018-11-11,34.81,5.18,34.67,1027.67,33.66,14.46,7.23,1025.09,1027.70,1027.65,1025.49,1024.80,34.86,5.27,34.19,15.75
2018-11-12,34.81,5.20,34.56,1027.66,33.66,14.38,7.36,1025.11,1027.70,1027.65,1025.51,1024.80,34.86,5.27,34.19,15.75
2018-11-13,34.81,5.24,34.46,1027.66,33.72,14.48,7.12,1025.13,1027.69,1027.66,1025.49,1024.85,34.86,5.27,34.19,15.75
2018-11-14,34.86,5.41,34.34,1027.67,33.86,14.66,7.14,1025.20,1027.67,1027.69,1025.45,1024.96,34.86,5.27,34.19,15.75
2018-11-15,34.87,5.53,34.23,1027.67,33.95,14.58,7.31,1025.29,1027.66,1027.70,1025.47,1025.03,34.86,5.27,34.19,15.75
2018-11-16,34.85,5.37,34.27,1027.67,33.99,14.73,6.87,1025.29,1027.68,1027.68,1025.43,1025.06,34.86,5.27,34.19,15.75
2018-11-17,34.83,5.19,34.46,1027.68,34.00,14.26,7.14,1025.40,1027.70,1027.67,1025.54,1025.07,34.86,5.27,34.19,15.75
2018-11-18,34.82,5.10,34.15,1027.68,33.85,13.94,7.31,1025.35,1027.71,1027.66,1025.60,1024.95,34.86,5.27,34.19,15.75
2018-11-19,34.82,5.05,34.29,1027.69,34.10,14.49,7.28,1025.42,1027.71,1027.66,1025.49,1025.14,34.86,5.27,34.19,15.75
2018-11-20,34.82,5.01,34.19,1027.69,34.42,15.15,7.17,1025.53,1027.72,1027.66,1025.34,1025.39,34.86,5.27,34.19,15.75
2018-11-21,34.82,4.96,34.37,1027.70,34.35,14.80,7.12,1025.55,1027.73,1027.66,1025.42,1025.33,34.86,5.27,34.19,15.75
2018-11-22,34.81,4.87,34.97,1027.71,34.28,14.39,7.11,1025.59,1027.74,1027.66,1025.51,1025.28,34.86,5.27,34.19,15.75
2018-11-23,34.81,4.88,36.84,1027.71,33.92,13.39,7.30,1025.52,1027.75,1027.67,1025.72,1025.01,34.86,5.27,34.19,15.75
2018-11-24,34.80,4.86,39.64,1027.72,34.01,13.38,7.30,1025.59,1027.76,1027.67,1025.72,1025.08,34.86,5.27,34.19,15.75
2018-11-25,34.81,4.89,39.76,1027.73,34.79,14.95,6.96,1025.85,1027.76,1027.68,1025.39,1025.67,34.86,5.27,34.19,15.75
2018-11-26,34.81,4.85,36.05,1027.72,34.88,15.13,7.14,1025.89,1027.75,1027.66,1025.35,1025.74,34.86,5.27,34.19,15.75
2018-11-27,34.82,4.86,34.75,1027.71,35.01,15.37,6.82,1025.93,1027.74,1027.66,1025.29,1025.84,34.86,5.27,34.19,15.75
2018-11-28,34.82,4.83,34.64,1027.71,34.91,15.02,6.87,1025.93,1027.74,1027.66,1025.37,1025.77,34.86,5.27,34.19,15.75
2018-11-29,34.82,4.82,34.28,1027.72,33.87,12.93,6.96,1025.56,1027.74,1027.66,1025.81,1024.97,34.86,5.27,34.19,15.75
2018-11-30,34.83,4.80,34.44,1027.72,33.23,11.50,7.19,1025.34,1027.74,1027.67,1026.08,1024.47,34.86,5.27,34.19,15.75
2018-12-01,34.82,4.73,34.18,1027.73,33.05,11.40,7.29,1025.22,1027.75,1027.66,1026.10,1024.33,34.86,5.27,34.19,15.75
2018-12-02,34.81,4.70,34.53,1027.73,33.15,11.24,7.18,1025.33,1027.76,1027.66,1026.13,1024.42,34.86,5.27,34.19,15.75
2018-12-03,34.83,4.74,35.35,1027.73,33.39,11.79,7.07,1025.42,1027.76,1027.67,1026.03,1024.60,34.86,5.27,34.19,15.75
2018-12-04,34.84,4.75,35.59,1027.74,34.09,12.77,7.08,1025.77,1027.76,1027.68,1025.84,1025.14,34.86,5.27,34.19,15.75
2018-12-05,34.82,4.71,36.79,1027.74,33.76,12.07,7.19,1025.64,1027.77,1027.67,1025.98,1024.88,34.86,5.27,34.19,15.75
2018-12-06,34.85,5.07,38.64,1027.73,33.66,11.65,7.20,1025.65,1027.73,1027.70,1026.06,1024.80,34.86,5.27,34.19,15.75
2018-12-07,34.84,5.19,38.00,1027.70,33.57,11.40,7.21,1025.63,1027.72,1027.69,1026.10,1024.74,34.86,5.27,34.19,15.75
2018-12-08,34.85,5.25,36.83,1027.70,33.79,11.63,7.29,1025.76,1027.70,1027.69,1026.06,1024.91,34.86,5.27,34.19,15.75
2018-12-09,34.84,5.28,35.27,1027.68,34.20,12.38,7.35,1025.93,1027.69,1027.68,1025.92,1025.22,34.86,5.27,34.19,15.75
2018-12-10,34.84,5.18,34.39,1027.69,34.25,12.22,7.22,1026.00,1027.70,1027.68,1025.95,1025.26,34.86,5.27,34.19,15.75
2018-12-11,34.85,5.20,34.13,1027.69,34.34,12.43,7.26,1026.03,1027.70,1027.68,1025.91,1025.33,34.86,5.27,34.19,15.75
2018-12-12,34.85,5.14,34.26,1027.70,34.42,12.62,7.14,1026.06,1027.70,1027.68,1025.87,1025.39,34.86,5.27,34.19,15.75
2018-12-13,34.85,5.06,34.12,1027.71,34.45,12.64,7.34,1026.07,1027.71,1027.68,1025.87,1025.41,34.86,5.27,34.19,15.75
2018-12-14,34.84,4.95,34.15,1027.72,34.58,12.91,7.34,1026.13,1027.73,1027.68,1025.81,1025.52,34.86,5.27,34.19,15.75
2018-12-15,34.84,4.81,34.12,1027.73,34.68,13.18,7.28,1026.15,1027.74,1027.67,1025.76,1025.59,34.86,5.27,34.19,15.75
2018-12-16,34.85,4.85,34.19,1027.73,34.73,13.25,7.03,1026.17,1027.74,1027.68,1025.74,1025.63,34.86,5.27,34.19,15.75
2018-12-17,34.84,4.80,35.33,1027.74,34.72,13.13,6.98,1026.18,1027.75,1027.68,1025.77,1025.62,34.86,5.27,34.19,15.75
2018-12-18,34.84,4.57,36.16,1027.76,34.39,12.39,6.97,1026.07,1027.78,1027.68,1025.92,1025.36,34.86,5.27,34.19,15.75
2018-12-19,34.84,4.58,36.00,1027.76,34.07,11.57,7.22,1025.98,1027.78,1027.68,1026.07,1025.12,34.86,5.27,34.19,15.75
2018-12-20,34.85,4.72,35.12,1027.75,33.84,10.92,7.28,1025.92,1027.76,1027.69,1026.19,1024.94,34.86,5.27,34.19,15.75
2018-12-21,34.86,4.78,35.78,1027.75,33.95,11.27,7.07,1025.94,1027.75,1027.70,1026.12,1025.03,34.86,5.27,34.19,15.75
2018-12-22,34.86,4.90,35.17,1027.74,34.64,12.89,6.92,1026.17,1027.74,1027.70,1025.82,1025.56,34.86,5.27,34.19,15.75
2018-12-23,34.86,4.87,35.00,1027.75,34.43,12.29,7.16,1026.12,1027.74,1027.70,1025.93,1025.40,34.86,5.27,34.19,15.75
2018-12-24,34.86,4.84,35.21,1027.75,34.30,11.87,7.26,1026.11,1027.74,1027.70,1026.01,1025.30,34.86,5.27,34.19,15.75
2018-12-25,34.86,4.84,34.62,1027.75,34.04,11.28,7.22,1026.01,1027.74,1027.70,1026.12,1025.10,34.86,5.27,34.19,15.75
2018-12-26,34.86,4.80,35.06,1027.75,34.20,11.38,7.31,1026.12,1027.75,1027.69,1026.11,1025.22,34.86,5.27,34.19,15.75
2018-12-27,34.86,4.81,35.38,1027.75,33.96,10.76,7.38,1026.04,1027.75,1027.70,1026.22,1025.04,34.86,5.27,34.19,15.75
2018-12-28,34.86,4.73,35.70,1027.76,33.86,10.58,7.28,1026.00,1027.76,1027.70,1026.25,1024.96,34.86,5.27,34.19,15.75
2018-12-29,34.86,4.76,34.82,1027.76,34.09,11.20,7.10,1026.06,1027.75,1027.70,1026.14,1025.13,34.86,5.27,34.19,15.75
2018-12-30,34.85,4.57,34.56,1027.77,33.58,10.29,7.26,1025.83,1027.77,1027.68,1026.30,1024.74,34.86,5.27,34.19,15.75
2018-12-31,34.85,4.61,34.83,1027.77,33.74,10.39,7.35,1025.94,1027.77,1027.69,1026.28,1024.87,34.86,5.27,34.19,15.75