time,Salinity,Irradiance,Temperature,Chlorophyll,Chlorophyll2,Prediction1,Nitrate,Nitrate2,Prediction2
2016-01-01,,,,,,,,,
2016-01-02,,54.58,,,,,,,
2016-01-03,,67.28,,,,,,,
2016-01-04,,69.66,,,,,,,
2016-01-05,,79.52,,,,,,,
2016-01-06,,83.42,,,,,,,
2016-01-07,,71.71,,,,,,,
2016-01-08,,82.68,,,,,,,
2016-01-09,,85.1,,,,,,,
2016-01-10,,76.24,,,,,,,
2016-01-11,,71.2,,,,,,,
2016-01-12,,70.59,,,,,,,
2016-01-13,,69.6,,,,,,,
2016-01-14,,70.15,,,,,,,
2016-01-15,,62.79,,,,,,,
2016-01-16,,62.08,,,,,,,
2016-01-17,,73.65,,,,,,,
2016-01-18,,89.82,,,,,,,
2016-01-19,,90.02,,,,,,,
2016-01-20,,83.63,,,,,,,
2016-01-21,,87.62,,,,,,,
2016-01-22,,101.21,,,,,,,
2016-01-23,,107.38,,,,,,,
2016-01-24,,93.76,,,,,,,
2016-01-25,,86.88,,,,,,,
2016-01-26,,86.58,,,,,,,
2016-01-27,,103.71,,,,,,,
2016-01-28,,112.37,,,,,,,
2016-01-29,,105.79,,,,,,,
2016-01-30,,117.4,,,,,,,
2016-01-31,,122.87,,,,,,,
2016-02-01,,112.1,,,,,,,
2016-02-02,,101.17,,,,,,,
2016-02-03,,103.02,,,,,,,
2016-02-04,,98.25,,,,,,,
2016-02-05,,88.26,,,,,,,
2016-02-06,,70.98,,,,,,,
2016-02-07,,65.52,,,,,,,
2016-02-08,,70.49,,,,,,,
2016-02-09,,84.58,,,,,,,
2016-02-10,,74.57,,,,,,,
2016-02-11,,71.1,,,,,,,
2016-02-12,,77.07,,,,,,,
2016-02-13,,81.9,,,,,,,
2016-02-14,,90.95,,,,,,,
2016-02-15,,110.56,,,,,,,
2016-02-16,,118.69,,,,,,,
2016-02-17,,126.8,,,,,,,
2016-02-18,,139.05,,,,,,,
2016-02-19,,157.94,,,,,,,
2016-02-20,,157.27,,,,,,,
2016-02-21,,154.3,,,,,,,
2016-02-22,,139.26,,,,,,,
2016-02-23,,139.67,,,,,,,
2016-02-24,,145.42,,,,,,,
2016-02-25,,140.96,,,,,,,
2016-02-26,,134.08,,,,,,,
2016-02-27,,155.48,,,,,,,
2016-02-28,,147.48,,,,,,,
2016-02-29,,165.99,,,,,,,
2016-03-01,,145.15,,,,,,,
2016-03-02,,149.38,,,,,,,
2016-03-03,,161.62,,,,,,,
2016-03-04,,165.87,,,,,,,
2016-03-05,,164,,,,,,,
2016-03-06,,186.88,,,,,,,
2016-03-07,,180.51,,,,,,,
2016-03-08,,195.99,,,,,,,
2016-03-09,,197.84,,,,,,,
2016-03-10,,193.93,,,,,,,
2016-03-11,,174.32,,,,,,,
2016-03-12,,153.71,,,,,,,
2016-03-13,,144.17,,,,,,,
2016-03-14,,140.77,,,,,,,
2016-03-15,,156.5,,,,,,,
2016-03-16,,152.99,,,,,,,
2016-03-17,,139.29,,,,,,,
2016-03-18,,148.86,,,,,,,
2016-03-19,,174.91,,,,,,,
2016-03-20,,189.65,,,,,,,
2016-03-21,,192.75,,,,,,,
2016-03-22,,174.8,,,,,,,
2016-03-23,,174.49,,,,,,,
2016-03-24,,185.24,,,,,,,
2016-03-25,,182.62,,,,,,,
2016-03-26,,187.47,,,,,,,
2016-03-27,,193.33,,,,,,,
2016-03-28,,197.24,,,,,,,
2016-03-29,,191.73,,,,,,,
2016-03-30,,170.3,,,,,,,
2016-03-31,,173.61,,,,,,,
2016-04-01,,177.51,,,,,,,
2016-04-02,,157.77,,,,,,,
2016-04-03,,158.18,,,,,,,
2016-04-04,,142.87,,,,,,,
2016-04-05,,169.07,,,,,,,
2016-04-06,,177.72,,,,,,,
2016-04-07,,196.39,,,,,,,
2016-04-08,,205.06,,,,,,,
2016-04-09,,202.68,,,,,,,
2016-04-10,,210.09,,,,,,,
2016-04-11,,241.73,,,,,,,
2016-04-12,,249.16,,,,,,,
2016-04-13,,256.42,,,,,,,
2016-04-14,,258.84,,,,,,,
2016-04-15,,275.62,,,,,,,
2016-04-16,,291.54,,,,,,,
2016-04-17,,292.03,,,,,,,
2016-04-18,,290.05,,,,,,,
2016-04-19,,282.44,,,,,,,
2016-04-20,,271.65,,,,,,,
2016-04-21,,272.22,,,,,,,
2016-04-22,,257.58,,,,,,,
2016-04-23,,244.07,,,,,,,
2016-04-24,,223.86,,,,,,,
2016-04-25,,210.03,,,,,,,
2016-04-26,,206.22,,,,,,,
2016-04-27,,241.05,,,,,,,
2016-04-28,,209.01,,,,,,,
2016-04-29,,206.36,,,,,,,
2016-04-30,,192.43,,,,,,,
2016-05-01,,175,,,,,,,
2016-05-02,,150.9,,,,,,,
2016-05-03,,142.91,,,,,,,
2016-05-04,,127.97,,,,,,,
2016-05-05,,136.39,,,,,,,
2016-05-06,,151.93,,,,,,,
2016-05-07,,179.5,,,,,,,
2016-05-08,,216.06,,,,,,,
2016-05-09,,258.53,,,,,,,
2016-05-10,,265.43,,,,,,,
2016-05-11,,240.97,,,,,,,
2016-05-12,,253.18,,,,,,,
2016-05-13,,244.25,,,,,,,
2016-05-14,,,,,,,,,
2016-05-15,,,,,,,,,
2016-05-16,,,,,,,,,
2016-05-17,,,,,,,,,
2016-05-18,,,,,,,,,
2016-05-19,,,,,,,,,
2016-05-20,,,,,,,,,
2016-05-21,,,,,,,,,
2016-05-22,,,,,,,,,
2016-05-23,,,,,,,,,
2016-05-24,,,,,,,,,
2016-05-25,,,,,,,,,
2016-05-26,,,,,,,,,
2016-05-27,33.7,,13.1,,0.68,,,,
2016-05-28,34.04,,13.68,,0.71,,,,
2016-05-29,34.19,305.6,14.02,,0.63,,,,
2016-05-30,34.63,284.99,14.92,,0.58,,,,
2016-05-31,34.6,267.96,15.17,,0.6,,,,
2016-06-01,34.55,212.48,15.45,,0.54,,,,
2016-06-02,33.94,190.35,15.26,,0.65,,,,
2016-06-03,34.03,223.18,16.03,,0.64,,,,
2016-06-04,33.94,217.18,15.83,,0.71,,,,
2016-06-05,34.21,209.32,16.29,,0.68,,,,
2016-06-06,34.2,228.44,17.41,,0.61,,,,
2016-06-07,34.51,251.65,18.28,,0.51,,,,
2016-06-08,34.09,246.83,17.56,,0.65,,,,
2016-06-09,33.2,274.56,14.09,,0.84,,,,
2016-06-10,33.22,271.9,14.26,,0.87,,,,
2016-06-11,33.03,299.96,13.95,,0.79,,,,
2016-06-12,32.97,310.14,14.15,,0.69,,,,
2016-06-13,32.71,289.17,13.61,,0.85,,,,
2016-06-14,32.81,286.17,13.48,,0.91,,,,
2016-06-15,32.88,317.31,13.5,,0.9,,,,
2016-06-16,32.93,319.7,13.46,,1.27,,,,
2016-06-17,33.02,325.76,13.7,,1.07,,,,
2016-06-18,33.05,303.91,14.44,,0.63,,,,
2016-06-19,33.01,292.01,14.82,,0.46,,,,
2016-06-20,33.06,287.35,15.09,,0.47,,,,
2016-06-21,33.17,291.8,16.18,,0.58,,,,
2016-06-22,33.09,278.58,16.43,,0.68,,,,
2016-06-23,33.23,294.65,16.9,,0.73,,,,
2016-06-24,33.34,292.48,17.02,,0.63,,,,
2016-06-25,33.24,293.96,17.26,,0.53,,,,
2016-06-26,33.19,293.76,17.36,,0.44,,,,
2016-06-27,33.09,324.8,17.29,,0.52,,,,
2016-06-28,33.05,307.81,17.01,,0.75,,,,
2016-06-29,33.02,303.29,16.9,,0.85,,,,
2016-06-30,33.17,260.48,17.72,,0.67,,,,
2016-07-01,33.32,259.82,18.37,,0.49,,,,
2016-07-02,33.26,257.47,17.89,,0.59,,,,
2016-07-03,33.38,271.2,19.16,,0.55,,,,
2016-07-04,33.61,260.58,19.63,,0.52,,,,
2016-07-05,33.76,246.23,20.04,,0.61,,,,
2016-07-06,33.55,227.9,20.15,,0.54,,,,
2016-07-07,33.41,234.27,19.68,,0.49,,,,
2016-07-08,33.36,224.8,19.86,,0.51,,,,
2016-07-09,33.62,262.05,19.89,,0.6,,,,
2016-07-10,33.75,261.82,20.1,,0.53,,,,
2016-07-11,33.9,256.68,20.84,,0.4,,,,
2016-07-12,34.07,286.74,21.23,,0.34,,,,
2016-07-13,33.88,296.15,21.7,,0.3,,,,
2016-07-14,33.93,295.87,21.8,,0.33,,,,
2016-07-15,34.18,301.46,22.6,,0.25,,,,
2016-07-16,34.35,280.86,23.11,,0.23,,,,
2016-07-17,34.67,284.19,23.37,,0.23,,,,
2016-07-18,34.89,296.76,23.44,,0.2,,,,
2016-07-19,34.22,292.46,23.73,,0.24,,,,
2016-07-20,33.95,308.66,23.53,,0.28,,,,
2016-07-21,33.61,320.51,23.19,,0.28,,,,
2016-07-22,33.51,300.75,23.47,,0.22,,,,
2016-07-23,33.49,308.62,23.49,,0.29,,,,
2016-07-24,33.32,298.59,23.36,,0.29,,,,
2016-07-25,33.32,296.55,23.32,,0.32,,,,
2016-07-26,33.26,260.19,23.24,,0.35,,,,
2016-07-27,33.04,256.36,23.52,,0.26,,,,
2016-07-28,33.03,230.49,23.42,,0.28,,,,
2016-07-29,33.02,233.71,23.69,,0.38,,,,
2016-07-30,32.78,209.1,23.72,,0.39,,,,
2016-07-31,33.63,213.24,24.68,,0.19,,,,
2016-08-01,34.62,220.21,25.41,,0.13,,,,
2016-08-02,35.11,264.64,25.59,,0.12,,,,
2016-08-03,35.01,252.16,25.18,,0.09,,,,
2016-08-04,35.05,280.88,25,,0.08,,,,
2016-08-05,35,286.3,24.92,,0.08,,,,
2016-08-06,35.12,312.96,25.08,,0.08,,,,
2016-08-07,35.11,288.81,25.28,,0.09,,,,
2016-08-08,34.97,275.39,25.25,,0.08,,,,
2016-08-09,34.56,263.13,24.96,,0.09,,,,
2016-08-10,34.06,271.75,24.43,,0.11,,,,
2016-08-11,33.98,267.8,24.71,,0.11,,,,
2016-08-12,34.38,274.98,24.89,,0.1,,,,
2016-08-13,34.5,262.11,24.75,,0.09,,,,
2016-08-14,34.41,281.15,24.93,,0.1,,,,
2016-08-15,34.37,262.06,25.01,,0.11,,,,
2016-08-16,34.35,266.69,25.26,,0.12,,,,
2016-08-17,33.68,267.67,24.79,,0.13,,,,
2016-08-18,33.65,266.83,24.9,,0.15,,,,
2016-08-19,33.55,267.45,25.1,,0.14,,,,
2016-08-20,33.3,274.97,25.12,,0.11,,,,
2016-08-21,33.69,279.55,25.51,,0.11,,,,
2016-08-22,33.68,299.87,25.43,,0.11,,,,
2016-08-23,33.89,292.07,24.94,,0.12,,,,
2016-08-24,33.45,291.75,24.32,,0.12,,,,
2016-08-25,33.43,291.99,24.32,,0.11,,,,
2016-08-26,33.46,286.91,24.47,,0.11,,,,
2016-08-27,33.69,284.99,24.81,,0.12,,,,
2016-08-28,33.62,279.31,24.68,,0.12,,,,
2016-08-29,33.75,248.07,24.75,,0.11,,,,
2016-08-30,33.28,249.35,23.82,,0.12,,,,
2016-08-31,33.36,219.42,23.93,,0.12,,,,
2016-09-01,33.65,209.13,24.58,,0.12,,,,
2016-09-02,33.85,175.71,24.49,,0.14,,,,
2016-09-03,33.83,166.19,24.03,,0.15,,,,
2016-09-04,33.93,156.56,23.43,,0.18,,,,
2016-09-05,34.27,171.03,22.52,,0.35,,,,
2016-09-06,34.49,160.23,21.73,,0.44,,,,
2016-09-07,34.44,176.41,21.52,,0.39,,,,
2016-09-08,34.15,174.98,21.38,,0.33,,,,
2016-09-09,33.78,210.79,21.21,,0.22,,,,
2016-09-10,33.8,249.45,21.45,,0.18,,,,
2016-09-11,33.81,253.77,21.56,,0.17,,,,
2016-09-12,33.91,266.84,21.53,,0.18,,,,
2016-09-13,34.07,278.9,21.63,,0.17,,,,
2016-09-14,34.3,284.63,21.86,,0.15,,,,
2016-09-15,34.55,287.66,22.2,,0.15,,,,
2016-09-16,34.83,271.07,22.4,,0.14,,,,
2016-09-17,34.86,211.43,22.24,,0.13,,,,
2016-09-18,35.06,200.77,22.7,,0.12,,,,
2016-09-19,35.26,197.47,23.2,,0.11,,,,
2016-09-20,35.37,188.41,23.49,,0.11,,,,
2016-09-21,35.29,168.73,23.6,,0.11,,,,
2016-09-22,35.37,181.91,23.95,,0.1,,,,
2016-09-23,35.26,205.25,23.88,,0.1,,,,
2016-09-24,35.13,198.44,24.2,,0.15,,,,
2016-09-25,35.13,183.15,23.95,,0.17,,,,
2016-09-26,35.17,158.07,23.65,,0.14,,,,
2016-09-27,35.14,134.71,23.51,,0.16,,,,
2016-09-28,35.16,134.21,23.39,,0.19,,,,
2016-09-29,35.23,101.49,23.23,,0.22,,,,
2016-09-30,35.27,71.53,23.07,,0.26,,,,
2016-10-01,35.37,80.68,23.09,,0.24,,,,
2016-10-02,35.38,78.86,23.15,,0.18,,,,
2016-10-03,35.45,97.28,23.43,,0.14,,,,
2016-10-04,35.47,151.95,23.29,,0.14,,,,
2016-10-05,35.38,156.96,23.09,,0.17,,,,
2016-10-06,35.27,146.41,23.11,,0.16,,,,
2016-10-07,35.25,155.16,23.03,,0.15,,,,
2016-10-08,35.29,179.29,22.88,,0.13,,,,
2016-10-09,35.3,198.21,22.74,,0.17,,,,
2016-10-10,35.28,197.61,21.52,,0.34,,,,
2016-10-11,35.26,158.4,20.86,,0.42,,,,
2016-10-12,35.35,160.57,21.32,,0.33,,,,
2016-10-13,35.35,182.71,21.31,,0.24,,,,
2016-10-14,35.32,177.07,21.22,,0.31,,,,
2016-10-15,35.34,161.71,21.12,,0.3,,,,
2016-10-16,35.37,157.21,21.11,,0.24,,,,
2016-10-17,35.37,150.33,21.12,,0.21,,,,
2016-10-18,35.37,139.6,21.15,,0.2,,,,
2016-10-19,35.4,129.14,21.18,,0.16,,,,
2016-10-20,35.5,124.5,22.08,,0.34,,,,
2016-10-21,35.61,123.71,23.2,,0.32,,,,
2016-10-22,35.21,114.21,21.57,,0.39,,,,
2016-10-23,35.53,104.61,21.26,,0.44,,,,
2016-10-24,35.62,95.34,21.07,,0.5,,,,
2016-10-25,35.68,94.11,21.05,,0.69,,,,
2016-10-26,35.74,104.59,21.4,,0.76,,,,
2016-10-27,35.7,102.34,20.9,,0.73,,,,
2016-10-28,35.58,94.32,20.27,,0.59,,,,
2016-10-29,35.64,102.35,20.23,,0.6,,,,
2016-10-30,35.64,98.23,20.5,,0.58,,,,
2016-10-31,35.66,100.45,20.41,,0.63,,,,
2016-11-01,35.69,108.61,20.42,,0.64,,,,
2016-11-02,35.69,107.91,20.19,,0.83,,,,
2016-11-03,35.7,104.4,20.24,,0.87,,,,
2016-11-04,35.57,100.75,19.95,,0.98,,,,
2016-11-05,35.71,101.53,19.91,,0.8,,,,
2016-11-06,35.39,102.46,19.07,,0.99,,,,
2016-11-07,34.96,101.63,17.93,,1.28,,,,
2016-11-08,34.47,105.46,16.78,,1.26,,,,
2016-11-09,34.45,107.66,16.64,,1.52,,,,
2016-11-10,34.04,111.92,15.91,,1.65,,,,
2016-11-11,33.99,121.7,15.76,,1.32,,,,
2016-11-12,34.12,103.82,15.81,,1.42,,,,
2016-11-13,34.15,110.31,15.77,,1.28,,,,
2016-11-14,33.88,111.45,15.31,,1.42,,,,
2016-11-15,33.85,108.98,15.3,,1.59,,,,
2016-11-16,34.12,91.28,15.72,,1.36,,,,
2016-11-17,34.37,81.93,16.02,,1.16,,,,
2016-11-18,34.14,67.71,15.46,,1.55,,,,
2016-11-19,34.07,72.82,15.27,,1.65,,,,
2016-11-20,35.03,64.46,17.15,,0.86,,,,
2016-11-21,34.92,59.99,16.64,,0.81,,,,
2016-11-22,34.55,47.33,15.64,,0.76,,,,
2016-11-23,35.19,46.82,16.66,,0.46,,,,
2016-11-24,35.19,51.9,16.07,,0.56,,,,
2016-11-25,35.1,67.05,16.02,,0.7,,,,
2016-11-26,35.07,60.25,16.2,,0.75,,,,
2016-11-27,34.63,56.9,15.23,,0.85,,,,
2016-11-28,34.75,64.57,15.31,,0.99,,,,
2016-11-29,34.97,72.82,15.52,,0.8,,,,
2016-11-30,34.94,79.5,15.59,,0.82,,,,
2016-12-01,34.58,71.76,15.12,,0.9,,,,
2016-12-02,33.83,58.49,13.74,,1.03,,,,
2016-12-03,33.79,65.07,13.46,,1.04,,,,
2016-12-04,34.69,66.2,15,,0.65,,,,
2016-12-05,34.68,59.68,14.72,,0.79,,,,
2016-12-06,34.5,53.55,14.39,,0.7,,,,
2016-12-07,34.24,51.63,13.94,,0.77,,,,
2016-12-08,33.76,53.28,13.04,,0.63,,,,
2016-12-09,34.48,51.12,14.36,,0.43,,,,
2016-12-10,34.33,57.69,13.9,,0.35,,,,
2016-12-11,34.06,63.02,13.19,,0.42,,,,
2016-12-12,33.7,60.67,12.46,,0.49,,,,
2016-12-13,33.74,62.75,12.58,,0.37,,,,
2016-12-14,33.58,56.34,12.02,,0.48,,,,
2016-12-15,34.02,56.93,12.76,,0.56,,,,
2016-12-16,33.96,57.78,12.35,,0.5,,,,
2016-12-17,34.26,50.91,13.06,,0.37,,,,
2016-12-18,34.16,50.62,12.96,,0.36,,,,
2016-12-19,34.08,49.04,12.79,,0.42,,,,
2016-12-20,33.95,54.5,12.45,,0.46,,,,
2016-12-21,33.89,54.84,12.19,,0.48,,,,
2016-12-22,33.8,63.94,11.92,,0.52,,,,
2016-12-23,33.75,71.16,11.76,,0.51,,,,
2016-12-24,33.36,67.19,10.83,,0.58,,,,
2016-12-25,33.22,60.35,10.55,,0.54,,,,
2016-12-26,33.61,58.24,11.13,,0.56,,,,
2016-12-27,33.43,52.84,10.82,,0.55,,,,
2016-12-28,33.27,59.17,10.38,,0.63,,,,
2016-12-29,33.82,58.26,11.28,,0.76,,,,
2016-12-30,33.92,50.71,11.55,,0.61,,,,
2016-12-31,33.55,48.59,10.6,,0.57,,,,
2017-01-01,33.43,48.41,10.23,,0.61,,,,
2017-01-02,33.54,57.26,10.44,,0.66,,,,
2017-01-03,33.77,49.39,11.01,,0.55,,,,
2017-01-04,33.7,41.99,10.79,,0.54,,,,
2017-01-05,33.5,29.83,10.32,,0.54,,,,
2017-01-06,33.51,36.69,10.19,,0.51,,,,
2017-01-07,33.84,46.68,10.57,,0.64,,,,
2017-01-08,34.36,57.15,11.94,,0.43,,,,
2017-01-09,35.04,57.03,13.3,,0.37,,,,
2017-01-10,35.63,72.03,14.62,,0.29,,,,
2017-01-11,35.53,85.05,14.57,,0.29,,,,
2017-01-12,34.4,99.51,11.88,,0.66,,,,
2017-01-13,34.37,106.12,11.96,,0.6,,,,
2017-01-14,34.59,102.14,12.35,,0.71,,,,
2017-01-15,35.14,91.5,13.53,,0.58,,,,
2017-01-16,35.22,91.13,13.71,,0.53,,,,
2017-01-17,35.28,78.91,13.81,,0.54,,,,
2017-01-18,35.2,69.31,13.58,,0.58,,,,
2017-01-19,35.28,53.9,13.83,,0.44,,,,
2017-01-20,35.27,39.36,13.81,,0.43,,,,
2017-01-21,35.27,40.18,13.82,,0.4,,,,
2017-01-22,35.27,55.15,13.78,,0.41,,,,
2017-01-23,35.37,46.34,13.97,,0.31,,,,
2017-01-24,35.37,47.66,13.98,,0.28,,,,
2017-01-25,35.19,47.05,13.57,,0.31,,,,
2017-01-26,34.63,55.44,12.3,,0.55,,,,
2017-01-27,34.42,58.67,11.72,,0.49,,,,
2017-01-28,34.32,53.91,11.32,,0.48,,,,
2017-01-29,34.31,44.11,11.17,,0.52,,,,
2017-01-30,34.53,56.26,11.56,,0.62,,,,
2017-01-31,34.46,60.51,11.44,,0.6,,,,
2017-02-01,34.37,73.82,11.28,,0.51,,,,
2017-02-02,34.32,69.36,11.2,,0.49,,,,
2017-02-03,34.27,85.69,10.86,,0.58,,,,
2017-02-04,34.67,86.81,11.54,,0.56,,,,
2017-02-05,34.48,89.15,11.08,,0.67,,,,
2017-02-06,34.42,77.78,10.76,,0.7,,,,
2017-02-07,34.2,81.4,10.13,,0.87,,,,
2017-02-08,34.37,76.43,10.7,,0.8,,,,
2017-02-09,34.66,72.18,11.4,,0.57,,,,
2017-02-10,34.49,66.17,11.03,,0.53,,,,
2017-02-11,34.51,70.71,11.08,,0.53,,,,
2017-02-12,34.45,63.39,10.84,,0.59,,,,
2017-02-13,34.91,69.83,11.9,,0.42,,,,
2017-02-14,34.47,83.04,10.82,,0.59,,,,
2017-02-15,34.24,94.46,10.18,,0.78,,,,
2017-02-16,34.34,106.99,10.55,,0.58,,,,
2017-02-17,33.64,120.19,8.69,,0.75,,,,
2017-02-18,33.46,135.65,8.28,,0.71,,,,
2017-02-19,33.34,146.74,8,,0.73,,,,
2017-02-20,33.2,161.22,7.57,,0.73,,,,
2017-02-21,33.31,160.39,7.64,,0.74,,,,
2017-02-22,33.65,159.77,8.58,,0.9,,,,
2017-02-23,34.05,170.08,9.66,,0.93,,,,
2017-02-24,34.4,167.77,10.83,,0.81,,,,
2017-02-25,34.21,147.32,10.63,,0.91,,,,
2017-02-26,34.44,144.02,10.95,,0.66,,,,
2017-02-27,33.86,148.36,9.15,,0.76,,,,
2017-02-28,33.16,142.47,7.4,,1.13,,,,
2017-03-01,33.15,137.2,7.57,,1.38,,,,
2017-03-02,33.15,145.81,7.51,,0.87,,,,
2017-03-03,33.27,151.18,7.59,,0.73,,,,
2017-03-04,33.3,153.81,7.5,,0.77,,,,
2017-03-05,33.38,155.1,7.47,,0.67,,,,
2017-03-06,33.4,158.69,7.51,,0.89,,,,
2017-03-07,33.33,141.36,7.26,,1.19,,,,
2017-03-08,33.31,139.39,7.22,,1.16,,,,
2017-03-09,33.33,124.49,7.34,,0.98,,,,
2017-03-10,33.35,124.65,7.41,,0.92,,,,
2017-03-11,33.36,120.92,7.36,,0.81,,,,
2017-03-12,33.41,121.51,7.34,,0.78,,,,
2017-03-13,33.47,113.96,7.29,,0.77,,,,
2017-03-14,33.45,146.74,7.26,,0.82,,,,
2017-03-15,33.51,147.17,7.39,,0.7,,,,
2017-03-16,33.6,145.17,7.54,,0.67,,,,
2017-03-17,33.62,151.37,7.52,,0.73,,,,
2017-03-18,33.63,170.68,7.42,,0.87,,,,
2017-03-19,35.11,195.53,11.69,,0.89,,,,
2017-03-20,34.38,211.46,9.45,,0.98,,,,
2017-03-21,34.11,196.25,8.68,,1.24,,,,
2017-03-22,33.93,198.65,8.23,,1.19,,,,
2017-03-23,33.69,191.31,7.31,,0.76,,,,
2017-03-24,33.68,170.41,7.22,,1.01,,,,
2017-03-25,33.61,152.75,7.2,,1.07,,,,
2017-03-26,33.49,145.42,6.93,,1,,,,
2017-03-27,33.68,145.77,7.5,,1.23,,,,
2017-03-28,33.6,130.56,7.39,,1.1,,,,
2017-03-29,34.44,123.24,9.92,,1.08,,,,
2017-03-30,34.62,149.45,10.44,,0.81,,,,
2017-03-31,34.88,166.69,11.27,,1.79,,,,
2017-04-01,34.91,171.81,11.31,,1.82,,,,
2017-04-02,35.04,168.14,11.73,,0.81,,,,
2017-04-03,35.14,134.57,12.12,,0.56,,,,
2017-04-04,35.13,166.19,12.25,,0.69,,,,
2017-04-05,34.61,193.3,10.65,,0.91,,,,
2017-04-06,33.79,198.84,8.27,,1.4,,,,
2017-04-07,33.56,204.33,7.61,,1.08,,,,
2017-04-08,33.59,232.25,7.59,,0.87,,,,
2017-04-09,33.41,241.49,7.1,,0.78,,,,
2017-04-10,33.9,273.25,8.58,,1.23,,,,
2017-04-11,33.9,277.13,8.94,,1.48,,,,
2017-04-12,33.34,278.66,7.82,,1.25,,,,
2017-04-13,33.08,274.21,7.51,,1.48,,,,
2017-04-14,33.12,253.6,7.63,,2.18,,,,
2017-04-15,33.46,260.02,8.97,,2.89,,,,
2017-04-16,33.24,263.37,8.95,,3.4,,,,
2017-04-17,33.35,234.79,9.28,,2.8,,,,
2017-04-18,33.33,201.9,9.16,,2.12,,,,
2017-04-19,33.13,170.65,8.2,,2.43,,,,
2017-04-20,33.2,168.77,8.3,,2.42,,,,
2017-04-21,33.16,169.17,8.35,,1.78,,,,
2017-04-22,33.17,136.18,8.3,,2.58,,,,
2017-04-23,33.14,110.03,8.36,,1.84,,,,
2017-04-24,33.15,124.73,8.71,,1.05,,,,
2017-04-25,33.08,143.39,8.51,,0.86,,,,
2017-04-26,33.27,159,8.79,,0.8,,,,
2017-04-27,33.62,154.16,9.83,,0.67,,,,
2017-04-28,33.96,168.37,11.13,,1.5,,,,
2017-04-29,34.27,183.81,12.33,,1.22,,,,
2017-04-30,34.42,216.98,12.77,,1.39,,,,
2017-05-01,34.22,238.06,12.34,,1.24,,,,
2017-05-02,34.31,221.82,12.75,,1.4,,,,
2017-05-03,33.45,211.16,11.11,,1.28,,,,
2017-05-04,33.43,205.49,11.06,,1.28,,,,
2017-05-05,33.27,214.65,10.6,,1.67,,,,
2017-05-06,33.47,222.21,11.06,,1.44,,,,
2017-05-07,,220.05,,,1.41,,,,
2017-05-08,,218.62,,,1.43,,,,
2017-05-09,33.28,237.15,10.72,,1.32,,,,
2017-05-10,33.15,239.04,11.04,,1.09,,,,
2017-05-11,32.94,233.41,10.66,,0.84,,,,
2017-05-12,32.86,205.1,10.48,,0.83,,,,
2017-05-13,33.05,215.08,9.21,,1.17,,,,
2017-05-14,33.05,218.42,9.21,,1.4,,,,
2017-05-15,33.03,221.23,9.45,,1.83,,,,
2017-05-16,33.12,238.55,9.61,,1.8,,,,
2017-05-17,33,259.32,9.44,,2.4,,,,
2017-05-18,32.78,286.58,9.22,,1.52,,,,
2017-05-19,32.66,271.49,9.88,,0.84,,,,
2017-05-20,32.71,263.63,9.89,,0.9,,,,
2017-05-21,32.76,249.46,10.2,,0.63,,,,
2017-05-22,32.68,,10.41,,0.75,,,,
2017-05-23,32.58,,10.33,,0.76,,,,
2017-05-24,32.59,,10.39,,0.87,,,,
2017-05-25,33.59,,11.49,,0.95,,,,
2017-05-26,33.81,,12.72,,1.04,,,,
2017-05-27,32.97,,11.25,,0.72,,,,
2017-05-28,32.88,,11.41,,0.65,,,,
2017-05-29,33.57,,12.82,,0.97,,,,
2017-05-30,34.11,,13.53,,1.18,,,,
2017-05-31,33.96,,13.73,,1.1,,,,
2017-06-01,33.97,,14.14,,0.95,,,,
2017-06-02,33.91,,14.76,,0.78,,,,
2017-06-03,34.09,,15.42,,0.71,,,,
2017-06-04,34.2,,15.2,,0.76,,,,
2017-06-05,34.17,,15.37,,0.88,,,,
2017-06-06,33.9,,14.82,,0.97,,,,
2017-06-07,34.18,,15.27,,0.92,,,,
2017-06-08,34.41,,16.02,,0.71,,,,
2017-06-09,34.58,,16.67,,0.53,,,,
2017-06-10,34.57,,16.49,,0.51,,,,
2017-06-11,34.21,,16.21,,0.44,,,,
2017-06-12,33.94,,16,,0.42,,,,
2017-06-13,33.87,,16.1,,0.45,,,,
2017-06-14,33.35,,14.87,,0.59,,,,
2017-06-15,32.97,,14.64,,0.5,,,,
2017-06-16,33.49,336.72,15.23,,0.48,,,,
2017-06-17,33.39,302.95,15.58,,0.47,,,,
2017-06-18,33.53,292.59,16.23,,0.41,,,,
2017-06-19,33.21,246.25,16.5,,0.43,,,,
2017-06-20,32.35,246.32,14.84,,0.74,,,,
2017-06-21,32.51,257.77,15.18,,0.73,,,,
2017-06-22,32.85,267.7,15.93,,0.57,,,,
2017-06-23,32.89,267.65,16.33,,0.53,,,,
2017-06-24,33,291.86,17.1,,0.55,,,,
2017-06-25,32.93,307.66,16.63,,0.78,,,,
2017-06-26,32.62,296.2,16.04,,1.05,,,,
2017-06-27,,308.08,,,,,,,
2017-06-28,32.61,309.69,17.18,,0.63,,,,
2017-06-29,32.87,295.91,17.8,,0.66,,,,
2017-06-30,32.78,297.8,18.57,,0.59,,,,
2017-07-01,32.62,288.92,19.11,,0.48,,,,
2017-07-02,33.1,289.33,20.18,,0.38,,,,
2017-07-03,33.33,275.52,20.58,,0.39,,,,
2017-07-04,33.55,254.49,20.97,,0.38,,,,
2017-07-05,33.49,260.5,21.12,,0.38,,,,
2017-07-06,33.2,274.59,20.47,,0.53,,,,
2017-07-07,33.12,276.68,20.49,,0.59,,,,
2017-07-08,33.3,281.47,21.33,,0.43,,,,
2017-07-09,33.31,272.39,21.61,,0.38,,,,
2017-07-10,33.26,290.58,21.84,,0.35,,,,
2017-07-11,33.37,286.23,22.07,,0.33,,,,
2017-07-12,32.2,271.68,19.89,,0.61,,,,
2017-07-13,32.39,267.25,20.68,,0.61,,,,
2017-07-14,32.56,245.87,21.03,,0.67,,,,
2017-07-15,32.73,250.95,20.93,,0.73,,,,
2017-07-16,33.05,258.6,23.42,,0.36,,,,
2017-07-17,33.21,260.37,23.94,,0.39,,,,
2017-07-18,33.12,286.31,24.03,,0.35,,,,
2017-07-19,33.11,300.41,23.89,,0.32,,,,
2017-07-20,33.3,288.41,24.46,,0.28,,,,
2017-07-21,33.39,277.45,25.05,,0.22,,,,
2017-07-22,33.24,247.94,25,,0.25,,,,
2017-07-23,32.94,244.31,24.26,,0.38,,,,
2017-07-24,32.9,240.93,23.89,,0.39,,,,
2017-07-25,32.85,232.88,23.64,,0.39,,,,
2017-07-26,33.06,198.22,23.28,,0.34,,,,
2017-07-27,33.59,213.49,23.4,,0.26,,,,
2017-07-28,34.06,243.8,23.68,,0.21,,,,
2017-07-29,33.72,276.19,23.4,,0.34,,,,
2017-07-30,33.72,267.82,22.01,,0.44,,,,
2017-07-31,33.47,262.7,21.48,,0.41,,,,
2017-08-01,33.51,269.83,21.71,,0.33,,,,
2017-08-02,33.58,283.44,21.47,,0.32,,,,
2017-08-03,33.76,275,22.34,,0.29,,,,
2017-08-04,33.7,251.06,22.46,,0.29,,,,
2017-08-05,33.53,217.99,22.57,,0.33,,,,
2017-08-06,33.65,224.48,22.37,,0.33,,,,
2017-08-07,33.96,236.74,22.41,,0.26,,,,
2017-08-08,33.97,221.55,22.31,,0.33,,,,
2017-08-09,34.2,207.71,22.55,,0.29,,,,
2017-08-10,34.05,203.76,22.59,,0.27,,,,
2017-08-11,34.15,215.1,22.96,,0.25,,,,
2017-08-12,33.95,212.65,22.87,,0.28,,,,
2017-08-13,33.6,212.22,22.51,,0.37,,,,
2017-08-14,33.59,206.31,22.76,,0.3,,,,
2017-08-15,33.56,206.31,22.87,,0.27,,,,
2017-08-16,,229.64,,,,,,,
2017-08-17,,236.31,,,,,,,
2017-08-18,,237.41,,,,,,,
2017-08-19,,258.99,,,,,,,
2017-08-20,,247.58,,,,,,,
2017-08-21,,243.43,,,,,,,
2017-08-22,,256.81,,,,,,,
2017-08-23,,265.47,,,,,,,
2017-08-24,,260.03,,,,,,,
2017-08-25,,261.8,,,,,,,
2017-08-26,,237.18,,,,,,,
2017-08-27,,237.45,,,,,,,
2017-08-28,,238.29,,,,,,,
2017-08-29,,236.18,,,,,,,
2017-08-30,,221.36,,,,,,,
2017-08-31,,203.31,,,,,,,
2017-09-01,35.17,203.72,22.33,,0.19,,,,
2017-09-02,35.12,231.07,22.26,,0.2,,,,
2017-09-03,35.05,220.41,22.33,,0.19,,,,
2017-09-04,35.3,207.67,22.46,,0.18,,,,
2017-09-05,35.26,204.28,22.55,,0.16,,,,
2017-09-06,34.72,217.01,22.22,,0.15,,,,
2017-09-07,34.33,235.1,21.8,,0.18,,,,
2017-09-08,34.08,231.1,21.43,,0.19,,,,
2017-09-09,34.35,225.79,21.77,,0.15,,,,
2017-09-10,34.6,240.88,21.88,,0.14,,,,
2017-09-11,34.7,236.24,21.59,,0.16,,,,
2017-09-12,34.54,229.17,21.75,,0.15,,,,
2017-09-13,34.42,213.52,21.81,,0.15,,,,
2017-09-14,34.33,190.66,21.9,,0.17,,,,
2017-09-15,34.06,171.74,21.73,,0.2,,,,
2017-09-16,34.13,147.62,22.04,,0.18,,,,
2017-09-17,33.78,114.88,21.59,,0.24,,,,
2017-09-18,33.65,96.51,21.28,,0.32,,,,
2017-09-19,34.75,76.42,22.09,,0.24,,,,
2017-09-20,34.95,70.89,22.08,,0.27,,,,
2017-09-21,34.91,79.28,21.65,,0.32,,,,
2017-09-22,34.88,77.56,21.08,,0.34,,,,
2017-09-23,34.88,101.67,20.76,,0.39,,,,
2017-09-24,34.7,134.61,20.35,,0.5,,,,
2017-09-25,34.72,145.97,20.42,,0.65,,,,
2017-09-26,34.67,164.85,20.44,,0.61,,,,
2017-09-27,34.5,154.63,19.96,,1.15,,,,
2017-09-28,34.3,163.74,19.67,,1.51,,,,
2017-09-29,33.84,182.14,18.37,,2.39,,,,
2017-09-30,33.99,182.72,18.75,,1.62,,,,
2017-10-01,34.51,177.02,19.2,,1.39,,,,
2017-10-02,34.92,189.59,20.1,,0.79,,,,
2017-10-03,34.27,181.72,19.95,,1.65,,,,
2017-10-04,34.56,201.27,20.73,,1.01,,,,
2017-10-05,34.22,187.26,20.28,,0.65,,,,
2017-10-06,34.13,164.41,19.61,,0.78,,,,
2017-10-07,34.26,160.21,19.74,,0.48,,,,
2017-10-08,34.2,144.05,20.04,,0.5,,,,
2017-10-09,34.23,133.88,20.17,,0.64,,,,
2017-10-10,34.63,136.97,20.53,,0.52,,,,
2017-10-11,35.03,119.33,20.85,,0.4,,,,
2017-10-12,34.43,115.94,20.15,,0.48,,,,
2017-10-13,34.67,111.64,19.93,,0.62,,,,
2017-10-14,35.01,110.21,20.19,,0.75,,,,
2017-10-15,35.1,124.2,20.73,,0.4,,,,
2017-10-16,34.36,132.78,19.63,,1.12,,,,
2017-10-17,35.12,134.16,20.35,,0.48,,,,
2017-10-18,35.23,149.17,20.02,,0.36,,,,
2017-10-19,35.24,159.49,20.14,,0.32,,,,
2017-10-20,35.25,175.03,20.53,,0.29,,,,
2017-10-21,34.91,163.51,20.09,,0.66,,,,
2017-10-22,34.36,139.26,18.94,,0.6,,,,
2017-10-23,33.9,125.11,18.19,,0.72,,,,
2017-10-24,34.11,123.67,18.73,,0.59,,,,
2017-10-25,34.31,121.6,19.33,,0.56,,,,
2017-10-26,35.02,104.14,20.47,,0.39,,,,
2017-10-27,35.24,91.89,20.53,,0.42,,,,
2017-10-28,35.12,99.3,20.23,,0.56,,,,
2017-10-29,35.15,113.54,19.83,,0.33,,,,
2017-10-30,35.14,115.72,19.4,,0.43,,,,
2017-10-31,35.22,109.19,19.1,,0.48,,,,
2017-11-01,35.2,106.19,19.01,,0.62,,,,
2017-11-02,35.15,105.79,19.67,,0.72,,,,
2017-11-03,35.16,112.35,19.9,,0.73,,,,
2017-11-04,35.25,96.54,19.95,,0.72,,,,
2017-11-05,35.27,84.62,19.75,,0.76,,,,
2017-11-06,35.22,82.2,19.65,,0.65,,,,
2017-11-07,35.15,79.99,19.42,,0.63,,,,
2017-11-08,35.18,74.35,19.55,,0.53,,,,
2017-11-09,35.03,75.31,19.47,,0.45,,,,
2017-11-10,35.03,63.76,19.49,,0.4,,,,
2017-11-11,35.17,68.06,19.22,,0.43,,,,
2017-11-12,34.71,81.41,17.95,,0.51,,,,
2017-11-13,34.35,75.38,16.91,,0.72,,,,
2017-11-14,34.1,73.67,16.05,,0.77,,,,
2017-11-15,34.38,70.92,16.57,,0.72,,,,
2017-11-16,34.6,71.71,17.21,,0.62,,,,
2017-11-17,34.76,73.29,17.41,,0.55,,,,
2017-11-18,34.72,78,16.91,,0.66,,,,
2017-11-19,34.7,62.34,16.73,,0.65,,,,
2017-11-20,34.63,67.87,16.34,,0.58,,,,
2017-11-21,34.53,71.13,15.9,,0.59,,,,
2017-11-22,34.48,75.42,15.82,,0.66,,,,
2017-11-23,34.52,83.54,15.84,,0.61,,,,
2017-11-24,34.62,90.81,15.97,,0.58,,,,
2017-11-25,34.35,90.96,15.29,,0.68,,,,
2017-11-26,34.52,102.38,15.57,,0.85,,,,
2017-11-27,34.56,100.22,15.62,,0.61,,,,
2017-11-28,34.51,92.82,15.25,,0.93,,,,
2017-11-29,34.41,87.69,15.01,,1.07,,,,
2017-11-30,34.41,80.98,14.93,,1.13,,,,
2017-12-01,34.61,82.94,15.33,,0.89,,,,
2017-12-02,34.07,76.97,14.44,,1.65,,,,
2017-12-03,33.9,66.85,14.1,,1.76,,,,
2017-12-04,34.46,69.27,15.03,,0.99,,,,
2017-12-05,34.71,63.1,15.61,,0.69,,,,
2017-12-06,33.56,55.39,13.48,,1.18,,,,
2017-12-07,33.44,57.13,12.99,,1.28,,,,
2017-12-08,33.42,48.88,12.88,,1.08,,,,
2017-12-09,34,45.28,13.76,,0.94,,,,
2017-12-10,34.38,45.11,14.52,,0.56,,,,
2017-12-11,33.82,38.06,13.36,,0.84,,,,
2017-12-12,33.66,42.61,12.82,,1.08,,,,
2017-12-13,33.75,49.41,13.05,,0.82,,,,
2017-12-14,33.9,51.15,13.3,,0.55,,,,
2017-12-15,33.77,48.88,12.94,,0.6,,,,
2017-12-16,33.82,55.14,12.94,,0.59,,,,
2017-12-17,33.81,59.74,12.73,,0.64,,,,
2017-12-18,33.63,65.19,12.23,,0.76,,,,
2017-12-19,33.55,60.85,12.03,,0.78,,,,
2017-12-20,33.87,55.42,12.59,,0.66,,,,
2017-12-21,33.9,53.95,12.42,,0.74,,,,
2017-12-22,34.06,58.01,12.68,,0.58,,,,
2017-12-23,34.15,56.81,13.07,,0.5,,,,
2017-12-24,33.9,52.95,12.49,,0.7,,,,
2017-12-25,34.42,48.66,13.35,,0.55,,,,
2017-12-26,34.66,48.57,13.54,,0.49,,,,
2017-12-27,34.27,48.39,12.73,,0.52,,,,
2017-12-28,34.23,40.75,12.5,,0.45,,,,
2017-12-29,34.24,38.26,12.31,,0.44,,,,
2017-12-30,34.23,35.21,12.1,,0.47,,,,
2017-12-31,34.35,44.01,12.01,,0.47,,,,
2018-01-01,34.37,42.16,11.69,,0.51,,,,
2018-01-02,34.08,41.47,10.86,,0.61,,,,
2018-01-03,33.73,41.81,10.17,,0.69,,,,
2018-01-04,34.05,44.74,10.8,,0.6,,,,
2018-01-05,34.2,53.16,11.28,,0.46,,,,
2018-01-06,33.87,63.28,10.56,,0.42,,,,
2018-01-07,33.85,63.22,10.16,,0.44,,,,
2018-01-08,34.31,67.07,10.61,,0.39,,,,
2018-01-09,34.96,71.95,12.04,,0.3,,,,
2018-01-10,34.92,79.69,11.78,,0.33,,,,
2018-01-11,34.93,75.11,11.84,,0.39,,,,
2018-01-12,34.89,66.04,11.74,,0.41,,,,
2018-01-13,35.04,59.57,12.22,,0.38,,,,
2018-01-14,34.97,51,11.93,,0.42,,,,
2018-01-15,34.97,62.65,11.73,,0.36,,,,
2018-01-16,35.09,72.21,12.25,,0.35,,,,
2018-01-17,35.18,76.82,12.71,,0.35,,,,
2018-01-18,34.6,94.07,11.26,,0.49,,,,
2018-01-19,33.15,94.49,7.75,,0.76,,,,
2018-01-20,33.03,87.64,7.42,,0.79,,,,
2018-01-21,33.32,97.83,8.12,,0.9,,,,
2018-01-22,33.35,99.54,8.44,,0.95,,,,
2018-01-23,33.94,104.66,9.61,,1.26,,,,
2018-01-24,33.98,104.4,9.72,,1.1,,,,
2018-01-25,33.67,87.86,8.84,,1.05,,,,
2018-01-26,33.74,85.67,8.96,,0.89,,,,
2018-01-27,33.99,87.23,9.27,,1.1,,,,
2018-01-28,33.92,89.5,9.29,,1.2,,,,
2018-01-29,34.18,83.71,9.81,,1.06,,,,
2018-01-30,34.38,66.18,10.27,,0.73,,,,
2018-01-31,34.36,63.68,10.29,,0.6,,,,
2018-02-01,34.41,68.95,10.52,,0.58,,,,
2018-02-02,34.33,89.11,10.37,,0.63,,,,
2018-02-03,34.12,96.69,9.74,,0.71,,,,
2018-02-04,33.88,85.47,9,,0.84,,,,
2018-02-05,33.73,81.29,8.67,,0.88,,,,
2018-02-06,34.94,91.35,11.7,,0.66,,,,
2018-02-07,34.35,95.91,10.09,,1.05,,,,
2018-02-08,34.06,91.34,9.44,,1.16,,,,
2018-02-09,33.87,72.89,8.81,,1.18,,,,
2018-02-10,33.6,84.32,8.28,,1.24,,,,
2018-02-11,33.81,91.7,8.98,,1.41,,,,
2018-02-12,34.06,92.48,9.67,,1.23,,,,
2018-02-13,33.58,81.81,8.38,,1.16,,,,
2018-02-14,33.81,85.39,8.83,,1.39,,,,
2018-02-15,33.52,110.1,8.13,,1.41,,,,
2018-02-16,33.35,126.48,7.71,,1.34,,,,
2018-02-17,33.57,110.79,8.24,,1.24,,,,
2018-02-18,33.59,106.18,8.3,,1.21,,,,
2018-02-19,33.39,100,7.8,,1.08,,,,
2018-02-20,33.35,102.68,7.83,,1.33,,,,
2018-02-21,33.29,90.72,7.95,,1.49,,,,
2018-02-22,33.48,64.5,8.47,,1.61,,,,
2018-02-23,33.19,50.97,7.37,,1.26,,,,
2018-02-24,33.12,72.82,7.15,,1.1,,,,
2018-02-25,33.71,90.94,8.65,,1.07,,,,
2018-02-26,35.18,102.79,12.61,,0.59,,,,
2018-02-27,35.66,104.39,13.99,,0.32,,,,
2018-02-28,35.49,103.65,13.58,,0.47,,,,
2018-03-01,34.64,122.11,11.08,,1.41,,,,
2018-03-02,33.67,124.21,8.4,,2.26,,,,
2018-03-03,35.42,112.52,13.25,,0.85,,,,
2018-03-04,35.58,91.42,13.62,,0.55,,,,
2018-03-05,35.73,95.75,14.04,,0.34,,,,
2018-03-06,35.69,107.28,13.88,,0.3,,,,
2018-03-07,35.45,120.54,13.12,,0.31,,,,
2018-03-08,35.45,134.45,13.08,,0.27,,,,
2018-03-09,35.32,176.55,12.55,,0.3,,,,
2018-03-10,34.93,161.27,11.12,,0.54,,,,
2018-03-11,34.66,185.54,10.26,,0.58,,,,
2018-03-12,34.68,198.11,10.36,,0.64,,,,
2018-03-13,35.38,207.74,12.92,,0.46,,,,
2018-03-14,35.28,218.28,12.46,,0.32,,,,
2018-03-15,34.96,221.04,11.2,,0.46,,,,
2018-03-16,34.49,200.43,9.57,,0.72,,,,
2018-03-17,33.9,206.92,7.8,,0.85,,,,
2018-03-18,33.85,183.03,7.62,,0.79,,,,
2018-03-19,33.84,162.98,7.5,,0.89,,,,
2018-03-20,34.05,165.8,7.89,,1.14,,,,
2018-03-21,34.13,166.8,8.13,,1.01,,,,
2018-03-22,34.09,167.22,8.2,,0.7,,,,
2018-03-23,34.07,169.58,8.3,,0.6,,,,
2018-03-24,33.85,197.36,7.81,,0.39,,,5.81,
2018-03-25,34.1,198.95,8.63,,0.59,,,6.23,
2018-03-26,34.96,216.13,11.2,,0.49,,,6.36,
2018-03-27,35.55,212.54,12.9,,0.46,,,6.49,
2018-03-28,35.57,274.4,12.99,,0.47,,,7.13,
2018-03-29,35.22,249.92,12.01,,0.61,,,6.99,
2018-03-30,35.04,215.26,11.57,,0.82,,,7.01,
2018-03-31,34.54,177.68,10.2,,0.85,,,7.92,
2018-04-01,34.51,204.81,10.12,,1.11,,,7.51,
2018-04-02,34.79,215.65,10.88,,1.32,,,7.42,
2018-04-03,35.47,199.62,12.78,,0.68,,,7.46,
2018-04-04,35.36,135.39,12.85,,0.67,,,7.44,
2018-04-05,34.93,140.15,11.27,,0.76,,,7.46,
2018-04-06,34.73,167.55,10.62,,1.29,,,7.78,
2018-04-07,,165.87,,,,,,7.86,
2018-04-08,,153.85,,,,,,7.83,
2018-04-09,34.97,183.24,11.17,,0.59,,,7.82,
2018-04-10,35.13,195.31,11.69,,1.36,,,7.81,
2018-04-11,35.23,214.26,11.89,,0.69,,,7.78,
2018-04-12,35.24,196.34,11.95,,0.69,,,7.73,
2018-04-13,35.1,161.95,11.61,,0.99,,,7.64,
2018-04-14,35,177.66,11.49,,0.9,,,7.55,
2018-04-15,35,191.47,11.37,,1,,,7.52,
2018-04-16,34.93,,11.2,,0.95,,,7.17,
2018-04-17,35.03,,11.87,,1.14,,,7.18,
2018-04-18,34.63,,10.47,,1.19,,,7.37,
2018-04-19,34.26,,9.53,,2.07,,,6.92,
2018-04-20,34.42,,9.87,,1.56,,,6.62,
2018-04-21,34.19,,9.33,,1.11,,,6.01,
2018-04-22,34.14,,9.3,,1.66,,,5.98,
2018-04-23,34.36,,10.33,,2.07,,,6.77,
2018-04-24,35.45,281.52,14.89,,1.33,,,,
2018-04-25,36,278.17,17.53,,1.35,,,,
2018-04-26,36.05,254.95,17.76,,1.07,,,,
2018-04-27,35.94,192.04,17.19,,1.25,,,,
2018-04-28,35.93,192.25,17.29,,0.79,,,,
2018-04-29,36.01,230.62,17.93,,1.38,,,,
2018-04-30,35.69,233.67,16.49,,0.99,,,,
2018-05-01,35.39,249.99,15,,0.97,,,,
2018-05-02,35.38,242.01,14.86,,1.15,,,,
2018-05-03,35.43,231.73,15.24,,1.58,,,,
2018-05-04,34.84,230.33,13.69,,1.68,,,,
2018-05-05,34.16,220.7,11.68,,2.43,,,,
2018-05-06,33.81,201.22,10.71,,2.51,,,,
2018-05-07,33.29,190.16,9.86,,3.71,,,,
2018-05-08,33.41,197.56,10.07,,3.53,,,,
2018-05-09,34.05,178.44,11.78,,2.27,,,,
2018-05-10,34.32,185.75,12.61,,2.09,,,,
2018-05-11,34.38,187.86,12.91,,1.75,,,,
2018-05-12,34.39,192.52,13.29,,1.58,,,,
2018-05-13,34.32,181.26,13.02,,1.81,,,,
2018-05-14,34.24,161.42,12.62,,1.8,,,,
2018-05-15,34.16,127.51,12.69,,1.48,,,,
2018-05-16,34.27,135.33,13.44,,1.38,,,,
2018-05-17,33.85,145.7,12.79,,1.53,,,,
2018-05-18,33.57,159.11,12.32,,1.74,,,,
2018-05-19,33.97,150.73,12.34,,1.76,,,,
2018-05-20,34.42,175.39,14.14,,1.41,,,,
2018-05-21,34.31,199.02,13.91,,1.31,,,,
2018-05-22,33.98,238.56,12.95,,1.62,,,,
2018-05-23,33.78,263.89,12.6,,1.73,,,,
2018-05-24,33.68,246.67,12.66,,1.48,,,,
2018-05-25,33.73,231.48,13.62,,0.93,,,,
2018-05-26,33.72,225.46,13.97,,0.63,,,,
2018-05-27,33.73,232.57,14.3,,0.69,,,,
2018-05-28,33.61,237.64,14.18,,0.82,,,,
2018-05-29,33.62,212.8,14.46,,0.73,,,,
2018-05-30,33.62,201.55,14.79,,0.59,,,,
2018-05-31,33.62,233.45,15.55,,0.44,,,,
2018-06-01,33.7,218.86,16.24,,0.41,,,,
2018-06-02,33.82,242.51,16.33,,0.43,,,,
2018-06-03,34.34,237.56,17.16,,0.38,,,,
2018-06-04,34.79,247.09,17.18,,0.39,,,,
2018-06-05,34.66,269,16.55,,0.52,,,,
2018-06-06,34.68,278.79,16.74,,0.46,,,,
2018-06-07,34.88,268.14,17.08,,0.28,,,,
2018-06-08,34.87,284.83,17.37,,0.32,,,,
2018-06-09,34.22,284.14,16.3,,0.46,,,,
2018-06-10,34.24,261.67,16.18,,0.84,,,,
2018-06-11,34.37,260.51,16.47,,0.9,,,,
2018-06-12,34.22,244.51,16.29,,0.73,,,,
2018-06-13,34.37,250.96,16.41,,0.83,,,,
2018-06-14,34.27,271.04,16.14,,0.73,,,,
2018-06-15,33.59,239.19,15.57,,0.63,,,,
2018-06-16,34.71,225.9,17.66,,0.56,,,,
2018-06-17,34.67,242.94,18.02,,0.38,,,,
2018-06-18,34.83,,18.42,,0.34,,,,
2018-06-19,34.62,,18.58,,0.4,,,,
2018-06-20,34.75,,19.02,,0.37,,,,
2018-06-21,34.85,,19.51,,0.5,,,,
2018-06-22,34.91,,19.51,,0.69,,,,
2018-06-23,34.98,,19.37,,0.61,,,,
2018-06-24,34.93,,19.53,,0.58,,,,
2018-06-25,34.86,,19.57,,0.54,,,,
2018-06-26,34.63,,19.31,,0.51,,,,
2018-06-27,34.51,,19.19,,0.45,,,,
2018-06-28,34.59,,19.78,,0.4,,,,
2018-06-29,34.75,,20.24,,0.37,,,,
2018-06-30,34.73,,20.45,,0.37,,,,
2018-07-01,34.4,,19.99,,0.35,,,,
2018-07-02,34.05,,19.57,,0.38,,,,
2018-07-03,33.77,,19.21,,0.34,,,,
2018-07-04,33.49,,18.86,,0.3,,,,
2018-07-05,33.51,,19.71,,0.29,,,,
2018-07-06,33.8,,22.13,,0.28,,,,
2018-07-07,33.97,,22.19,,0.32,,,,
2018-07-08,34.22,,21.31,,0.26,,,,
2018-07-09,34.47,,21.37,,0.22,,,,
2018-07-10,34.56,,21.74,,0.21,,,,
2018-07-11,34.41,,21.97,,0.22,,,,
2018-07-12,34.5,299.4,22.11,,0.23,,,,
2018-07-13,34.78,305.25,22.79,,0.15,,,,
2018-07-14,34.86,307.28,22.99,,0.13,,,,
2018-07-15,34.87,308.67,23.16,,0.14,,,,
2018-07-16,34.73,312.02,23.16,,0.16,,,,
2018-07-17,34.58,313.9,23.31,,0.18,,,,
2018-07-18,34.12,304.47,23.17,,0.34,,,,
2018-07-19,34.03,288.96,23.11,,0.39,,,,
2018-07-20,33.8,287.61,22.28,,0.53,,,,
2018-07-21,33.97,289.49,22.83,,0.35,,,,
2018-07-22,34.74,279.32,23.53,,0.17,,,,
2018-07-23,34.59,250.38,23.42,,0.2,,,,
2018-07-24,34.55,240.07,23.43,,0.18,,,,
2018-07-25,34.34,221.79,23.37,,0.21,,,,
2018-07-26,34.37,239.47,23.38,,0.24,,,,
2018-07-27,33.78,215.87,23.01,,0.29,,,,
2018-07-28,33.68,214.38,23.1,,0.34,,,,
2018-07-29,34.18,228.82,23.68,,0.29,,,,
2018-07-30,34.06,250.7,23.63,,0.34,,,,
2018-07-31,33.74,253.3,23.55,,0.33,,,,
2018-08-01,33.76,261.59,23.3,,0.34,,,,
2018-08-02,33.82,271.59,23.76,,0.26,,,,
2018-08-03,33.82,292.78,23.93,,0.19,,,,
2018-08-04,33.76,291.21,24.18,,0.15,,,,
2018-08-05,33.44,289.85,23.73,,0.19,,,,
2018-08-06,33.54,276.02,24.2,,0.2,,,,
2018-08-07,33.63,274.46,24.36,,0.16,,,,
2018-08-08,33.65,272.09,25.07,,0.15,,,,
2018-08-09,33.74,254.27,25.66,,0.15,,,,
2018-08-10,33.9,227.14,25.78,,0.15,,,,
2018-08-11,33.93,222.86,25.63,,0.16,,,,
2018-08-12,33.72,219.43,25.46,,0.18,,,,
2018-08-13,33.81,228.9,25.57,,0.18,,,,
2018-08-14,33.8,223.7,25.33,,0.15,,,,
2018-08-15,33.58,230.4,25.56,,0.13,,,,
2018-08-16,33.48,210.67,25.48,,0.14,,,,
2018-08-17,33.73,213.17,25.48,,0.13,,,,
2018-08-18,33.62,195.47,25.8,,0.15,,,,
2018-08-19,33.73,193.56,25.65,,0.19,,,,
2018-08-20,33.76,192.43,24.8,,0.22,,,,
2018-08-21,33.36,194.92,23.87,,0.23,,,,
2018-08-22,33.42,211.76,23.96,,0.2,,,,
2018-08-23,33.05,244.57,23.35,,0.23,,,,
2018-08-24,32.9,262.5,22.77,,0.22,,,,
2018-08-25,32.88,277.56,22.73,,0.21,,,,
2018-08-26,32.93,280.49,22.8,,0.19,,,,
2018-08-27,32.87,281.04,22.65,,0.18,,,,
2018-08-28,32.84,273.64,22.67,,0.16,,,,
2018-08-29,32.89,260.43,23.25,,0.19,,,,
2018-08-30,32.97,259.74,23.57,,0.2,,,,
2018-08-31,33.22,259.16,23.98,,0.18,,,,
2018-09-01,33.56,257.18,23.85,,0.18,,,,
2018-09-02,33.61,256.86,23.76,,0.16,,,,
2018-09-03,33.55,254.67,23.74,,0.16,,,,
2018-09-04,33.25,234.6,23.48,,0.19,,,,
2018-09-05,33.17,210.39,23.5,,0.21,,,,
2018-09-06,33.17,170.83,23.67,,0.18,,,,
2018-09-07,33.2,142,23.81,,0.2,,,,
2018-09-08,33.25,141.7,23.82,,0.24,,,,
2018-09-09,33.35,133.1,23.34,,0.3,,,,
2018-09-10,33.51,111.64,22.51,,0.35,,,,
2018-09-11,33.6,130,22.11,,0.31,,,,
2018-09-12,33.57,155.44,22.3,,0.2,,,,
2018-09-13,33.41,192.46,21.89,,0.22,,,,
2018-09-14,33.4,210.93,21.68,,0.25,,,,
2018-09-15,33.52,197.79,21.89,,0.19,,,,
2018-09-16,33.58,185.87,22.35,,0.16,,,,
2018-09-17,33.96,196.76,22.87,,0.15,,,,
2018-09-18,34.17,198.84,23.37,,0.16,,,,
2018-09-19,34.37,194.54,23.68,,0.16,,,,
2018-09-20,34.43,165.37,23.06,,0.19,,,,
2018-09-21,34.58,160.6,22.9,,0.18,,,,
2018-09-22,34.62,148.22,22.83,,0.17,,,,
2018-09-23,34.69,156.43,22.72,,0.2,,,,
2018-09-24,34.76,149.11,22.69,,0.25,,,,
2018-09-25,34.72,130.96,22.23,,0.32,,,,
2018-09-26,34.78,131.02,22.45,,0.25,,,,
2018-09-27,34.93,154.03,23.08,,0.21,,,,
2018-09-28,34.86,161.26,22.68,,0.21,,,,
2018-09-29,34.83,180.8,22.51,,0.21,,,,
2018-09-30,34.92,183.85,22.64,,0.17,,,,
2018-10-01,35,194.66,22.43,,0.17,,,,
2018-10-02,35.02,195.02,22.44,,0.17,,,,
2018-10-03,34.71,193.73,22.12,,0.2,,,,
2018-10-04,34.36,171.85,21.18,,0.24,,,,
2018-10-05,34.6,157.61,21.69,,0.23,,,,
2018-10-06,34.98,154.81,22.29,,0.19,,,,
2018-10-07,34.98,147.14,22.08,,0.24,,,,
2018-10-08,34.88,135.94,21.81,,0.31,,,,
2018-10-09,34.78,125.85,21.7,,0.27,,,,
2018-10-10,34.57,104.11,21.27,,0.22,,,,
2018-10-11,34.74,102.86,21.88,,0.19,,,,
2018-10-12,34.64,94.09,21.71,,0.32,,,,
2018-10-13,34.38,89.91,20.42,,0.55,,,,
2018-10-14,34.07,91.64,18.91,,0.9,,,,
2018-10-15,34.34,101.61,19.64,,0.73,,,,
2018-10-16,34.76,120.35,20.39,,0.56,,,,
2018-10-17,34.93,115.92,20.31,,0.59,,,,
2018-10-18,34.96,114.97,20.29,,0.63,,,,
2018-10-19,,121.51,,,,,,,
2018-10-20,,112.78,,,,,,,
2018-10-21,,99.19,,,,,,,
2018-10-22,,89.95,,,,,,,
2018-10-23,,86.74,,,,,,,
2018-10-24,,97.01,,,,,,,
2018-10-25,33.02,106.38,14.82,,2.2,,,,
2018-10-26,33.23,116.23,14.77,,2.43,,,,
2018-10-27,33.47,110.54,15.11,,2.04,,,,
2018-10-28,33.37,135.25,14.79,,2.32,,,,
2018-10-29,33.36,134.95,14.84,,2.48,,,,
2018-10-30,32.98,115.1,14.16,,2.24,,,0.6,
2018-10-31,32.89,106.78,13.75,,3,,,0.6,
2018-11-01,32.79,117.85,13.63,,2.85,,,,
2018-11-02,32.76,102.27,13.71,,2.71,,,,
2018-11-03,32.74,101.57,13.8,,2.54,,,,
2018-11-04,32.81,96.31,13.82,,2.14,,,0.06,
2018-11-05,32.85,92.28,13.84,,2.02,,,,
2018-11-06,32.89,98.97,13.86,,2.13,,,,
2018-11-07,33.04,100.92,14.02,,2.38,,,0.45,
2018-11-08,33.69,95.95,14.93,,2.03,,,0.05,
2018-11-09,33.75,118.8,15,,1.71,,,0.21,
2018-11-10,33.69,112.37,14.84,,1.64,,,,
2018-11-11,33.66,101.7,14.46,,1.7,,,0.46,
2018-11-12,33.66,90.27,14.38,,1.74,,,0.41,
2018-11-13,33.72,82.36,14.48,,1.59,,,0.19,
2018-11-14,33.86,81.23,14.66,,1.29,,,0.8,
2018-11-15,33.95,71.95,14.58,,1.15,,,1.21,
2018-11-16,33.99,60.93,14.73,,0.94,,,1.36,
2018-11-17,34,66.85,14.26,,0.96,,,1.47,
2018-11-18,33.85,66.9,13.94,,1.12,,,1.7,
2018-11-19,34.1,81.66,14.49,,1.06,,,1.21,
2018-11-20,34.42,115.9,15.15,,0.89,,,0.55,
2018-11-21,34.35,123.86,14.8,,1.09,,,1.44,
2018-11-22,34.28,118.63,14.39,,1.07,,,2.62,
2018-11-23,33.92,109.7,13.39,,1.28,,,1.74,
2018-11-24,34.01,103.95,13.38,,1.41,,,1.56,
2018-11-25,34.79,97.38,14.95,,0.88,,,1.27,
2018-11-26,34.88,89,15.13,,0.8,,,1.16,
2018-11-27,35.01,54.43,15.37,,0.63,,,1.47,
2018-11-28,34.91,54.19,15.02,,0.64,,,2.29,
2018-11-29,33.87,52.15,12.93,,1,,,3.22,
2018-11-30,33.23,54.99,11.5,,1.06,,,3.72,
2018-12-01,33.05,58.67,11.4,,1.24,,,3.91,
2018-12-02,33.15,74.35,11.24,,1.52,,,3.45,
2018-12-03,33.4,75.98,11.79,,1.64,,,3.46,
2018-12-04,34.09,82.85,12.77,,1.45,,,3.45,
2018-12-05,33.76,86.83,12.07,,1.66,,,3.47,
2018-12-06,33.66,91.76,11.65,,1.6,,,3.48,
2018-12-07,33.57,93.32,11.4,,1.46,,,3.46,
2018-12-08,33.79,102.09,11.63,,1.45,,,3.77,
2018-12-09,34.2,91.81,12.38,,1.27,,,3.64,
2018-12-10,34.25,93.88,12.22,,1.35,,,3.86,
2018-12-11,34.34,93.16,12.43,,1.08,,,3.43,
2018-12-12,34.42,73.06,12.62,,0.93,,,3.48,
2018-12-13,34.45,65.38,12.64,,0.81,,,2.75,
2018-12-14,34.58,59.34,12.91,,0.58,,,2.78,
2018-12-15,34.68,55,13.18,,0.63,,,2.82,
2018-12-16,34.73,73.91,13.25,,0.44,,,2.94,
2018-12-17,34.72,71.01,13.13,,0.45,,,3.47,
2018-12-18,34.39,61.08,12.39,,0.53,,,4.22,
2018-12-19,34.07,65.1,11.57,,0.63,,,4.16,
2018-12-20,33.84,76.67,10.92,,0.96,,,4.22,
2018-12-21,33.95,77.51,11.27,,0.89,,,4.35,
2018-12-22,34.64,74.87,12.89,,0.44,,,4.68,
2018-12-23,34.43,72.62,12.29,,0.54,,,4.69,
2018-12-24,34.3,81.77,11.87,,0.78,,,4.53,
2018-12-25,34.04,82.04,11.28,,0.85,,,4.71,
2018-12-26,34.2,90.85,11.37,,0.86,,,4.69,
2018-12-27,33.96,83.95,10.76,,1.08,,,4.53,
2018-12-28,33.86,102.28,10.58,,1.22,,,4.91,
2018-12-29,34.09,103.01,11.2,,1.05,,,4.64,
2018-12-30,33.58,94.12,10.29,,1.24,,,4.24,
2018-12-31,33.74,79.97,10.39,,1.31,,,4.35,
2019-01-01,34,91.86,11.14,1.09,,,4.27,,
2019-01-02,34.06,80.33,11.23,1.03,,,4.33,,
2019-01-03,33.87,84.84,10.71,1.25,,,4.29,,
2019-01-04,33.91,98.7,10.67,1.18,,,4.64,,
2019-01-05,33.85,92.62,10.6,1.24,,,4.72,,
2019-01-06,33.64,90.94,10.02,1.08,,,4.86,,
2019-01-07,33.7,91.14,9.89,1.04,,,5.01,,
2019-01-08,33.86,88.95,10.21,1.03,,,5.1,,
2019-01-09,33.78,125.01,10.02,0.89,,,5.56,,
2019-01-10,33.7,121.09,9.83,0.74,,,5.68,,
2019-01-11,33.34,90.94,8.9,0.65,,,5.78,,
2019-01-12,33.19,124.61,8.32,0.7,,,5.8,,
2019-01-13,33.17,120.77,8.21,0.66,,,5.9,,
2019-01-14,34.05,139.32,10.19,0.52,,,5.96,,
2019-01-15,34.63,133.06,11.54,0.44,,,5.25,,
2019-01-16,34.32,101.72,10.54,0.66,,,5.58,,
2019-01-17,34.13,95.86,10,0.73,,,5.56,,
2019-01-18,34.51,95.78,10.77,0.67,,,5.9,,
2019-01-19,34.49,99.01,11.02,0.68,,,5.99,,
2019-01-20,34.39,98.49,10.73,0.72,,,6.04,,
2019-01-21,34.48,80.1,10.91,0.48,,,6.55,,
2019-01-22,34.17,81.48,10.06,0.56,,,6.43,,
2019-01-23,34.08,112.11,9.92,0.63,,,6.31,,
2019-01-24,33.98,134.53,9.75,0.67,,,6.27,,
2019-01-25,34.03,134.47,9.85,0.67,,,6.22,,
2019-01-26,33.98,110,9.55,0.69,,,6.03,,
2019-01-27,33.52,117.71,8.21,0.99,,,6.07,,
2019-01-28,33.44,127.42,8.1,0.95,,,5.81,,
2019-01-29,33.66,143.3,8.69,0.85,,,6.12,,
2019-01-30,33.21,137.46,7.61,0.79,,,6.21,,
2019-01-31,33.76,133.63,8.89,0.88,,,6.58,,
2019-02-01,33.35,139.66,7.53,0.77,,,6.41,,
2019-02-02,,139.41,,,,,6.21,,
2019-02-03,,147.72,,,,,6.13,,
2019-02-04,,138.63,,,,,6.01,,
2019-02-05,,124.97,,,,,6.09,,
2019-02-06,,128.42,,,,,5.45,,
2019-02-07,,160.51,,,,,6.18,,
2019-02-08,,162.31,,,,,5.88,,
2019-02-09,,152.33,,,,,5.56,,
2019-02-10,,145.87,,,,,5.29,,
2019-02-11,,159.68,,,,,5.42,,
2019-02-12,,170.68,,,,,4.98,,
2019-02-13,,154.69,,,,,5.03,,
2019-02-14,,152.85,,,,,5,,
2019-02-15,,144.98,,,,,4.77,,
2019-02-16,,183.07,,,,,4.95,,
2019-02-17,,176.16,,,,,5.11,,
2019-02-18,,169.63,,,,,3.94,,
2019-02-19,,167.08,,,,,4.24,,
2019-02-20,,168.04,,,,,4.43,,
2019-02-21,,120.34,,,,,5.2,,
2019-02-22,,132.05,,,,,4.2,,
2019-02-23,,124.87,,,,,4.11,,
2019-02-24,,131.27,,,,,5.3,,
2019-02-25,,128.02,,,,,4.97,,
2019-02-26,,123.11,,,,,5.16,,
2019-02-27,,112.08,,,,,5.69,,
2019-02-28,,134.12,,,,,6.13,,
2019-03-01,,133.11,,,,,6.48,,
2019-03-02,,133.84,,,,,6.69,,
2019-03-03,,140.28,,,,,6.48,,
2019-03-04,,172.58,,,,,6.54,,
2019-03-05,,200.69,,,,,7.02,,
2019-03-06,,225.27,,,,,7.35,,
2019-03-07,,205.11,,,,,7.25,,
2019-03-08,,221.29,,,,,7.19,,
2019-03-09,,185.42,,,,,7.17,,
2019-03-10,,210.63,,,,,7.08,,
2019-03-11,,195.88,,,,,7.13,,
2019-03-12,,177.5,,,,,7.14,,
2019-03-13,,,,,,,7.01,,
2019-03-14,,,,,,,6.8,,
2019-03-15,,,,,,,6.68,,
2019-03-16,,,,,,,7.08,,
2019-03-17,,,,,,,6.64,,
2019-03-18,,,,,,,6.4,,
2019-03-19,,,,,,,6.49,,
2019-03-20,,,,,,,6.38,,
2019-03-21,,,,,,,6.41,,
2019-03-22,,,,,,,5.93,,
2019-03-23,,,,,,,6.45,,
2019-03-24,,,,,,,7.06,,
2019-03-25,,,,,,,6.97,,
2019-03-26,,273.5,,,,,6.45,,
2019-03-27,,243.76,,,,,6.62,,
2019-03-28,,192.62,,,,,6.5,,
2019-03-29,,213.69,,,,,6.49,,
2019-03-30,,281.4,,,,,6.41,,
2019-03-31,,280.73,,,,,6.41,,
2019-04-01,,243.78,,,,,6.36,,
2019-04-02,,246.41,,,,,6.44,,
2019-04-03,,253.87,,,,,6.52,,
2019-04-04,,309.57,,,,,6.43,,
2019-04-05,33.31,280.57,7.35,1.28,,,6.44,,
2019-04-06,33.08,237.28,6.55,1.1,,,4.78,,
2019-04-07,33,237.08,6.44,1.39,,,3.01,,
2019-04-08,33.04,248.99,6.9,2.48,,,0.84,,
2019-04-09,33.04,214.5,6.96,3.38,,,0.73,,
2019-04-10,32.98,212.87,6.74,1.88,,,0.92,,
2019-04-11,32.97,152.45,6.92,2.23,,,0.98,,
2019-04-12,33.01,,7.01,2.88,,,0.98,,
2019-04-13,33.2,,7.05,1.5,,,1.41,,
2019-04-14,33.29,,7.96,2.24,,,3.26,,
2019-04-15,33.49,,9.36,2.16,,,2.51,,
2019-04-16,32.96,,7.32,0.79,,,2.63,,
2019-04-17,33.03,283.75,7.65,0.53,,,2.8,,
2019-04-18,33.28,251.38,8.5,0.96,,,2.22,,
2019-04-19,33.75,240.54,10.08,1.46,,,2.22,,
2019-04-20,32.61,181.08,7.1,0.93,,,2.08,,
2019-04-21,32.52,180.9,7.24,1.58,,,1.68,,
2019-04-22,32.68,206.24,7.73,2.04,,,0.83,,
2019-04-23,33.26,183.7,9.91,2.96,,,0.32,,
2019-04-24,33.4,200.37,10.63,2.19,,,0.4,,
2019-04-25,33.53,202.1,11.11,1.12,,,,,
2019-04-26,33.34,221.23,10.86,1.07,,,0.08,,
2019-04-27,33.57,220.28,11.34,1.09,,,0.16,,
2019-04-28,33.86,195.79,11.73,1.34,,,,,
2019-04-29,33.66,180.81,11.26,1.35,,,,,
2019-04-30,33.74,190.8,11.75,1.35,,,,,
2019-05-01,33.75,164.64,11.81,1.42,,,,,
2019-05-02,33.63,155.16,11.42,1.45,,,,,
2019-05-03,33.14,148.67,9.7,2.36,,,,,
2019-05-04,33.26,169.54,10.24,1.73,,,0.05,,
2019-05-05,33.56,191.52,11.1,1.69,,,,,
2019-05-06,33.81,207.48,11.61,1.12,,,0.11,,
2019-05-07,34.01,206.37,12.32,0.97,,,,,
2019-05-08,33.25,228.63,9.72,1.14,,,,,
2019-05-09,33.48,231.22,10.94,1.14,,,0.16,,
2019-05-10,33.23,208.89,10.12,1.69,,,,,
2019-05-11,33.39,185.95,11.33,1.7,,,0.56,,
2019-05-12,33.51,187.01,11.68,1.28,,,0.15,,
2019-05-13,33.97,187.12,11.11,1.36,,,0.48,,
2019-05-14,33.78,202.12,10.54,1.23,,,1.23,,
2019-05-15,33.91,207.67,11.76,1.64,,,,,
2019-05-16,34.16,241.5,12.61,1.82,,,3.11,,
2019-05-17,34.12,269.06,12.83,1.53,,,2.08,,
2019-05-18,34.11,291.78,13,1.27,,,0.67,,
2019-05-19,34.16,298.73,13.13,1.17,,,0.12,,
2019-05-20,34.14,271.6,13.69,0.91,,,0.1,,
2019-05-21,33.59,278.08,12.58,1.14,,,0.09,,
2019-05-22,32.69,280.82,10.87,0.91,,,0.04,,
2019-05-23,33.06,269.09,11.19,1.34,,,0.04,,
2019-05-24,32.97,272.95,10.63,1.46,,,0.1,,
2019-05-25,33.16,253.27,11.66,1.38,,,0.05,,
2019-05-26,33.13,241.25,11.59,1.68,,,0.06,,
2019-05-27,32.81,257.96,11.43,1.36,,,0.06,,
2019-05-28,33.24,260.51,13.73,0.91,,,0.06,,
2019-05-29,34.68,239.45,18.87,0.4,,,0.04,,
2019-05-30,34.81,237.86,19.69,0.19,,,0.07,,
2019-05-31,34.98,229.47,20.26,0.15,,,0.06,,
2019-06-01,35.34,249.92,21.03,0.28,,,0.05,,
2019-06-02,35.37,256.07,19.85,0.41,,,0.06,,
2019-06-03,35.1,258.13,20,0.29,,,0.07,,
2019-06-04,35.11,247.01,20.16,0.31,,,0.07,,
2019-06-05,35.12,268.74,20.16,0.37,,,0.09,,
2019-06-06,34.93,285.21,20.17,0.41,,,0.08,,
2019-06-07,34.91,275.46,20.47,0.31,,,0.11,,
2019-06-08,35.03,254.07,20.7,0.26,,,0.14,,
2019-06-09,35.14,253.68,20.61,0.27,,,0.14,,
2019-06-10,35.09,242.12,20.69,0.3,,,0.13,,
2019-06-11,35.15,247.89,21.13,0.26,,,0.17,,
2019-06-12,35.21,248.61,21.21,0.25,,,0.13,,
2019-06-13,35.27,236.6,21.06,0.23,,,0.12,,
2019-06-14,35.23,236.47,21.24,0.16,,,0.1,,
2019-06-15,35.12,228.56,20.87,0.16,,,0.11,,
2019-06-16,35.19,208.71,21.22,0.15,,,0.09,,
2019-06-17,34.82,217.52,20.64,0.23,,,0.12,,
2019-06-18,34.11,195.61,19.6,0.26,,,0.15,,
2019-06-19,34.6,199.87,20.72,0.26,,,0.19,,
2019-06-20,33.62,217.06,18.67,0.29,,,0.27,,
2019-06-21,32.66,236.22,16.67,0.48,,,0.38,,
2019-06-22,32.7,238.44,16.79,0.44,,,0.37,,
2019-06-23,32.81,259.78,16.72,0.48,,,0.51,,
2019-06-24,33.02,269.72,17.39,0.43,,,0.52,,
2019-06-25,32.88,299.92,17.3,0.49,,,0.52,,
2019-06-26,32.46,284.78,16.29,0.63,,,0.57,,
2019-06-27,32.95,280.99,17.92,0.49,,,0.51,,
2019-06-28,33.86,283.41,21.02,0.18,,,0.58,,
2019-06-29,34.05,296.37,21.41,0.18,,,0.6,,
2019-06-30,34.72,303.4,22.35,0.17,,,0.58,,
2019-07-01,33.72,310.09,20.55,0.28,,,0.72,,
2019-07-02,33.12,309.45,20.11,0.31,,,0.76,,
2019-07-03,32.6,314.76,18.85,0.62,,,0.69,,
2019-07-04,32.11,305.49,18.13,0.61,,,0.74,,
2019-07-05,32.74,280.37,18.48,0.35,,,0.75,,
2019-07-06,33.06,298.18,19.16,0.39,,,0.59,,
2019-07-07,33.14,295.49,21.01,0.38,,,0.85,,
2019-07-08,33.66,292.59,22.36,0.28,,,0.82,,
2019-07-09,34.47,280.32,23.3,0.15,,,0.87,,
2019-07-10,34.58,289.66,23.58,0.16,,,0.85,,
2019-07-11,35.01,301.42,24.4,0.11,,,0.91,,
2019-07-12,35.05,320.99,24.87,0.11,,,1.07,,
2019-07-13,34.76,316.5,24.39,0.13,,,1.11,,
2019-07-14,34.39,306.77,23.9,0.15,,,1.12,,
2019-07-15,33.01,281.69,22.35,0.24,,,1.27,,
2019-07-16,32.54,274.21,21.96,0.29,,,1.24,,
2019-07-17,32.52,271.16,22.25,0.33,,,1.38,,
2019-07-18,32.33,269.45,22.5,0.36,,,1.45,,
2019-07-19,32.21,270.81,22.66,0.36,,,1.55,,
2019-07-20,32.3,247.13,22.84,0.25,,,1.47,,
2019-07-21,32.58,236.71,23.4,0.16,,,1.56,,
2019-07-22,32.85,259.48,24.69,0.13,,,1.44,,
2019-07-23,33.51,277.49,25.04,0.14,,,1.85,,
2019-07-24,34.28,277.79,25.34,0.18,,,1.57,,
2019-07-25,34.58,277.29,25.09,0.15,,,1.35,,
2019-07-26,34.22,276.66,24.55,0.16,,,1.26,,
2019-07-27,33.29,299.38,22.82,0.24,,,1.15,,
2019-07-28,32.92,319.79,22.01,0.26,,,1.05,,
2019-07-29,32.99,309.86,22.61,0.24,,,1.21,,
2019-07-30,33.14,299.56,22.98,0.18,,,1.4,,
2019-07-31,33.29,295.04,23.38,0.16,,,1.5,,
2019-08-01,33.23,290.38,22.62,0.24,,,1.56,,
2019-08-02,33.26,285.92,21.93,0.26,,,1.37,,
2019-08-03,33.12,255.82,21.24,0.3,,,1.32,,
2019-08-04,33.13,249.47,21.75,0.23,,,1.23,,
2019-08-05,33.53,259.54,22.08,0.2,,,1.2,,
2019-08-06,34.04,268.13,23.41,0.19,,,1.1,,
2019-08-07,33.67,270.67,23.44,0.18,,,1.76,,
2019-08-08,34.2,275.06,24.83,0.14,,,,,
2019-08-09,34.35,278.85,25.19,0.15,,,,,
2019-08-10,34.12,279.12,25,0.16,,,,,
2019-08-11,34.12,266.34,24.33,0.14,,,,,
2019-08-12,34.17,255.16,24.48,0.14,,,,,
2019-08-13,34.36,234.74,25.22,0.15,,,,,
2019-08-14,34.38,217.44,25.52,0.14,,,,,
2019-08-15,,206.03,,0.15,,,,,
2019-08-16,,201.94,,0.14,,,,,
2019-08-17,,227.78,,0.13,,,,,
2019-08-18,,226.18,,0.12,,,,,
2019-08-19,,231.29,,0.13,,,,,
2019-08-20,,229.68,,0.12,,,,,
2019-08-21,,245.31,,0.13,,,,,
2019-08-22,,237.32,,0.12,,,,,
2019-08-23,,238.74,,0.12,,,,,
2019-08-24,,225.99,,0.12,,,,,
2019-08-25,,213.15,,0.13,,,,,
2019-08-26,,202.17,,0.12,,,,,
2019-08-27,,220.26,,0.12,,,,,
2019-08-28,,217.13,,0.13,,,,,
2019-08-29,,229.47,,0.16,,,,,
2019-08-30,,224.09,,0.16,,,,,
2019-08-31,,235.97,,0.13,,,,,
2019-09-01,,260.26,,0.11,,,,,
2019-09-02,,256.82,,0.11,,,,,
2019-09-03,,219.76,,0.12,,,,,
2019-09-04,,200.41,,0.13,,,,,
2019-09-05,,198.4,,0.16,,,,,
2019-09-06,,192.92,,0.25,,,,,
2019-09-07,,189.85,,0.41,,,,,
2019-09-08,,187.03,,0.44,,,,,
2019-09-09,,177.36,,0.26,,,,,
2019-09-10,,211.75,,0.18,,,,,
2019-09-11,,224.58,,0.15,,,,,
2019-09-12,,200.16,,0.17,,,,,
2019-09-13,35.2,193.16,22.81,0.29,,,1.4,,
2019-09-14,35.29,194.77,22.84,0.3,,,1.38,,
2019-09-15,35.46,180.4,23.23,0.29,,,1.39,,
2019-09-16,35.54,204.3,23.5,0.28,,,1.38,,
2019-09-17,35.7,200.29,23.81,0.24,,,1.41,,
2019-09-18,35.67,200.41,23.04,0.48,,,1.43,,
2019-09-19,35.63,220.81,22.89,0.51,,,1.36,,
2019-09-20,35.89,226.66,23.47,0.4,,,1.31,,
2019-09-21,35.86,218.62,23.06,0.47,,,1.32,,
2019-09-22,35.85,233.9,23.05,0.34,,,1.38,,
2019-09-23,35.8,237.21,23.04,0.34,,,1.4,,
2019-09-24,35.46,238.59,22.62,0.33,,,1.46,,
2019-09-25,35.47,237.17,23.72,0.19,,,1.45,,
2019-09-26,35.52,235.16,23.76,0.16,,,1.43,,
2019-09-27,35.73,235.16,24.01,0.19,,,0.45,,
2019-09-28,35.81,219.63,24.02,0.17,,,,,
2019-09-29,35.87,205.68,24.17,0.11,,,,,
2019-09-30,36.03,174.24,24.45,0.18,,,0.01,,
2019-10-01,35.99,160.96,24.16,0.11,,,0.07,,
2019-10-02,36.03,155.21,23.83,0.26,,,0.05,,
2019-10-03,35.99,147.41,23.71,0.26,,,0.05,,
2019-10-04,35.98,138.34,23.55,0.28,,,0.05,,
2019-10-05,36.03,127.66,23.45,0.34,,,0.04,,
2019-10-06,35.99,113.3,23.17,0.4,,,0.09,,
2019-10-07,35.73,107.77,22.62,0.34,,,0.1,,
2019-10-08,35.66,90.81,22.39,0.43,,,0.08,,
2019-10-09,35.5,71.4,21.96,0.42,,,0.09,,
2019-10-10,35.5,70.42,21.71,0.35,,,0.25,,
2019-10-11,35.13,64.82,20.42,0.26,,,1.08,,
2019-10-12,35.91,90.28,22.88,0.27,,,0.86,,
2019-10-13,36.07,101.67,23.3,0.33,,,1.1,,
2019-10-14,36.08,110.25,23.48,0.52,,,0.87,,
2019-10-15,36.03,121.3,23.38,0.55,,,0.7,,
2019-10-16,36,136.65,23.17,0.73,,,0.84,,
2019-10-17,35.85,127.24,22.14,0.65,,,0.78,,
2019-10-18,35.73,123.15,20.44,0.71,,,1.15,,
2019-10-19,35.75,105.56,20.25,0.68,,,1.66,,
2019-10-20,35.61,108.86,19.8,0.77,,,1.78,,
2019-10-21,35.47,121.34,19.49,0.81,,,1.7,,
2019-10-22,35.5,121.71,19.67,0.78,,,1.44,,
2019-10-23,34.44,123.4,17.16,0.71,,,1.11,,
2019-10-24,34.5,113.23,17.2,0.78,,,0.98,,
2019-10-25,34.53,113.12,17.21,1.11,,,1.24,,
2019-10-26,34.74,116.12,17.83,1.01,,,1.3,,
2019-10-27,34.78,105.02,17.88,0.88,,,1.27,,
2019-10-28,35.2,91.45,18.93,0.88,,,1.42,,
2019-10-29,35.61,96.51,20.29,0.97,,,1.8,,
2019-10-30,35.56,86.79,20.27,0.98,,,1.62,,
2019-10-31,35.57,106.4,20.4,1.13,,,1.25,,
2019-11-01,35.59,117.17,20.54,0.91,,,1.17,,
2019-11-02,,112.36,,,,,1.22,,
2019-11-03,,125.3,,,,,1.02,,
2019-11-04,,127.43,,,,,0.75,,
2019-11-05,,118.6,,,,,0.94,,
2019-11-06,,121.72,,,,,0.75,,
2019-11-07,,111.72,,,,,0.85,,
2019-11-08,,104.81,,,,,0.9,,
2019-11-09,,99.26,,,,,0.97,,
2019-11-10,,92.13,,,,,1.01,,
2019-11-11,,90.08,,,,,0.98,,
2019-11-12,34.98,82.44,17.76,0.74,,,0.89,,
2019-11-13,35.12,80.55,17.82,0.53,,,1.11,,
2019-11-14,35.1,74.27,17.66,0.52,,,1.16,,
2019-11-15,35.24,64.74,17.9,0.5,,,1.12,,
2019-11-16,35.33,71.08,17.93,0.44,,,1.28,,
2019-11-17,35.36,59.26,17.69,0.47,,,1.91,,
2019-11-18,35.2,69.04,17.25,0.57,,,1.47,,
2019-11-19,34.31,72.12,15.45,1.18,,,1.57,,
2019-11-20,34.31,74.89,15.52,1.22,,,1.48,,
2019-11-21,34.29,74,15.03,1.26,,,2.07,,
2019-11-22,34.56,85.09,15.64,0.98,,,2.39,,
2019-11-23,34.66,89.79,15.73,0.89,,,2.68,,
2019-11-24,34.77,90.11,15.91,0.99,,,3.05,,
2019-11-25,34.53,75.42,15.23,1.07,,,2.92,,
2019-11-26,34.33,78.08,14.58,1.54,,,2.45,,
2019-11-27,34.12,79.26,14.28,1.63,,,2.31,,
2019-11-28,34.22,81.49,14.57,1.36,,,2.44,,
2019-11-29,34.73,68.46,15.5,0.95,,,3.04,,
2019-11-30,34.72,57.18,15.32,1.02,,,3.21,,
2019-12-01,34.46,58.95,14.4,1.27,,,3.16,,
2019-12-02,34.39,59.43,14.4,1.23,,,2.83,,
2019-12-03,34.35,59.84,14.33,0.9,,,3.34,,
2019-12-04,34.73,54.03,14.78,0.62,,,4.16,,
2019-12-05,34.58,61.51,14.3,0.65,,,4.29,,
2019-12-06,34.26,61.8,13.45,0.76,,,4.26,,
2019-12-07,34.74,63.3,14.46,0.59,,,4.3,,
2019-12-08,35.05,61.38,15.05,0.51,,,4.39,,
2019-12-09,35.14,73.97,15.16,0.52,,,4.51,,
2019-12-10,35.16,71.63,15.36,0.5,,,4.79,,
2019-12-11,34.43,60.05,13.8,0.93,,,4.47,,
2019-12-12,33.94,50.71,12.67,0.96,,,4.33,,
2019-12-13,33.93,51,12.54,0.86,,,4.25,,
2019-12-14,34.31,47.84,13.49,0.69,,,4.1,,
2019-12-15,34.11,53.58,13.14,0.62,,,4.2,,
2019-12-16,34.87,45.24,14.45,0.34,,,4.74,,
2019-12-17,34.56,48.61,13.64,0.48,,,4.71,,
2019-12-18,33.97,55.08,12.52,0.57,,,4.71,,
2019-12-19,34.41,64.72,13.11,0.47,,,4.88,,
2019-12-20,34.06,75.35,11.96,0.65,,,4.91,,
2019-12-21,33.91,91.66,11.51,0.75,,,5.05,,
2019-12-22,33.65,95.47,11.03,0.84,,,5.27,,
2019-12-23,33.44,90.71,10.69,0.99,,,5.59,,
2019-12-24,33.37,88.04,10.65,0.99,,,5.55,,
2019-12-25,33.38,95.18,10.62,1.13,,,5.99,,
2019-12-26,33.29,93.29,10.62,1.17,,,5.71,,
2019-12-27,33.39,81.01,10.73,1.09,,,5.45,,
2019-12-28,33.06,68.67,10.17,0.98,,,4.61,,
2019-12-29,33.47,64,10.78,1.37,,,5.41,,
2019-12-30,33.67,68.47,11.18,1.13,,,4.73,,
2019-12-31,33.89,,11.71,1.06,,,4.78,,